[INTERACTOR → SOLUTION] 25
[INTERACTOR → SOLUTION] 114
[INTERACTOR → SOLUTION] 4 3 25 26 14 17 27 28
[INTERACTOR → SOLUTION] 1 11 38 39 29 26 25 40
[INTERACTOR → SOLUTION] 3 11 47 48 41 39 38 49
[INTERACTOR → SOLUTION] 2 8 14 15 0 5 16 17
[INTERACTOR → SOLUTION] 0 10 29 30 18 15 14 26
[INTERACTOR → SOLUTION] 3 6 41 42 31 30 29 39
[INTERACTOR → SOLUTION] 2 3 50 51 43 42 41 48
[INTERACTOR → SOLUTION] 2 12 0 1 2 3 4 5
[INTERACTOR → SOLUTION] 5 0 18 19 6 1 0 15
[INTERACTOR → SOLUTION] 0 6 31 32 20 19 18 30
[INTERACTOR → SOLUTION] 1 10 43 44 33 32 31 42
[INTERACTOR → SOLUTION] 3 9 52 53 45 44 43 51
[INTERACTOR → SOLUTION] 1 4 6 7 8 9 2 1
[INTERACTOR → SOLUTION] 4 9 20 21 10 7 6 19
[INTERACTOR → SOLUTION] 3 2 33 34 22 21 20 32
[INTERACTOR → SOLUTION] 4 5 45 46 35 34 33 44
[INTERACTOR → SOLUTION] 0 8 10 11 12 13 8 7
[INTERACTOR → SOLUTION] 0 4 22 23 24 11 10 21
[INTERACTOR → SOLUTION] 2 5 35 36 37 23 22 34
[INTERACTOR → SOLUTION] C0 2 45 46
[INTERACTOR → SOLUTION] C1 2 38 49
[INTERACTOR → SOLUTION] C2 2 48 50
[INTERACTOR → SOLUTION] C3 2 8 9
[INTERACTOR → SOLUTION] C4 2 16 17
[INTERACTOR → SOLUTION] C31 8 11 24 25 28 36 37 4 5
[SOLUTION → INTERACTOR] START
[SOLUTION → INTERACTOR] BUILD_DC 14
[SOLUTION → INTERACTOR] BUILD_DC 31
[SOLUTION → INTERACTOR] BUILD_CABLE 14 15
[SOLUTION → INTERACTOR] BUILD_CABLE 31 30
[INTERACTOR → SOLUTION] 6
[INTERACTOR → SOLUTION] 1 0 0 1 0
[SOLUTION → INTERACTOR] 0
[INTERACTOR → SOLUTION] 10
[INTERACTOR → SOLUTION] 2 1 0 1 0
[SOLUTION → INTERACTOR] 1
[SOLUTION → INTERACTOR] BUILD_CABLE 30 29
[INTERACTOR → SOLUTION] 3
[INTERACTOR → SOLUTION] 1 0 0 1 1
[SOLUTION → INTERACTOR] 0
[INTERACTOR → SOLUTION] 7
[INTERACTOR → SOLUTION] 1 0 0 1 1
[SOLUTION → INTERACTOR] 0
[INTERACTOR → SOLUTION] 11
[INTERACTOR → SOLUTION] 1 0 0 1 1
[SOLUTION → INTERACTOR] 0
[INTERACTOR → SOLUTION] 9
[INTERACTOR → SOLUTION] 1 0 0 1 1
[SOLUTION → INTERACTOR] 0
[INTERACTOR → SOLUTION] 8
[INTERACTOR → SOLUTION] 1 0 1 1 1
[SOLUTION → INTERACTOR] 0
[INTERACTOR → SOLUTION] 5
[INTERACTOR → SOLUTION] 1 0 1 1 1
[SOLUTION → INTERACTOR] 0
[INTERACTOR → SOLUTION] 6
[INTERACTOR → SOLUTION] 2 0 1 2 1
[SOLUTION → INTERACTOR] 0
[INTERACTOR → SOLUTION] 12
[INTERACTOR → SOLUTION] 2 0 1 2 1
[SOLUTION → INTERACTOR] 0
[INTERACTOR → SOLUTION] 8
[INTERACTOR → SOLUTION] 2 0 2 2 1
[SOLUTION → INTERACTOR] 0
[INTERACTOR → SOLUTION] 7
[INTERACTOR → SOLUTION] 2 0 2 2 1
[SOLUTION → INTERACTOR] 0
[INTERACTOR → SOLUTION] 4
[INTERACTOR → SOLUTION] 2 0 2 2 1
[SOLUTION → INTERACTOR] 0
[INTERACTOR → SOLUTION] 6
[INTERACTOR → SOLUTION] 3 0 2 3 1
[SOLUTION → INTERACTOR] 0
[INTERACTOR → SOLUTION] 8
[INTERACTOR → SOLUTION] 3 0 3 3 1
[SOLUTION → INTERACTOR] 0
[INTERACTOR → SOLUTION] 6
[INTERACTOR → SOLUTION] 4 0 3 4 1
[SOLUTION → INTERACTOR] 0
[INTERACTOR → SOLUTION] 8
[INTERACTOR → SOLUTION] 4 0 4 4 1
[SOLUTION → INTERACTOR] 0
[INTERACTOR → SOLUTION] 12
[INTERACTOR → SOLUTION] 4 0 4 4 1
[SOLUTION → INTERACTOR] 0
[INTERACTOR → SOLUTION] 10
[INTERACTOR → SOLUTION] 5 1 4 4 1
[SOLUTION → INTERACTOR] 1
[SOLUTION → INTERACTOR] BUILD_DC 29
[INTERACTOR → SOLUTION] 9
[INTERACTOR → SOLUTION] 4 0 3 3 1
[SOLUTION → INTERACTOR] 0
[INTERACTOR → SOLUTION] 10
[INTERACTOR → SOLUTION] 6 1 3 3 1
[SOLUTION → INTERACTOR] 1
[SOLUTION → INTERACTOR] BUILD_CABLE 15 0
[INTERACTOR → SOLUTION] 9
[INTERACTOR → SOLUTION] 5 0 3 3 1
[SOLUTION → INTERACTOR] 0
[INTERACTOR → SOLUTION] 9
[INTERACTOR → SOLUTION] 5 0 3 3 1
[SOLUTION → INTERACTOR] 0
[INTERACTOR → SOLUTION] 3
[INTERACTOR → SOLUTION] 5 0 3 3 2
[SOLUTION → INTERACTOR] 0
[INTERACTOR → SOLUTION] 7
[INTERACTOR → SOLUTION] 5 0 3 3 2
[SOLUTION → INTERACTOR] 0
[INTERACTOR → SOLUTION] 7
[INTERACTOR → SOLUTION] 5 0 3 3 2
[SOLUTION → INTERACTOR] 0
[INTERACTOR → SOLUTION] 8
[INTERACTOR → SOLUTION] 5 0 4 3 2
[SOLUTION → INTERACTOR] 0
[INTERACTOR → SOLUTION] 4
[INTERACTOR → SOLUTION] 5 0 4 3 2
[SOLUTION → INTERACTOR] 0
[INTERACTOR → SOLUTION] 7
[INTERACTOR → SOLUTION] 5 0 4 3 2
[SOLUTION → INTERACTOR] 0
[INTERACTOR → SOLUTION] 9
[INTERACTOR → SOLUTION] 5 0 4 3 2
[SOLUTION → INTERACTOR] 0
[INTERACTOR → SOLUTION] 8
[INTERACTOR → SOLUTION] 5 0 5 3 2
[SOLUTION → INTERACTOR] 0
[INTERACTOR → SOLUTION] 3
[INTERACTOR → SOLUTION] 5 0 5 3 3
[SOLUTION → INTERACTOR] 1
[SOLUTION → INTERACTOR] UPGRADE_DC 31
[INTERACTOR → SOLUTION] 7
[INTERACTOR → SOLUTION] 5 0 5 1 0
[SOLUTION → INTERACTOR] 0
[INTERACTOR → SOLUTION] 4
[INTERACTOR → SOLUTION] 5 0 5 1 0
[SOLUTION → INTERACTOR] 0
[INTERACTOR → SOLUTION] 5
[INTERACTOR → SOLUTION] 5 0 5 1 0
[SOLUTION → INTERACTOR] 0
[INTERACTOR → SOLUTION] 5
[INTERACTOR → SOLUTION] 5 0 5 1 0
[SOLUTION → INTERACTOR] 0
[INTERACTOR → SOLUTION] 5
[INTERACTOR → SOLUTION] 5 0 5 1 0
[SOLUTION → INTERACTOR] 0
[INTERACTOR → SOLUTION] 7
[INTERACTOR → SOLUTION] 5 0 5 1 0
[SOLUTION → INTERACTOR] 0
[INTERACTOR → SOLUTION] 6
[INTERACTOR → SOLUTION] 7 0 5 4 0
[SOLUTION → INTERACTOR] 2
[SOLUTION → INTERACTOR] CONVERT 0 1
[SOLUTION → INTERACTOR] BUILD_DC 0
[INTERACTOR → SOLUTION] 7
[INTERACTOR → SOLUTION] 2 0 4 3 0
[SOLUTION → INTERACTOR] 0
[INTERACTOR → SOLUTION] 3
[INTERACTOR → SOLUTION] 2 0 4 3 1
[SOLUTION → INTERACTOR] 0
[INTERACTOR → SOLUTION] 7
[INTERACTOR → SOLUTION] 2 0 4 3 1
[SOLUTION → INTERACTOR] 0
[INTERACTOR → SOLUTION] 8
[INTERACTOR → SOLUTION] 2 0 6 3 1
[SOLUTION → INTERACTOR] 0
[INTERACTOR → SOLUTION] 5
[INTERACTOR → SOLUTION] 2 0 6 3 1
[SOLUTION → INTERACTOR] 0
[INTERACTOR → SOLUTION] 4
[INTERACTOR → SOLUTION] 2 0 6 3 1
[SOLUTION → INTERACTOR] 0
[INTERACTOR → SOLUTION] 6
[INTERACTOR → SOLUTION] 4 0 6 6 1
[SOLUTION → INTERACTOR] 0
[INTERACTOR → SOLUTION] 7
[INTERACTOR → SOLUTION] 4 0 6 6 1
[SOLUTION → INTERACTOR] 0
[INTERACTOR → SOLUTION] 6
[INTERACTOR → SOLUTION] 6 0 6 9 1
[SOLUTION → INTERACTOR] 0
[INTERACTOR → SOLUTION] 7
[INTERACTOR → SOLUTION] 6 0 6 9 1
[SOLUTION → INTERACTOR] 0
[INTERACTOR → SOLUTION] 7
[INTERACTOR → SOLUTION] 6 0 6 9 1
[SOLUTION → INTERACTOR] 0
[INTERACTOR → SOLUTION] 9
[INTERACTOR → SOLUTION] 6 0 6 9 1
[SOLUTION → INTERACTOR] 0
[INTERACTOR → SOLUTION] 9
[INTERACTOR → SOLUTION] 6 0 6 9 1
[SOLUTION → INTERACTOR] 0
[INTERACTOR → SOLUTION] 4
[INTERACTOR → SOLUTION] 6 0 6 9 1
[SOLUTION → INTERACTOR] 0
[INTERACTOR → SOLUTION] 8
[INTERACTOR → SOLUTION] 6 0 8 9 1
[SOLUTION → INTERACTOR] 2
[SOLUTION → INTERACTOR] CONVERT 2 1
[SOLUTION → INTERACTOR] BUILD_CABLE 15 18
[INTERACTOR → SOLUTION] 6
[INTERACTOR → SOLUTION] 7 0 4 12 1
[SOLUTION → INTERACTOR] 2
[SOLUTION → INTERACTOR] CONVERT 0 1
[SOLUTION → INTERACTOR] BUILD_DC 18
[INTERACTOR → SOLUTION] 11
[INTERACTOR → SOLUTION] 2 1 3 11 1
[SOLUTION → INTERACTOR] 1
[SOLUTION → INTERACTOR] BUILD_CABLE 14 26
[INTERACTOR → SOLUTION] 6
[INTERACTOR → SOLUTION] 4 0 3 14 1
[SOLUTION → INTERACTOR] 0
[INTERACTOR → SOLUTION] 6
[INTERACTOR → SOLUTION] 7 0 3 17 1
[SOLUTION → INTERACTOR] 2
[SOLUTION → INTERACTOR] CONVERT 0 1
[SOLUTION → INTERACTOR] BUILD_CABLE 26 25
[INTERACTOR → SOLUTION] 8
[INTERACTOR → SOLUTION] 2 0 5 17 1
[SOLUTION → INTERACTOR] 0
[INTERACTOR → SOLUTION] 9
[INTERACTOR → SOLUTION] 2 0 5 17 1
[SOLUTION → INTERACTOR] 0
[INTERACTOR → SOLUTION] 10
[INTERACTOR → SOLUTION] 5 2 5 17 1
[SOLUTION → INTERACTOR] 2
[SOLUTION → INTERACTOR] BUILD_DC 25
[SOLUTION → INTERACTOR] BUILD_CABLE 0 5
[INTERACTOR → SOLUTION] 5
[INTERACTOR → SOLUTION] 3 0 4 16 1
[SOLUTION → INTERACTOR] 0
[INTERACTOR → SOLUTION] 4
[INTERACTOR → SOLUTION] 3 0 4 16 1
[SOLUTION → INTERACTOR] 0
[INTERACTOR → SOLUTION] 9
[INTERACTOR → SOLUTION] 3 0 4 16 1
[SOLUTION → INTERACTOR] 0
[INTERACTOR → SOLUTION] 7
[INTERACTOR → SOLUTION] 3 0 4 16 1
[SOLUTION → INTERACTOR] 0
[INTERACTOR → SOLUTION] 7
[INTERACTOR → SOLUTION] 3 0 4 16 1
[SOLUTION → INTERACTOR] 0
[INTERACTOR → SOLUTION] 5
[INTERACTOR → SOLUTION] 3 0 4 16 1
[SOLUTION → INTERACTOR] 0
[INTERACTOR → SOLUTION] 11
[INTERACTOR → SOLUTION] 3 2 4 16 1
[SOLUTION → INTERACTOR] 2
[SOLUTION → INTERACTOR] BUILD_CABLE 5 4
[SOLUTION → INTERACTOR] BUILD_DC 4
[INTERACTOR → SOLUTION] 5
[INTERACTOR → SOLUTION] 1 0 3 15 1
[SOLUTION → INTERACTOR] 0
[INTERACTOR → SOLUTION] 5
[INTERACTOR → SOLUTION] 1 0 3 15 1
[SOLUTION → INTERACTOR] 0
[INTERACTOR → SOLUTION] 8
[INTERACTOR → SOLUTION] 1 0 5 15 1
[SOLUTION → INTERACTOR] 0
[INTERACTOR → SOLUTION] 5
[INTERACTOR → SOLUTION] 1 0 5 15 1
[SOLUTION → INTERACTOR] 0
[INTERACTOR → SOLUTION] 3
[INTERACTOR → SOLUTION] 1 0 5 15 3
[SOLUTION → INTERACTOR] 1
[SOLUTION → INTERACTOR] UPGRADE_DC 14
[INTERACTOR → SOLUTION] 9
[INTERACTOR → SOLUTION] 1 0 5 13 0
[SOLUTION → INTERACTOR] 0
[INTERACTOR → SOLUTION] 10
[INTERACTOR → SOLUTION] 5 2 5 13 0
[SOLUTION → INTERACTOR] 2
[SOLUTION → INTERACTOR] BUILD_CABLE 5 16
[SOLUTION → INTERACTOR] BUILD_DC 16
[INTERACTOR → SOLUTION] 10
[INTERACTOR → SOLUTION] 7 2 4 12 0
[SOLUTION → INTERACTOR] 2
[SOLUTION → INTERACTOR] BUILD_CABLE 18 19
[SOLUTION → INTERACTOR] BUILD_CABLE 19 20
[INTERACTOR → SOLUTION] 6
[INTERACTOR → SOLUTION] 8 0 4 15 0
[SOLUTION → INTERACTOR] 2
[SOLUTION → INTERACTOR] CONVERT 0 1
[SOLUTION → INTERACTOR] BUILD_DC 20
[INTERACTOR → SOLUTION] 7
[INTERACTOR → SOLUTION] 4 0 3 14 0
[SOLUTION → INTERACTOR] 0
[INTERACTOR → SOLUTION] 9
[INTERACTOR → SOLUTION] 4 0 3 14 1
[SOLUTION → INTERACTOR] 0
[INTERACTOR → SOLUTION] 6
[INTERACTOR → SOLUTION] 8 0 3 17 1
[SOLUTION → INTERACTOR] 2
[SOLUTION → INTERACTOR] CONVERT 0 1
[SOLUTION → INTERACTOR] BUILD_CABLE 19 6
[INTERACTOR → SOLUTION] 9
[INTERACTOR → SOLUTION] 4 0 3 17 2
[SOLUTION → INTERACTOR] 0
[INTERACTOR → SOLUTION] 11
[INTERACTOR → SOLUTION] 4 2 3 17 2
[SOLUTION → INTERACTOR] 2
[SOLUTION → INTERACTOR] BUILD_DC 6
[SOLUTION → INTERACTOR] BUILD_CABLE 6 7
[INTERACTOR → SOLUTION] 8
[INTERACTOR → SOLUTION] 2 0 6 16 2
[SOLUTION → INTERACTOR] 2
[SOLUTION → INTERACTOR] CONVERT 2 1
[SOLUTION → INTERACTOR] BUILD_CABLE 7 10
[INTERACTOR → SOLUTION] 10
[INTERACTOR → SOLUTION] 5 2 3 16 2
[SOLUTION → INTERACTOR] 2
[SOLUTION → INTERACTOR] BUILD_DC 10
[SOLUTION → INTERACTOR] BUILD_CABLE 7 8
[INTERACTOR → SOLUTION] 11
[INTERACTOR → SOLUTION] 3 2 2 15 2
[SOLUTION → INTERACTOR] 2
[SOLUTION → INTERACTOR] BUILD_DC 8
[SOLUTION → INTERACTOR] BUILD_CABLE 10 11
[INTERACTOR → SOLUTION] 7
[INTERACTOR → SOLUTION] 1 0 1 14 2
[SOLUTION → INTERACTOR] 0
[INTERACTOR → SOLUTION] 6
[INTERACTOR → SOLUTION] 5 0 1 17 2
[SOLUTION → INTERACTOR] 0
[INTERACTOR → SOLUTION] 3
[INTERACTOR → SOLUTION] 5 0 1 17 5
[SOLUTION → INTERACTOR] 1
[SOLUTION → INTERACTOR] UPGRADE_DC 10
[INTERACTOR → SOLUTION] 10
[INTERACTOR → SOLUTION] 9 2 1 15 2
[SOLUTION → INTERACTOR] 4
[SOLUTION → INTERACTOR] BUILD_CABLE 11 24
[SOLUTION → INTERACTOR] BUILD_DC 24
[SOLUTION → INTERACTOR] CONVERT 0 1
[SOLUTION → INTERACTOR] BUILD_CABLE 24 23
[INTERACTOR → SOLUTION] 3
[INTERACTOR → SOLUTION] 3 0 0 14 5
[SOLUTION → INTERACTOR] 1
[SOLUTION → INTERACTOR] UPGRADE_DC 29
[INTERACTOR → SOLUTION] 7
[INTERACTOR → SOLUTION] 3 0 0 12 2
[SOLUTION → INTERACTOR] 0
[INTERACTOR → SOLUTION] 5
[INTERACTOR → SOLUTION] 3 0 0 12 2
[SOLUTION → INTERACTOR] 0
[INTERACTOR → SOLUTION] 6
[INTERACTOR → SOLUTION] 7 0 0 16 2
[SOLUTION → INTERACTOR] 2
[SOLUTION → INTERACTOR] CONVERT 0 1
[SOLUTION → INTERACTOR] BUILD_CABLE 23 37
[INTERACTOR → SOLUTION] 6
[INTERACTOR → SOLUTION] 7 0 0 20 2
[SOLUTION → INTERACTOR] 2
[SOLUTION → INTERACTOR] CONVERT 0 1
[SOLUTION → INTERACTOR] BUILD_CABLE 37 36
[INTERACTOR → SOLUTION] 4
[INTERACTOR → SOLUTION] 6 2 0 20 2
[SOLUTION → INTERACTOR] 3
[SOLUTION → INTERACTOR] CONVERT 0 2
[SOLUTION → INTERACTOR] BUILD_DC 36
[SOLUTION → INTERACTOR] BUILD_CABLE 23 22
[INTERACTOR → SOLUTION] 3
[INTERACTOR → SOLUTION] 1 0 0 19 5
[SOLUTION → INTERACTOR] 1
[SOLUTION → INTERACTOR] UPGRADE_DC 20
[INTERACTOR → SOLUTION] 4
[INTERACTOR → SOLUTION] 4 2 0 17 2
[SOLUTION → INTERACTOR] 2
[SOLUTION → INTERACTOR] BUILD_CABLE 22 34
[SOLUTION → INTERACTOR] BUILD_CABLE 34 33
[INTERACTOR → SOLUTION] 7
[INTERACTOR → SOLUTION] 2 0 0 17 2
[SOLUTION → INTERACTOR] 0
[INTERACTOR → SOLUTION] 7
[INTERACTOR → SOLUTION] 2 0 0 17 2
[SOLUTION → INTERACTOR] 0
[INTERACTOR → SOLUTION] 4
[INTERACTOR → SOLUTION] 5 2 0 17 2
[SOLUTION → INTERACTOR] 2
[SOLUTION → INTERACTOR] BUILD_CABLE 33 44
[SOLUTION → INTERACTOR] BUILD_CABLE 44 43
[INTERACTOR → SOLUTION] 3
[INTERACTOR → SOLUTION] 3 0 0 17 5
[SOLUTION → INTERACTOR] 1
[SOLUTION → INTERACTOR] UPGRADE_DC 18
[INTERACTOR → SOLUTION] 6
[INTERACTOR → SOLUTION] 9 0 0 19 2
[SOLUTION → INTERACTOR] 3
[SOLUTION → INTERACTOR] CONVERT 0 1
[SOLUTION → INTERACTOR] CONVERT 0 2
[SOLUTION → INTERACTOR] BUILD_DC 44
[INTERACTOR → SOLUTION] 8
[INTERACTOR → SOLUTION] 5 0 4 18 2
[SOLUTION → INTERACTOR] 0
[INTERACTOR → SOLUTION] 11
[INTERACTOR → SOLUTION] 5 3 4 18 2
[SOLUTION → INTERACTOR] 3
[SOLUTION → INTERACTOR] BUILD_DC 34
[SOLUTION → INTERACTOR] BUILD_CABLE 43 51
[SOLUTION → INTERACTOR] BUILD_DC 51
[INTERACTOR → SOLUTION] 9
[INTERACTOR → SOLUTION] 2 0 2 18 7
[SOLUTION → INTERACTOR] 2
[SOLUTION → INTERACTOR] UPGRADE_DC 44
[SOLUTION → INTERACTOR] UPGRADE_DC 34
[INTERACTOR → SOLUTION] 7
[INTERACTOR → SOLUTION] 2 0 2 14 1
[SOLUTION → INTERACTOR] 0
[INTERACTOR → SOLUTION] 9
[INTERACTOR → SOLUTION] 2 0 2 17 6
[SOLUTION → INTERACTOR] 2
[SOLUTION → INTERACTOR] UPGRADE_DC 8
[SOLUTION → INTERACTOR] UPGRADE_DC 6
[INTERACTOR → SOLUTION] 8
[INTERACTOR → SOLUTION] 6 0 6 13 0
[SOLUTION → INTERACTOR] 1
[SOLUTION → INTERACTOR] CONVERT 0 1
[INTERACTOR → SOLUTION] 7
[INTERACTOR → SOLUTION] 3 1 6 13 0
[SOLUTION → INTERACTOR] 0
[INTERACTOR → SOLUTION] 8
[INTERACTOR → SOLUTION] 7 1 10 13 0
[SOLUTION → INTERACTOR] 0
[INTERACTOR → SOLUTION] 8
[INTERACTOR → SOLUTION] 11 1 14 13 0
[SOLUTION → INTERACTOR] 0
[INTERACTOR → SOLUTION] 6
[INTERACTOR → SOLUTION] 17 1 14 17 0
[SOLUTION → INTERACTOR] 1
[SOLUTION → INTERACTOR] CONVERT 0 4
[INTERACTOR → SOLUTION] 9
[INTERACTOR → SOLUTION] 14 1 14 20 7
[SOLUTION → INTERACTOR] 2
[SOLUTION → INTERACTOR] UPGRADE_DC 51
[SOLUTION → INTERACTOR] UPGRADE_DC 0
[INTERACTOR → SOLUTION] 6
[INTERACTOR → SOLUTION] 20 1 14 20 1
[SOLUTION → INTERACTOR] 3
[SOLUTION → INTERACTOR] CONVERT 0 4
[SOLUTION → INTERACTOR] CONVERT 0 4
[SOLUTION → INTERACTOR] UPGRADE_DC 16
[INTERACTOR → SOLUTION] 99
[INTERACTOR → SOLUTION] 2 11 25 26 14 17 27 28
[INTERACTOR → SOLUTION] 0 4 38 39 29 26 25 40
[INTERACTOR → SOLUTION] 4 5 47 48 41 39 38 49
[INTERACTOR → SOLUTION] 0 10 14 15 0 5 16 17
[INTERACTOR → SOLUTION] 4 6 29 30 18 15 14 26
[INTERACTOR → SOLUTION] 2 2 41 42 31 30 29 39
[INTERACTOR → SOLUTION] 3 6 50 51 43 42 41 48
[INTERACTOR → SOLUTION] 2 11 0 1 2 3 4 5
[INTERACTOR → SOLUTION] 3 8 18 19 6 1 0 15
[INTERACTOR → SOLUTION] 0 9 31 32 20 19 18 30
[INTERACTOR → SOLUTION] 0 3 43 44 33 32 31 42
[INTERACTOR → SOLUTION] 1 5 52 53 45 44 43 51
[INTERACTOR → SOLUTION] 3 3 6 7 8 9 2 1
[INTERACTOR → SOLUTION] 4 8 20 21 10 7 6 19
[INTERACTOR → SOLUTION] 5 0 33 34 22 21 20 32
[INTERACTOR → SOLUTION] 1 12 45 46 35 34 33 44
[INTERACTOR → SOLUTION] 2 10 10 11 12 13 8 7
[INTERACTOR → SOLUTION] 1 4 22 23 24 11 10 21
[INTERACTOR → SOLUTION] 3 9 35 36 37 23 22 34
[INTERACTOR → SOLUTION] C0 2 35 36
[INTERACTOR → SOLUTION] C1 2 45 46
[INTERACTOR → SOLUTION] C2 2 47 49
[INTERACTOR → SOLUTION] C3 2 23 37
[INTERACTOR → SOLUTION] C4 2 17 27
[INTERACTOR → SOLUTION] C31 8 38 40 8 9 48 50 11 12
[SOLUTION → INTERACTOR] START
[SOLUTION → INTERACTOR] BUILD_DC 0
[SOLUTION → INTERACTOR] BUILD_DC 10
[SOLUTION → INTERACTOR] BUILD_CABLE 0 15
[SOLUTION → INTERACTOR] BUILD_CABLE 10 7
[INTERACTOR → SOLUTION] 7
[INTERACTOR → SOLUTION] 0 0 0 0 0
[SOLUTION → INTERACTOR] 0
[INTERACTOR → SOLUTION] 7
[INTERACTOR → SOLUTION] 0 0 0 0 0
[SOLUTION → INTERACTOR] 0
[INTERACTOR → SOLUTION] 9
[INTERACTOR → SOLUTION] 0 0 0 0 0
[SOLUTION → INTERACTOR] 0
[INTERACTOR → SOLUTION] 4
[INTERACTOR → SOLUTION] 0 1 0 0 0
[SOLUTION → INTERACTOR] 0
[INTERACTOR → SOLUTION] 8
[INTERACTOR → SOLUTION] 0 1 0 1 1
[SOLUTION → INTERACTOR] 0
[INTERACTOR → SOLUTION] 11
[INTERACTOR → SOLUTION] 0 1 1 1 1
[SOLUTION → INTERACTOR] 0
[INTERACTOR → SOLUTION] 6
[INTERACTOR → SOLUTION] 0 1 1 1 1
[SOLUTION → INTERACTOR] 0
[INTERACTOR → SOLUTION] 3
[INTERACTOR → SOLUTION] 0 1 1 1 1
[SOLUTION → INTERACTOR] 0
[INTERACTOR → SOLUTION] 7
[INTERACTOR → SOLUTION] 0 1 1 1 1
[SOLUTION → INTERACTOR] 0
[INTERACTOR → SOLUTION] 12
[INTERACTOR → SOLUTION] 0 1 1 1 1
[SOLUTION → INTERACTOR] 0
[INTERACTOR → SOLUTION] 5
[INTERACTOR → SOLUTION] 0 1 1 1 1
[SOLUTION → INTERACTOR] 0
[INTERACTOR → SOLUTION] 9
[INTERACTOR → SOLUTION] 0 1 1 1 1
[SOLUTION → INTERACTOR] 0
[INTERACTOR → SOLUTION] 9
[INTERACTOR → SOLUTION] 0 1 1 1 1
[SOLUTION → INTERACTOR] 0
[INTERACTOR → SOLUTION] 4
[INTERACTOR → SOLUTION] 0 2 1 1 1
[SOLUTION → INTERACTOR] 0
[INTERACTOR → SOLUTION] 5
[INTERACTOR → SOLUTION] 0 2 1 1 1
[SOLUTION → INTERACTOR] 0
[INTERACTOR → SOLUTION] 6
[INTERACTOR → SOLUTION] 0 2 1 1 1
[SOLUTION → INTERACTOR] 0
[INTERACTOR → SOLUTION] 9
[INTERACTOR → SOLUTION] 0 2 1 1 1
[SOLUTION → INTERACTOR] 0
[INTERACTOR → SOLUTION] 2
[INTERACTOR → SOLUTION] 0 2 1 1 1
[SOLUTION → INTERACTOR] 0
[INTERACTOR → SOLUTION] 12
[INTERACTOR → SOLUTION] 0 2 1 1 1
[SOLUTION → INTERACTOR] 0
[INTERACTOR → SOLUTION] 12
[INTERACTOR → SOLUTION] 0 2 1 1 1
[SOLUTION → INTERACTOR] 0
[INTERACTOR → SOLUTION] 2
[INTERACTOR → SOLUTION] 0 2 1 1 1
[SOLUTION → INTERACTOR] 0
[INTERACTOR → SOLUTION] 7
[INTERACTOR → SOLUTION] 0 2 1 1 1
[SOLUTION → INTERACTOR] 0
[INTERACTOR → SOLUTION] 3
[INTERACTOR → SOLUTION] 0 2 1 1 1
[SOLUTION → INTERACTOR] 0
[INTERACTOR → SOLUTION] 9
[INTERACTOR → SOLUTION] 0 2 1 1 1
[SOLUTION → INTERACTOR] 0
[INTERACTOR → SOLUTION] 7
[INTERACTOR → SOLUTION] 0 2 1 1 1
[SOLUTION → INTERACTOR] 0
[INTERACTOR → SOLUTION] 10
[INTERACTOR → SOLUTION] 1 2 2 1 1
[SOLUTION → INTERACTOR] 1
[SOLUTION → INTERACTOR] BUILD_CABLE 7 8
[INTERACTOR → SOLUTION] 4
[INTERACTOR → SOLUTION] 0 2 2 1 1
[SOLUTION → INTERACTOR] 0
[INTERACTOR → SOLUTION] 6
[INTERACTOR → SOLUTION] 0 2 2 1 1
[SOLUTION → INTERACTOR] 0
[INTERACTOR → SOLUTION] 7
[INTERACTOR → SOLUTION] 0 2 2 1 1
[SOLUTION → INTERACTOR] 0
[INTERACTOR → SOLUTION] 2
[INTERACTOR → SOLUTION] 0 2 2 1 1
[SOLUTION → INTERACTOR] 0
[INTERACTOR → SOLUTION] 9
[INTERACTOR → SOLUTION] 0 2 2 1 1
[SOLUTION → INTERACTOR] 0
[INTERACTOR → SOLUTION] 4
[INTERACTOR → SOLUTION] 0 3 2 1 1
[SOLUTION → INTERACTOR] 0
[INTERACTOR → SOLUTION] 8
[INTERACTOR → SOLUTION] 0 3 2 2 2
[SOLUTION → INTERACTOR] 0
[INTERACTOR → SOLUTION] 7
[INTERACTOR → SOLUTION] 0 3 2 2 2
[SOLUTION → INTERACTOR] 0
[INTERACTOR → SOLUTION] 5
[INTERACTOR → SOLUTION] 0 3 2 2 2
[SOLUTION → INTERACTOR] 0
[INTERACTOR → SOLUTION] 5
[INTERACTOR → SOLUTION] 0 3 2 2 2
[SOLUTION → INTERACTOR] 0
[INTERACTOR → SOLUTION] 10
[INTERACTOR → SOLUTION] 1 3 3 2 2
[SOLUTION → INTERACTOR] 1
[SOLUTION → INTERACTOR] BUILD_DC 8
[INTERACTOR → SOLUTION] 9
[INTERACTOR → SOLUTION] 0 2 2 1 2
[SOLUTION → INTERACTOR] 0
[INTERACTOR → SOLUTION] 8
[INTERACTOR → SOLUTION] 0 2 2 2 3
[SOLUTION → INTERACTOR] 1
[SOLUTION → INTERACTOR] UPGRADE_DC 10
[INTERACTOR → SOLUTION] 5
[INTERACTOR → SOLUTION] 0 2 2 0 0
[SOLUTION → INTERACTOR] 0
[INTERACTOR → SOLUTION] 9
[INTERACTOR → SOLUTION] 0 2 2 0 0
[SOLUTION → INTERACTOR] 0
[INTERACTOR → SOLUTION] 6
[INTERACTOR → SOLUTION] 0 2 2 0 0
[SOLUTION → INTERACTOR] 0
[INTERACTOR → SOLUTION] 7
[INTERACTOR → SOLUTION] 0 2 2 0 0
[SOLUTION → INTERACTOR] 0
[INTERACTOR → SOLUTION] 5
[INTERACTOR → SOLUTION] 0 2 2 0 0
[SOLUTION → INTERACTOR] 0
[INTERACTOR → SOLUTION] 7
[INTERACTOR → SOLUTION] 0 2 2 0 0
[SOLUTION → INTERACTOR] 0
[INTERACTOR → SOLUTION] 8
[INTERACTOR → SOLUTION] 0 2 2 1 2
[SOLUTION → INTERACTOR] 0
[INTERACTOR → SOLUTION] 4
[INTERACTOR → SOLUTION] 0 4 2 1 2
[SOLUTION → INTERACTOR] 0
[INTERACTOR → SOLUTION] 9
[INTERACTOR → SOLUTION] 0 4 2 1 2
[SOLUTION → INTERACTOR] 0
[INTERACTOR → SOLUTION] 9
[INTERACTOR → SOLUTION] 0 4 2 1 2
[SOLUTION → INTERACTOR] 0
[INTERACTOR → SOLUTION] 8
[INTERACTOR → SOLUTION] 0 4 2 2 4
[SOLUTION → INTERACTOR] 1
[SOLUTION → INTERACTOR] UPGRADE_DC 0
[INTERACTOR → SOLUTION] 7
[INTERACTOR → SOLUTION] 0 4 2 0 1
[SOLUTION → INTERACTOR] 0
[INTERACTOR → SOLUTION] 7
[INTERACTOR → SOLUTION] 0 4 2 0 1
[SOLUTION → INTERACTOR] 0
[INTERACTOR → SOLUTION] 5
[INTERACTOR → SOLUTION] 0 4 2 0 1
[SOLUTION → INTERACTOR] 0
[INTERACTOR → SOLUTION] 5
[INTERACTOR → SOLUTION] 0 4 2 0 1
[SOLUTION → INTERACTOR] 0
[INTERACTOR → SOLUTION] 11
[INTERACTOR → SOLUTION] 0 4 4 0 1
[SOLUTION → INTERACTOR] 0
[INTERACTOR → SOLUTION] 10
[INTERACTOR → SOLUTION] 2 4 7 0 1
[SOLUTION → INTERACTOR] 3
[SOLUTION → INTERACTOR] CONVERT 2 3
[SOLUTION → INTERACTOR] BUILD_CABLE 15 18
[SOLUTION → INTERACTOR] BUILD_DC 18
[INTERACTOR → SOLUTION] 7
[INTERACTOR → SOLUTION] 0 2 3 0 1
[SOLUTION → INTERACTOR] 0
[INTERACTOR → SOLUTION] 7
[INTERACTOR → SOLUTION] 0 2 3 0 1
[SOLUTION → INTERACTOR] 0
[INTERACTOR → SOLUTION] 5
[INTERACTOR → SOLUTION] 0 2 3 0 1
[SOLUTION → INTERACTOR] 0
[INTERACTOR → SOLUTION] 4
[INTERACTOR → SOLUTION] 0 4 3 0 1
[SOLUTION → INTERACTOR] 0
[INTERACTOR → SOLUTION] 6
[INTERACTOR → SOLUTION] 0 4 3 0 2
[SOLUTION → INTERACTOR] 0
[INTERACTOR → SOLUTION] 6
[INTERACTOR → SOLUTION] 0 4 3 0 3
[SOLUTION → INTERACTOR] 0
[INTERACTOR → SOLUTION] 6
[INTERACTOR → SOLUTION] 0 4 3 0 4
[SOLUTION → INTERACTOR] 0
[INTERACTOR → SOLUTION] 7
[INTERACTOR → SOLUTION] 0 4 3 0 4
[SOLUTION → INTERACTOR] 0
[INTERACTOR → SOLUTION] 5
[INTERACTOR → SOLUTION] 0 4 3 0 4
[SOLUTION → INTERACTOR] 0
[INTERACTOR → SOLUTION] 5
[INTERACTOR → SOLUTION] 0 4 3 0 4
[SOLUTION → INTERACTOR] 0
[INTERACTOR → SOLUTION] 7
[INTERACTOR → SOLUTION] 0 4 3 0 4
[SOLUTION → INTERACTOR] 0
[INTERACTOR → SOLUTION] 9
[INTERACTOR → SOLUTION] 1 4 3 0 4
[SOLUTION → INTERACTOR] 1
[SOLUTION → INTERACTOR] BUILD_CABLE 7 6
[INTERACTOR → SOLUTION] 9
[INTERACTOR → SOLUTION] 1 3 3 0 4
[SOLUTION → INTERACTOR] 1
[SOLUTION → INTERACTOR] BUILD_CABLE 15 14
[INTERACTOR → SOLUTION] 5
[INTERACTOR → SOLUTION] 0 2 3 0 4
[SOLUTION → INTERACTOR] 0
[INTERACTOR → SOLUTION] 7
[INTERACTOR → SOLUTION] 0 2 3 0 4
[SOLUTION → INTERACTOR] 0
[INTERACTOR → SOLUTION] 9
[INTERACTOR → SOLUTION] 1 2 3 0 4
[SOLUTION → INTERACTOR] 1
[SOLUTION → INTERACTOR] BUILD_CABLE 14 26
[INTERACTOR → SOLUTION] 7
[INTERACTOR → SOLUTION] 0 1 3 0 4
[SOLUTION → INTERACTOR] 0
[INTERACTOR → SOLUTION] 5
[INTERACTOR → SOLUTION] 0 1 3 0 4
[SOLUTION → INTERACTOR] 0
[INTERACTOR → SOLUTION] 4
[INTERACTOR → SOLUTION] 0 3 3 0 4
[SOLUTION → INTERACTOR] 0
[INTERACTOR → SOLUTION] 10
[INTERACTOR → SOLUTION] 2 3 6 0 4
[SOLUTION → INTERACTOR] 3
[SOLUTION → INTERACTOR] CONVERT 2 3
[SOLUTION → INTERACTOR] BUILD_DC 6
[SOLUTION → INTERACTOR] BUILD_CABLE 26 29
[INTERACTOR → SOLUTION] 12
[INTERACTOR → SOLUTION] 0 1 2 0 4
[SOLUTION → INTERACTOR] 0
[INTERACTOR → SOLUTION] 4
[INTERACTOR → SOLUTION] 0 3 2 0 4
[SOLUTION → INTERACTOR] 0
[INTERACTOR → SOLUTION] 2
[INTERACTOR → SOLUTION] 0 3 2 0 4
[SOLUTION → INTERACTOR] 0
[INTERACTOR → SOLUTION] 10
[INTERACTOR → SOLUTION] 2 3 5 0 4
[SOLUTION → INTERACTOR] 2
[SOLUTION → INTERACTOR] BUILD_CABLE 29 39
[SOLUTION → INTERACTOR] BUILD_CABLE 39 38
[INTERACTOR → SOLUTION] 3
[INTERACTOR → SOLUTION] 0 1 5 2 4
[SOLUTION → INTERACTOR] 0
[INTERACTOR → SOLUTION] 9
[INTERACTOR → SOLUTION] 1 1 5 2 4
[SOLUTION → INTERACTOR] 1
[SOLUTION → INTERACTOR] BUILD_DC 14
[INTERACTOR → SOLUTION] 6
[INTERACTOR → SOLUTION] 0 0 4 1 6
[SOLUTION → INTERACTOR] 0
[INTERACTOR → SOLUTION] 11
[INTERACTOR → SOLUTION] 0 0 7 1 6
[SOLUTION → INTERACTOR] 1
[SOLUTION → INTERACTOR] CONVERT 2 0
[INTERACTOR → SOLUTION] 6
[INTERACTOR → SOLUTION] 1 0 4 1 8
[SOLUTION → INTERACTOR] 0
[INTERACTOR → SOLUTION] 6
[INTERACTOR → SOLUTION] 1 0 4 1 10
[SOLUTION → INTERACTOR] 0
[INTERACTOR → SOLUTION] 4
[INTERACTOR → SOLUTION] 1 2 4 1 10
[SOLUTION → INTERACTOR] 2
[SOLUTION → INTERACTOR] BUILD_DC 29
[SOLUTION → INTERACTOR] CONVERT 4 3
[INTERACTOR → SOLUTION] 5
[INTERACTOR → SOLUTION] 0 1 3 1 7
[SOLUTION → INTERACTOR] 0
[INTERACTOR → SOLUTION] 8
[INTERACTOR → SOLUTION] 0 1 3 5 10
[SOLUTION → INTERACTOR] 2
[SOLUTION → INTERACTOR] UPGRADE_DC 18
[SOLUTION → INTERACTOR] UPGRADE_DC 6
[INTERACTOR → SOLUTION] 8
[INTERACTOR → SOLUTION] 0 1 3 7 8
[SOLUTION → INTERACTOR] 2
[SOLUTION → INTERACTOR] UPGRADE_DC 14
[SOLUTION → INTERACTOR] UPGRADE_DC 29
[INTERACTOR → SOLUTION] 7
[INTERACTOR → SOLUTION] 0 1 3 3 2
[SOLUTION → INTERACTOR] 0
[INTERACTOR → SOLUTION] 7
[INTERACTOR → SOLUTION] 0 1 3 3 2
[SOLUTION → INTERACTOR] 0
[INTERACTOR → SOLUTION] 6
[INTERACTOR → SOLUTION] 0 1 3 3 8
[SOLUTION → INTERACTOR] 1
[SOLUTION → INTERACTOR] UPGRADE_DC 8
[INTERACTOR → SOLUTION] 10
[INTERACTOR → SOLUTION] 4 1 7 1 5
[SOLUTION → INTERACTOR] 2
[SOLUTION → INTERACTOR] BUILD_DC 38
[SOLUTION → INTERACTOR] CONVERT 2 1
[INTERACTOR → SOLUTION] 8
[INTERACTOR → SOLUTION] 3 1 3 6 9
[SOLUTION → INTERACTOR] 2
[SOLUTION → INTERACTOR] UPGRADE_DC 38
[SOLUTION → INTERACTOR] UPGRADE_DC 18
[INTERACTOR → SOLUTION] 6
[INTERACTOR → SOLUTION] 3 1 3 1 9
[SOLUTION → INTERACTOR] 0
[INTERACTOR → SOLUTION] 7
[INTERACTOR → SOLUTION] 3 1 3 1 9
[SOLUTION → INTERACTOR] 0
[INTERACTOR → SOLUTION] 7
[INTERACTOR → SOLUTION] 3 1 3 1 9
[SOLUTION → INTERACTOR] 0
[INTERACTOR → SOLUTION] 11
[INTERACTOR → SOLUTION] 3 1 7 1 9
[SOLUTION → INTERACTOR] 0
[INTERACTOR → SOLUTION] 93
[INTERACTOR → SOLUTION] 0 6 25 26 14 17 27 28
[INTERACTOR → SOLUTION] 5 0 38 39 29 26 25 40
[INTERACTOR → SOLUTION] 0 2 47 48 41 39 38 49
[INTERACTOR → SOLUTION] 2 12 14 15 0 5 16 17
[INTERACTOR → SOLUTION] 2 6 29 30 18 15 14 26
[INTERACTOR → SOLUTION] 2 5 41 42 31 30 29 39
[INTERACTOR → SOLUTION] 1 3 50 51 43 42 41 48
[INTERACTOR → SOLUTION] 4 4 0 1 2 3 4 5
[INTERACTOR → SOLUTION] 3 9 18 19 6 1 0 15
[INTERACTOR → SOLUTION] 0 11 31 32 20 19 18 30
[INTERACTOR → SOLUTION] 1 11 43 44 33 32 31 42
[INTERACTOR → SOLUTION] 0 8 52 53 45 44 43 51
[INTERACTOR → SOLUTION] 2 10 6 7 8 9 2 1
[INTERACTOR → SOLUTION] 1 3 20 21 10 7 6 19
[INTERACTOR → SOLUTION] 3 9 33 34 22 21 20 32
[INTERACTOR → SOLUTION] 4 5 45 46 35 34 33 44
[INTERACTOR → SOLUTION] 3 4 10 11 12 13 8 7
[INTERACTOR → SOLUTION] 4 8 22 23 24 11 10 21
[INTERACTOR → SOLUTION] 3 10 35 36 37 23 22 34
[INTERACTOR → SOLUTION] C0 2 38 40
[INTERACTOR → SOLUTION] C1 2 48 50
[INTERACTOR → SOLUTION] C2 2 25 28
[INTERACTOR → SOLUTION] C3 2 52 53
[INTERACTOR → SOLUTION] C4 2 11 24
[INTERACTOR → SOLUTION] C31 8 3 4 45 46 23 37 2 9
[SOLUTION → INTERACTOR] START
[SOLUTION → INTERACTOR] BUILD_DC 18
[SOLUTION → INTERACTOR] BUILD_DC 43
[SOLUTION → INTERACTOR] BUILD_CABLE 18 30
[SOLUTION → INTERACTOR] BUILD_CABLE 43 44
[INTERACTOR → SOLUTION] 6
[INTERACTOR → SOLUTION] 0 0 1 0 0
[SOLUTION → INTERACTOR] 0
[INTERACTOR → SOLUTION] 3
[INTERACTOR → SOLUTION] 0 1 1 0 0
[SOLUTION → INTERACTOR] 0
[INTERACTOR → SOLUTION] 2
[INTERACTOR → SOLUTION] 0 1 1 0 0
[SOLUTION → INTERACTOR] 0
[INTERACTOR → SOLUTION] 9
[INTERACTOR → SOLUTION] 0 1 1 1 0
[SOLUTION → INTERACTOR] 0
[INTERACTOR → SOLUTION] 7
[INTERACTOR → SOLUTION] 0 1 1 1 0
[SOLUTION → INTERACTOR] 0
[INTERACTOR → SOLUTION] 7
[INTERACTOR → SOLUTION] 0 1 1 1 0
[SOLUTION → INTERACTOR] 0
[INTERACTOR → SOLUTION] 7
[INTERACTOR → SOLUTION] 0 1 1 1 0
[SOLUTION → INTERACTOR] 0
[INTERACTOR → SOLUTION] 6
[INTERACTOR → SOLUTION] 0 1 2 1 0
[SOLUTION → INTERACTOR] 0
[INTERACTOR → SOLUTION] 5
[INTERACTOR → SOLUTION] 0 1 2 1 0
[SOLUTION → INTERACTOR] 0
[INTERACTOR → SOLUTION] 10
[INTERACTOR → SOLUTION] 0 1 2 1 0
[SOLUTION → INTERACTOR] 0
[INTERACTOR → SOLUTION] 6
[INTERACTOR → SOLUTION] 0 1 3 1 0
[SOLUTION → INTERACTOR] 0
[INTERACTOR → SOLUTION] 10
[INTERACTOR → SOLUTION] 0 1 3 1 0
[SOLUTION → INTERACTOR] 0
[INTERACTOR → SOLUTION] 8
[INTERACTOR → SOLUTION] 1 1 3 1 0
[SOLUTION → INTERACTOR] 1
[SOLUTION → INTERACTOR] BUILD_CABLE 44 45
[INTERACTOR → SOLUTION] 4
[INTERACTOR → SOLUTION] 0 0 3 1 0
[SOLUTION → INTERACTOR] 0
[INTERACTOR → SOLUTION] 6
[INTERACTOR → SOLUTION] 0 0 4 1 0
[SOLUTION → INTERACTOR] 0
[INTERACTOR → SOLUTION] 4
[INTERACTOR → SOLUTION] 0 0 4 1 0
[SOLUTION → INTERACTOR] 0
[INTERACTOR → SOLUTION] 11
[INTERACTOR → SOLUTION] 1 1 4 1 0
[SOLUTION → INTERACTOR] 1
[SOLUTION → INTERACTOR] BUILD_DC 45
[INTERACTOR → SOLUTION] 6
[INTERACTOR → SOLUTION] 0 0 4 0 0
[SOLUTION → INTERACTOR] 0
[INTERACTOR → SOLUTION] 5
[INTERACTOR → SOLUTION] 0 0 4 0 1
[SOLUTION → INTERACTOR] 0
[INTERACTOR → SOLUTION] 7
[INTERACTOR → SOLUTION] 0 0 4 0 1
[SOLUTION → INTERACTOR] 0
[INTERACTOR → SOLUTION] 9
[INTERACTOR → SOLUTION] 0 0 4 1 1
[SOLUTION → INTERACTOR] 0
[INTERACTOR → SOLUTION] 7
[INTERACTOR → SOLUTION] 0 0 4 1 1
[SOLUTION → INTERACTOR] 0
[INTERACTOR → SOLUTION] 9
[INTERACTOR → SOLUTION] 0 0 4 2 1
[SOLUTION → INTERACTOR] 0
[INTERACTOR → SOLUTION] 9
[INTERACTOR → SOLUTION] 0 0 4 3 1
[SOLUTION → INTERACTOR] 0
[INTERACTOR → SOLUTION] 7
[INTERACTOR → SOLUTION] 0 0 4 3 1
[SOLUTION → INTERACTOR] 0
[INTERACTOR → SOLUTION] 2
[INTERACTOR → SOLUTION] 0 0 4 3 1
[SOLUTION → INTERACTOR] 0
[INTERACTOR → SOLUTION] 10
[INTERACTOR → SOLUTION] 0 0 4 3 1
[SOLUTION → INTERACTOR] 0
[INTERACTOR → SOLUTION] 5
[INTERACTOR → SOLUTION] 0 0 4 3 2
[SOLUTION → INTERACTOR] 0
[INTERACTOR → SOLUTION] 6
[INTERACTOR → SOLUTION] 0 0 5 3 2
[SOLUTION → INTERACTOR] 0
[INTERACTOR → SOLUTION] 6
[INTERACTOR → SOLUTION] 0 0 6 3 2
[SOLUTION → INTERACTOR] 1
[SOLUTION → INTERACTOR] CONVERT 2 0
[INTERACTOR → SOLUTION] 5
[INTERACTOR → SOLUTION] 1 0 3 3 3
[SOLUTION → INTERACTOR] 1
[SOLUTION → INTERACTOR] UPGRADE_DC 18
[INTERACTOR → SOLUTION] 9
[INTERACTOR → SOLUTION] 1 0 3 3 0
[SOLUTION → INTERACTOR] 0
[INTERACTOR → SOLUTION] 5
[INTERACTOR → SOLUTION] 1 0 3 3 1
[SOLUTION → INTERACTOR] 0
[INTERACTOR → SOLUTION] 8
[INTERACTOR → SOLUTION] 3 0 3 3 1
[SOLUTION → INTERACTOR] 0
[INTERACTOR → SOLUTION] 9
[INTERACTOR → SOLUTION] 3 0 3 5 1
[SOLUTION → INTERACTOR] 0
[INTERACTOR → SOLUTION] 8
[INTERACTOR → SOLUTION] 5 0 3 5 1
[SOLUTION → INTERACTOR] 0
[INTERACTOR → SOLUTION] 8
[INTERACTOR → SOLUTION] 7 0 3 5 1
[SOLUTION → INTERACTOR] 2
[SOLUTION → INTERACTOR] CONVERT 0 1
[SOLUTION → INTERACTOR] BUILD_CABLE 44 33
[INTERACTOR → SOLUTION] 7
[INTERACTOR → SOLUTION] 3 0 3 5 1
[SOLUTION → INTERACTOR] 0
[INTERACTOR → SOLUTION] 7
[INTERACTOR → SOLUTION] 3 0 3 5 1
[SOLUTION → INTERACTOR] 0
[INTERACTOR → SOLUTION] 4
[INTERACTOR → SOLUTION] 3 0 3 5 1
[SOLUTION → INTERACTOR] 0
[INTERACTOR → SOLUTION] 5
[INTERACTOR → SOLUTION] 3 0 3 5 2
[SOLUTION → INTERACTOR] 0
[INTERACTOR → SOLUTION] 7
[INTERACTOR → SOLUTION] 3 0 3 5 2
[SOLUTION → INTERACTOR] 0
[INTERACTOR → SOLUTION] 7
[INTERACTOR → SOLUTION] 3 0 3 5 2
[SOLUTION → INTERACTOR] 0
[INTERACTOR → SOLUTION] 4
[INTERACTOR → SOLUTION] 3 0 3 5 2
[SOLUTION → INTERACTOR] 0
[INTERACTOR → SOLUTION] 8
[INTERACTOR → SOLUTION] 5 0 3 5 2
[SOLUTION → INTERACTOR] 0
[INTERACTOR → SOLUTION] 3
[INTERACTOR → SOLUTION] 5 1 3 5 2
[SOLUTION → INTERACTOR] 1
[SOLUTION → INTERACTOR] BUILD_DC 33
[INTERACTOR → SOLUTION] 7
[INTERACTOR → SOLUTION] 4 0 2 4 2
[SOLUTION → INTERACTOR] 0
[INTERACTOR → SOLUTION] 8
[INTERACTOR → SOLUTION] 6 0 2 4 2
[SOLUTION → INTERACTOR] 2
[SOLUTION → INTERACTOR] CONVERT 0 1
[SOLUTION → INTERACTOR] BUILD_CABLE 30 29
[INTERACTOR → SOLUTION] 7
[INTERACTOR → SOLUTION] 2 0 2 4 2
[SOLUTION → INTERACTOR] 0
[INTERACTOR → SOLUTION] 11
[INTERACTOR → SOLUTION] 4 2 2 4 2
[SOLUTION → INTERACTOR] 2
[SOLUTION → INTERACTOR] BUILD_DC 29
[SOLUTION → INTERACTOR] BUILD_CABLE 30 31
[INTERACTOR → SOLUTION] 10
[INTERACTOR → SOLUTION] 2 0 1 3 2
[SOLUTION → INTERACTOR] 0
[INTERACTOR → SOLUTION] 4
[INTERACTOR → SOLUTION] 2 0 1 3 2
[SOLUTION → INTERACTOR] 0
[INTERACTOR → SOLUTION] 8
[INTERACTOR → SOLUTION] 4 0 1 3 2
[SOLUTION → INTERACTOR] 0
[INTERACTOR → SOLUTION] 6
[INTERACTOR → SOLUTION] 4 0 4 3 2
[SOLUTION → INTERACTOR] 0
[INTERACTOR → SOLUTION] 10
[INTERACTOR → SOLUTION] 4 0 4 3 2
[SOLUTION → INTERACTOR] 0
[INTERACTOR → SOLUTION] 6
[INTERACTOR → SOLUTION] 4 0 7 3 2
[SOLUTION → INTERACTOR] 2
[SOLUTION → INTERACTOR] CONVERT 2 1
[SOLUTION → INTERACTOR] BUILD_DC 31
[INTERACTOR → SOLUTION] 5
[INTERACTOR → SOLUTION] 3 0 5 2 4
[SOLUTION → INTERACTOR] 1
[SOLUTION → INTERACTOR] UPGRADE_DC 33
[INTERACTOR → SOLUTION] 7
[INTERACTOR → SOLUTION] 3 0 5 0 1
[SOLUTION → INTERACTOR] 0
[INTERACTOR → SOLUTION] 7
[INTERACTOR → SOLUTION] 3 0 5 0 1
[SOLUTION → INTERACTOR] 0
[INTERACTOR → SOLUTION] 7
[INTERACTOR → SOLUTION] 3 0 5 0 1
[SOLUTION → INTERACTOR] 0
[INTERACTOR → SOLUTION] 3
[INTERACTOR → SOLUTION] 3 1 5 0 1
[SOLUTION → INTERACTOR] 1
[SOLUTION → INTERACTOR] BUILD_CABLE 33 34
[INTERACTOR → SOLUTION] 3
[INTERACTOR → SOLUTION] 2 1 5 0 1
[SOLUTION → INTERACTOR] 1
[SOLUTION → INTERACTOR] BUILD_CABLE 34 22
[INTERACTOR → SOLUTION] 9
[INTERACTOR → SOLUTION] 1 0 5 4 1
[SOLUTION → INTERACTOR] 0
[INTERACTOR → SOLUTION] 5
[INTERACTOR → SOLUTION] 1 0 7 4 4
[SOLUTION → INTERACTOR] 3
[SOLUTION → INTERACTOR] CONVERT 2 1
[SOLUTION → INTERACTOR] BUILD_DC 22
[SOLUTION → INTERACTOR] UPGRADE_DC 22
[INTERACTOR → SOLUTION] 7
[INTERACTOR → SOLUTION] 0 0 3 1 1
[SOLUTION → INTERACTOR] 0
[INTERACTOR → SOLUTION] 10
[INTERACTOR → SOLUTION] 0 0 3 3 1
[SOLUTION → INTERACTOR] 0
[INTERACTOR → SOLUTION] 7
[INTERACTOR → SOLUTION] 0 0 3 3 1
[SOLUTION → INTERACTOR] 0
[INTERACTOR → SOLUTION] 5
[INTERACTOR → SOLUTION] 0 0 5 3 4
[SOLUTION → INTERACTOR] 1
[SOLUTION → INTERACTOR] UPGRADE_DC 43
[INTERACTOR → SOLUTION] 5
[INTERACTOR → SOLUTION] 0 0 7 1 4
[SOLUTION → INTERACTOR] 1
[SOLUTION → INTERACTOR] CONVERT 2 0
[INTERACTOR → SOLUTION] 9
[INTERACTOR → SOLUTION] 1 0 4 7 4
[SOLUTION → INTERACTOR] 1
[SOLUTION → INTERACTOR] UPGRADE_DC 45
[INTERACTOR → SOLUTION] 7
[INTERACTOR → SOLUTION] 1 0 4 5 1
[SOLUTION → INTERACTOR] 0
[INTERACTOR → SOLUTION] 8
[INTERACTOR → SOLUTION] 5 0 4 5 3
[SOLUTION → INTERACTOR] 1
[SOLUTION → INTERACTOR] UPGRADE_DC 29
[INTERACTOR → SOLUTION] 8
[INTERACTOR → SOLUTION] 9 0 4 3 2
[SOLUTION → INTERACTOR] 2
[SOLUTION → INTERACTOR] CONVERT 0 1
[SOLUTION → INTERACTOR] BUILD_CABLE 34 35
[INTERACTOR → SOLUTION] 7
[INTERACTOR → SOLUTION] 5 0 4 3 2
[SOLUTION → INTERACTOR] 0
[INTERACTOR → SOLUTION] 4
[INTERACTOR → SOLUTION] 5 0 4 3 2
[SOLUTION → INTERACTOR] 0
[INTERACTOR → SOLUTION] 5
[INTERACTOR → SOLUTION] 5 0 7 3 6
[SOLUTION → INTERACTOR] 3
[SOLUTION → INTERACTOR] CONVERT 2 1
[SOLUTION → INTERACTOR] BUILD_DC 35
[SOLUTION → INTERACTOR] UPGRADE_DC 31
[INTERACTOR → SOLUTION] 4
[INTERACTOR → SOLUTION] 4 0 3 0 3
[SOLUTION → INTERACTOR] 0
[INTERACTOR → SOLUTION] 10
[INTERACTOR → SOLUTION] 4 0 3 3 3
[SOLUTION → INTERACTOR] 1
[SOLUTION → INTERACTOR] UPGRADE_DC 35
[INTERACTOR → SOLUTION] 8
[INTERACTOR → SOLUTION] 8 0 3 1 2
[SOLUTION → INTERACTOR] 2
[SOLUTION → INTERACTOR] CONVERT 0 1
[SOLUTION → INTERACTOR] BUILD_CABLE 22 23
[INTERACTOR → SOLUTION] 7
[INTERACTOR → SOLUTION] 4 0 3 1 2
[SOLUTION → INTERACTOR] 0
[INTERACTOR → SOLUTION] 4
[INTERACTOR → SOLUTION] 4 0 3 1 2
[SOLUTION → INTERACTOR] 0
[INTERACTOR → SOLUTION] 6
[INTERACTOR → SOLUTION] 4 0 7 1 2
[SOLUTION → INTERACTOR] 2
[SOLUTION → INTERACTOR] CONVERT 2 1
[SOLUTION → INTERACTOR] BUILD_CABLE 23 37
[INTERACTOR → SOLUTION] 8
[INTERACTOR → SOLUTION] 7 0 4 1 4
[SOLUTION → INTERACTOR] 2
[SOLUTION → INTERACTOR] CONVERT 0 1
[SOLUTION → INTERACTOR] BUILD_DC 37
[INTERACTOR → SOLUTION] 4
[INTERACTOR → SOLUTION] 3 0 3 0 4
[SOLUTION → INTERACTOR] 0
[INTERACTOR → SOLUTION] 5
[INTERACTOR → SOLUTION] 3 0 7 0 10
[SOLUTION → INTERACTOR] 2
[SOLUTION → INTERACTOR] CONVERT 2 1
[SOLUTION → INTERACTOR] CONVERT 4 3
[INTERACTOR → SOLUTION] 10
[INTERACTOR → SOLUTION] 3 1 4 6 7
[SOLUTION → INTERACTOR] 2
[SOLUTION → INTERACTOR] UPGRADE_DC 37
[SOLUTION → INTERACTOR] UPGRADE_DC 22
[INTERACTOR → SOLUTION] 3
[INTERACTOR → SOLUTION] 3 3 4 1 0
[SOLUTION → INTERACTOR] 0
[INTERACTOR → SOLUTION] 6
[INTERACTOR → SOLUTION] 3 3 8 1 0
[SOLUTION → INTERACTOR] 0
[INTERACTOR → SOLUTION] 3
[INTERACTOR → SOLUTION] 3 5 8 1 0
[SOLUTION → INTERACTOR] 0
[INTERACTOR → SOLUTION] 5
[INTERACTOR → SOLUTION] 3 5 12 1 6
[SOLUTION → INTERACTOR] 0
[INTERACTOR → SOLUTION] 5
[INTERACTOR → SOLUTION] 3 5 16 1 12
[SOLUTION → INTERACTOR] 1
[SOLUTION → INTERACTOR] CONVERT 2 3
[INTERACTOR → SOLUTION] 10
[INTERACTOR → SOLUTION] 3 5 13 9 12
[SOLUTION → INTERACTOR] 4
[SOLUTION → INTERACTOR] UPGRADE_DC 18
[SOLUTION → INTERACTOR] UPGRADE_DC 33
[SOLUTION → INTERACTOR] UPGRADE_DC 43
[SOLUTION → INTERACTOR] CONVERT 2 3
[INTERACTOR → SOLUTION] 5
[INTERACTOR → SOLUTION] 3 5 14 1 7
[SOLUTION → INTERACTOR] 0
[INTERACTOR → SOLUTION] 112
[INTERACTOR → SOLUTION] 1 11 25 26 14 17 27 28
[INTERACTOR → SOLUTION] 3 10 38 39 29 26 25 40
[INTERACTOR → SOLUTION] 4 2 47 48 41 39 38 49
[INTERACTOR → SOLUTION] 0 6 14 15 0 5 16 17
[INTERACTOR → SOLUTION] 4 5 29 30 18 15 14 26
[INTERACTOR → SOLUTION] 2 9 41 42 31 30 29 39
[INTERACTOR → SOLUTION] 3 3 50 51 43 42 41 48
[INTERACTOR → SOLUTION] 2 11 0 1 2 3 4 5
[INTERACTOR → SOLUTION] 2 3 18 19 6 1 0 15
[INTERACTOR → SOLUTION] 1 9 31 32 20 19 18 30
[INTERACTOR → SOLUTION] 5 0 43 44 33 32 31 42
[INTERACTOR → SOLUTION] 4 6 52 53 45 44 43 51
[INTERACTOR → SOLUTION] 1 5 6 7 8 9 2 1
[INTERACTOR → SOLUTION] 0 4 20 21 10 7 6 19
[INTERACTOR → SOLUTION] 3 4 33 34 22 21 20 32
[INTERACTOR → SOLUTION] 2 12 45 46 35 34 33 44
[INTERACTOR → SOLUTION] 3 8 10 11 12 13 8 7
[INTERACTOR → SOLUTION] 0 10 22 23 24 11 10 21
[INTERACTOR → SOLUTION] 0 8 35 36 37 23 22 34
[INTERACTOR → SOLUTION] C0 2 38 49
[INTERACTOR → SOLUTION] C1 2 11 24
[INTERACTOR → SOLUTION] C2 2 2 3
[INTERACTOR → SOLUTION] C3 2 27 28
[INTERACTOR → SOLUTION] C4 2 36 37
[INTERACTOR → SOLUTION] C31 8 45 46 50 51 47 48 8 13
[SOLUTION → INTERACTOR] START
[SOLUTION → INTERACTOR] BUILD_DC 0
[SOLUTION → INTERACTOR] BUILD_DC 7
[SOLUTION → INTERACTOR] BUILD_CABLE 0 15
[SOLUTION → INTERACTOR] BUILD_CABLE 7 10
[INTERACTOR → SOLUTION] 11
[INTERACTOR → SOLUTION] 0 0 1 0 0
[SOLUTION → INTERACTOR] 0
[INTERACTOR → SOLUTION] 8
[INTERACTOR → SOLUTION] 0 0 1 1 0
[SOLUTION → INTERACTOR] 0
[INTERACTOR → SOLUTION] 6
[INTERACTOR → SOLUTION] 1 0 1 1 0
[SOLUTION → INTERACTOR] 0
[INTERACTOR → SOLUTION] 6
[INTERACTOR → SOLUTION] 2 0 1 1 0
[SOLUTION → INTERACTOR] 0
[INTERACTOR → SOLUTION] 11
[INTERACTOR → SOLUTION] 2 0 2 1 0
[SOLUTION → INTERACTOR] 0
[INTERACTOR → SOLUTION] 12
[INTERACTOR → SOLUTION] 2 0 2 1 0
[SOLUTION → INTERACTOR] 0
[INTERACTOR → SOLUTION] 7
[INTERACTOR → SOLUTION] 2 0 2 1 0
[SOLUTION → INTERACTOR] 0
[INTERACTOR → SOLUTION] 8
[INTERACTOR → SOLUTION] 2 0 2 2 0
[SOLUTION → INTERACTOR] 0
[INTERACTOR → SOLUTION] 6
[INTERACTOR → SOLUTION] 3 0 2 2 0
[SOLUTION → INTERACTOR] 0
[INTERACTOR → SOLUTION] 5
[INTERACTOR → SOLUTION] 3 1 2 2 0
[SOLUTION → INTERACTOR] 1
[SOLUTION → INTERACTOR] BUILD_CABLE 15 14
[INTERACTOR → SOLUTION] 6
[INTERACTOR → SOLUTION] 3 0 2 2 0
[SOLUTION → INTERACTOR] 0
[INTERACTOR → SOLUTION] 10
[INTERACTOR → SOLUTION] 3 0 2 2 0
[SOLUTION → INTERACTOR] 0
[INTERACTOR → SOLUTION] 12
[INTERACTOR → SOLUTION] 3 0 2 2 0
[SOLUTION → INTERACTOR] 0
[INTERACTOR → SOLUTION] 4
[INTERACTOR → SOLUTION] 4 0 2 2 0
[SOLUTION → INTERACTOR] 0
[INTERACTOR → SOLUTION] 7
[INTERACTOR → SOLUTION] 4 0 2 2 0
[SOLUTION → INTERACTOR] 0
[INTERACTOR → SOLUTION] 7
[INTERACTOR → SOLUTION] 4 0 2 2 0
[SOLUTION → INTERACTOR] 0
[INTERACTOR → SOLUTION] 4
[INTERACTOR → SOLUTION] 5 0 2 2 0
[SOLUTION → INTERACTOR] 0
[INTERACTOR → SOLUTION] 7
[INTERACTOR → SOLUTION] 5 0 2 2 0
[SOLUTION → INTERACTOR] 0
[INTERACTOR → SOLUTION] 3
[INTERACTOR → SOLUTION] 5 0 3 2 0
[SOLUTION → INTERACTOR] 0
[INTERACTOR → SOLUTION] 4
[INTERACTOR → SOLUTION] 6 0 3 2 0
[SOLUTION → INTERACTOR] 0
[INTERACTOR → SOLUTION] 9
[INTERACTOR → SOLUTION] 6 0 3 2 0
[SOLUTION → INTERACTOR] 0
[INTERACTOR → SOLUTION] 7
[INTERACTOR → SOLUTION] 6 0 3 2 0
[SOLUTION → INTERACTOR] 0
[INTERACTOR → SOLUTION] 10
[INTERACTOR → SOLUTION] 6 0 3 2 0
[SOLUTION → INTERACTOR] 0
[INTERACTOR → SOLUTION] 6
[INTERACTOR → SOLUTION] 7 0 3 2 0
[SOLUTION → INTERACTOR] 2
[SOLUTION → INTERACTOR] CONVERT 0 1
[SOLUTION → INTERACTOR] BUILD_DC 14
[INTERACTOR → SOLUTION] 10
[INTERACTOR → SOLUTION] 2 0 2 1 0
[SOLUTION → INTERACTOR] 0
[INTERACTOR → SOLUTION] 6
[INTERACTOR → SOLUTION] 4 0 2 1 0
[SOLUTION → INTERACTOR] 0
[INTERACTOR → SOLUTION] 7
[INTERACTOR → SOLUTION] 4 0 2 1 0
[SOLUTION → INTERACTOR] 0
[INTERACTOR → SOLUTION] 5
[INTERACTOR → SOLUTION] 4 1 2 1 1
[SOLUTION → INTERACTOR] 1
[SOLUTION → INTERACTOR] BUILD_CABLE 15 18
[INTERACTOR → SOLUTION] 7
[INTERACTOR → SOLUTION] 3 0 2 1 1
[SOLUTION → INTERACTOR] 0
[INTERACTOR → SOLUTION] 3
[INTERACTOR → SOLUTION] 3 0 3 1 1
[SOLUTION → INTERACTOR] 0
[INTERACTOR → SOLUTION] 3
[INTERACTOR → SOLUTION] 3 0 4 1 1
[SOLUTION → INTERACTOR] 0
[INTERACTOR → SOLUTION] 6
[INTERACTOR → SOLUTION] 5 0 4 1 1
[SOLUTION → INTERACTOR] 0
[INTERACTOR → SOLUTION] 7
[INTERACTOR → SOLUTION] 5 0 4 1 1
[SOLUTION → INTERACTOR] 0
[INTERACTOR → SOLUTION] 11
[INTERACTOR → SOLUTION] 5 1 5 1 1
[SOLUTION → INTERACTOR] 1
[SOLUTION → INTERACTOR] BUILD_DC 18
[INTERACTOR → SOLUTION] 11
[INTERACTOR → SOLUTION] 4 1 5 0 1
[SOLUTION → INTERACTOR] 1
[SOLUTION → INTERACTOR] BUILD_CABLE 10 21
[INTERACTOR → SOLUTION] 3
[INTERACTOR → SOLUTION] 3 0 7 0 1
[SOLUTION → INTERACTOR] 2
[SOLUTION → INTERACTOR] CONVERT 2 1
[SOLUTION → INTERACTOR] BUILD_CABLE 21 22
[INTERACTOR → SOLUTION] 7
[INTERACTOR → SOLUTION] 2 0 3 0 1
[SOLUTION → INTERACTOR] 0
[INTERACTOR → SOLUTION] 5
[INTERACTOR → SOLUTION] 2 1 3 0 3
[SOLUTION → INTERACTOR] 1
[SOLUTION → INTERACTOR] BUILD_CABLE 21 20
[INTERACTOR → SOLUTION] 9
[INTERACTOR → SOLUTION] 1 1 3 0 3
[SOLUTION → INTERACTOR] 1
[SOLUTION → INTERACTOR] BUILD_CABLE 22 34
[INTERACTOR → SOLUTION] 9
[INTERACTOR → SOLUTION] 0 1 3 0 3
[SOLUTION → INTERACTOR] 0
[INTERACTOR → SOLUTION] 6
[INTERACTOR → SOLUTION] 2 1 3 0 3
[SOLUTION → INTERACTOR] 1
[SOLUTION → INTERACTOR] BUILD_CABLE 10 11
[INTERACTOR → SOLUTION] 8
[INTERACTOR → SOLUTION] 1 0 3 1 3
[SOLUTION → INTERACTOR] 0
[INTERACTOR → SOLUTION] 10
[INTERACTOR → SOLUTION] 1 0 3 1 3
[SOLUTION → INTERACTOR] 0
[INTERACTOR → SOLUTION] 5
[INTERACTOR → SOLUTION] 1 1 3 1 5
[SOLUTION → INTERACTOR] 1
[SOLUTION → INTERACTOR] BUILD_DC 22
[INTERACTOR → SOLUTION] 7
[INTERACTOR → SOLUTION] 0 0 2 0 5
[SOLUTION → INTERACTOR] 0
[INTERACTOR → SOLUTION] 9
[INTERACTOR → SOLUTION] 0 1 2 0 5
[SOLUTION → INTERACTOR] 0
[INTERACTOR → SOLUTION] 11
[INTERACTOR → SOLUTION] 0 2 3 0 5
[SOLUTION → INTERACTOR] 0
[INTERACTOR → SOLUTION] 6
[INTERACTOR → SOLUTION] 2 2 3 0 5
[SOLUTION → INTERACTOR] 2
[SOLUTION → INTERACTOR] BUILD_CABLE 7 8
[SOLUTION → INTERACTOR] BUILD_CABLE 8 13
[INTERACTOR → SOLUTION] 9
[INTERACTOR → SOLUTION] 0 1 3 0 5
[SOLUTION → INTERACTOR] 0
[INTERACTOR → SOLUTION] 5
[INTERACTOR → SOLUTION] 0 2 3 0 7
[SOLUTION → INTERACTOR] 1
[SOLUTION → INTERACTOR] CONVERT 4 3
[INTERACTOR → SOLUTION] 4
[INTERACTOR → SOLUTION] 1 2 3 2 3
[SOLUTION → INTERACTOR] 1
[SOLUTION → INTERACTOR] BUILD_DC 20
[INTERACTOR → SOLUTION] 5
[INTERACTOR → SOLUTION] 0 2 2 1 5
[SOLUTION → INTERACTOR] 0
[INTERACTOR → SOLUTION] 7
[INTERACTOR → SOLUTION] 0 2 2 1 5
[SOLUTION → INTERACTOR] 0
[INTERACTOR → SOLUTION] 7
[INTERACTOR → SOLUTION] 0 2 2 1 5
[SOLUTION → INTERACTOR] 0
[INTERACTOR → SOLUTION] 2
[INTERACTOR → SOLUTION] 0 2 2 1 5
[SOLUTION → INTERACTOR] 0
[INTERACTOR → SOLUTION] 6
[INTERACTOR → SOLUTION] 2 2 2 1 5
[SOLUTION → INTERACTOR] 2
[SOLUTION → INTERACTOR] BUILD_DC 11
[SOLUTION → INTERACTOR] BUILD_CABLE 34 35
[INTERACTOR → SOLUTION] 11
[INTERACTOR → SOLUTION] 0 1 2 0 5
[SOLUTION → INTERACTOR] 0
[INTERACTOR → SOLUTION] 5
[INTERACTOR → SOLUTION] 0 2 2 0 7
[SOLUTION → INTERACTOR] 1
[SOLUTION → INTERACTOR] CONVERT 4 3
[INTERACTOR → SOLUTION] 8
[INTERACTOR → SOLUTION] 1 2 2 3 3
[SOLUTION → INTERACTOR] 1
[SOLUTION → INTERACTOR] BUILD_DC 35
[INTERACTOR → SOLUTION] 9
[INTERACTOR → SOLUTION] 0 3 1 2 3
[SOLUTION → INTERACTOR] 0
[INTERACTOR → SOLUTION] 6
[INTERACTOR → SOLUTION] 2 3 1 2 3
[SOLUTION → INTERACTOR] 2
[SOLUTION → INTERACTOR] BUILD_DC 13
[SOLUTION → INTERACTOR] BUILD_CABLE 35 46
[INTERACTOR → SOLUTION] 11
[INTERACTOR → SOLUTION] 0 2 1 1 3
[SOLUTION → INTERACTOR] 0
[INTERACTOR → SOLUTION] 8
[INTERACTOR → SOLUTION] 2 2 1 4 3
[SOLUTION → INTERACTOR] 3
[SOLUTION → INTERACTOR] UPGRADE_DC 7
[SOLUTION → INTERACTOR] BUILD_CABLE 46 45
[SOLUTION → INTERACTOR] BUILD_DC 45
[INTERACTOR → SOLUTION] 5
[INTERACTOR → SOLUTION] 0 2 0 1 2
[SOLUTION → INTERACTOR] 0
[INTERACTOR → SOLUTION] 7
[INTERACTOR → SOLUTION] 0 2 0 1 2
[SOLUTION → INTERACTOR] 0
[INTERACTOR → SOLUTION] 10
[INTERACTOR → SOLUTION] 2 2 0 1 2
[SOLUTION → INTERACTOR] 2
[SOLUTION → INTERACTOR] BUILD_CABLE 45 44
[SOLUTION → INTERACTOR] BUILD_CABLE 44 43
[INTERACTOR → SOLUTION] 4
[INTERACTOR → SOLUTION] 3 0 0 3 2
[SOLUTION → INTERACTOR] 0
[INTERACTOR → SOLUTION] 3
[INTERACTOR → SOLUTION] 3 0 2 3 2
[SOLUTION → INTERACTOR] 0
[INTERACTOR → SOLUTION] 8
[INTERACTOR → SOLUTION] 5 0 2 7 2
[SOLUTION → INTERACTOR] 0
[INTERACTOR → SOLUTION] 10
[INTERACTOR → SOLUTION] 7 0 2 7 2
[SOLUTION → INTERACTOR] 2
[SOLUTION → INTERACTOR] CONVERT 0 1
[SOLUTION → INTERACTOR] BUILD_DC 43
[INTERACTOR → SOLUTION] 8
[INTERACTOR → SOLUTION] 5 0 1 10 2
[SOLUTION → INTERACTOR] 0
[INTERACTOR → SOLUTION] 4
[INTERACTOR → SOLUTION] 8 0 1 12 2
[SOLUTION → INTERACTOR] 2
[SOLUTION → INTERACTOR] CONVERT 0 1
[SOLUTION → INTERACTOR] BUILD_CABLE 43 51
[INTERACTOR → SOLUTION] 5
[INTERACTOR → SOLUTION] 4 2 1 12 4
[SOLUTION → INTERACTOR] 3
[SOLUTION → INTERACTOR] UPGRADE_DC 14
[SOLUTION → INTERACTOR] BUILD_CABLE 51 50
[SOLUTION → INTERACTOR] BUILD_DC 50
[INTERACTOR → SOLUTION] 10
[INTERACTOR → SOLUTION] 4 0 0 9 1
[SOLUTION → INTERACTOR] 0
[INTERACTOR → SOLUTION] 9
[INTERACTOR → SOLUTION] 4 2 0 9 1
[SOLUTION → INTERACTOR] 2
[SOLUTION → INTERACTOR] BUILD_CABLE 14 26
[SOLUTION → INTERACTOR] BUILD_CABLE 26 29
[INTERACTOR → SOLUTION] 7
[INTERACTOR → SOLUTION] 2 0 0 9 1
[SOLUTION → INTERACTOR] 0
[INTERACTOR → SOLUTION] 6
[INTERACTOR → SOLUTION] 5 0 0 9 3
[SOLUTION → INTERACTOR] 1
[SOLUTION → INTERACTOR] UPGRADE_DC 22
[INTERACTOR → SOLUTION] 11
[INTERACTOR → SOLUTION] 5 2 1 7 0
[SOLUTION → INTERACTOR] 2
[SOLUTION → INTERACTOR] BUILD_DC 29
[SOLUTION → INTERACTOR] BUILD_CABLE 50 48
[INTERACTOR → SOLUTION] 4
[INTERACTOR → SOLUTION] 6 0 0 9 0
[SOLUTION → INTERACTOR] 2
[SOLUTION → INTERACTOR] CONVERT 0 1
[SOLUTION → INTERACTOR] BUILD_CABLE 48 47
[INTERACTOR → SOLUTION] 10
[INTERACTOR → SOLUTION] 5 0 0 10 0
[SOLUTION → INTERACTOR] 0
[INTERACTOR → SOLUTION] 7
[INTERACTOR → SOLUTION] 5 0 0 10 0
[SOLUTION → INTERACTOR] 0
[INTERACTOR → SOLUTION] 6
[INTERACTOR → SOLUTION] 8 0 0 10 2
[SOLUTION → INTERACTOR] 2
[SOLUTION → INTERACTOR] CONVERT 0 1
[SOLUTION → INTERACTOR] BUILD_CABLE 48 41
[INTERACTOR → SOLUTION] 4
[INTERACTOR → SOLUTION] 7 0 0 13 2
[SOLUTION → INTERACTOR] 2
[SOLUTION → INTERACTOR] CONVERT 0 1
[SOLUTION → INTERACTOR] BUILD_CABLE 26 25
[INTERACTOR → SOLUTION] 9
[INTERACTOR → SOLUTION] 3 2 1 13 2
[SOLUTION → INTERACTOR] 2
[SOLUTION → INTERACTOR] BUILD_DC 41
[SOLUTION → INTERACTOR] BUILD_CABLE 51 52
[INTERACTOR → SOLUTION] 9
[INTERACTOR → SOLUTION] 1 2 2 12 2
[SOLUTION → INTERACTOR] 1
[SOLUTION → INTERACTOR] BUILD_DC 25
[INTERACTOR → SOLUTION] 7
[INTERACTOR → SOLUTION] 0 1 1 11 2
[SOLUTION → INTERACTOR] 0
[INTERACTOR → SOLUTION] 6
[INTERACTOR → SOLUTION] 3 1 1 11 4
[SOLUTION → INTERACTOR] 2
[SOLUTION → INTERACTOR] BUILD_DC 52
[SOLUTION → INTERACTOR] UPGRADE_DC 29
[INTERACTOR → SOLUTION] 4
[INTERACTOR → SOLUTION] 5 0 0 11 1
[SOLUTION → INTERACTOR] 0
[INTERACTOR → SOLUTION] 8
[INTERACTOR → SOLUTION] 8 0 0 15 1
[SOLUTION → INTERACTOR] 2
[SOLUTION → INTERACTOR] CONVERT 0 1
[SOLUTION → INTERACTOR] BUILD_CABLE 8 9
[INTERACTOR → SOLUTION] 10
[INTERACTOR → SOLUTION] 7 0 0 18 1
[SOLUTION → INTERACTOR] 2
[SOLUTION → INTERACTOR] CONVERT 0 1
[SOLUTION → INTERACTOR] BUILD_CABLE 9 2
[INTERACTOR → SOLUTION] 11
[INTERACTOR → SOLUTION] 3 3 1 18 1
[SOLUTION → INTERACTOR] 3
[SOLUTION → INTERACTOR] BUILD_DC 2
[SOLUTION → INTERACTOR] BUILD_CABLE 18 30
[SOLUTION → INTERACTOR] BUILD_CABLE 30 31
[INTERACTOR → SOLUTION] 5
[INTERACTOR → SOLUTION] 0 3 0 17 6
[SOLUTION → INTERACTOR] 2
[SOLUTION → INTERACTOR] UPGRADE_DC 18
[SOLUTION → INTERACTOR] UPGRADE_DC 20
[INTERACTOR → SOLUTION] 7
[INTERACTOR → SOLUTION] 0 3 0 13 0
[SOLUTION → INTERACTOR] 0
[INTERACTOR → SOLUTION] 6
[INTERACTOR → SOLUTION] 3 3 0 13 3
[SOLUTION → INTERACTOR] 4
[SOLUTION → INTERACTOR] UPGRADE_DC 0
[SOLUTION → INTERACTOR] BUILD_CABLE 34 33
[SOLUTION → INTERACTOR] BUILD_CABLE 0 5
[SOLUTION → INTERACTOR] BUILD_CABLE 5 16
[INTERACTOR → SOLUTION] 8
[INTERACTOR → SOLUTION] 3 0 0 15 0
[SOLUTION → INTERACTOR] 0
[INTERACTOR → SOLUTION] 3
[INTERACTOR → SOLUTION] 3 0 4 18 0
[SOLUTION → INTERACTOR] 0
[INTERACTOR → SOLUTION] 4
[INTERACTOR → SOLUTION] 7 0 4 22 0
[SOLUTION → INTERACTOR] 2
[SOLUTION → INTERACTOR] CONVERT 0 1
[SOLUTION → INTERACTOR] BUILD_DC 31
[INTERACTOR → SOLUTION] 8
[INTERACTOR → SOLUTION] 6 0 3 25 0
[SOLUTION → INTERACTOR] 2
[SOLUTION → INTERACTOR] CONVERT 0 1
[SOLUTION → INTERACTOR] BUILD_DC 16
[INTERACTOR → SOLUTION] 9
[INTERACTOR → SOLUTION] 2 5 6 24 0
[SOLUTION → INTERACTOR] 2
[SOLUTION → INTERACTOR] BUILD_DC 33
[SOLUTION → INTERACTOR] BUILD_DC 47
[INTERACTOR → SOLUTION] 6
[INTERACTOR → SOLUTION] 5 3 4 22 3
[SOLUTION → INTERACTOR] 4
[SOLUTION → INTERACTOR] UPGRADE_DC 31
[SOLUTION → INTERACTOR] BUILD_CABLE 22 23
[SOLUTION → INTERACTOR] BUILD_CABLE 23 37
[SOLUTION → INTERACTOR] BUILD_DC 37
[INTERACTOR → SOLUTION] 7
[INTERACTOR → SOLUTION] 2 0 3 19 0
[SOLUTION → INTERACTOR] 0
[INTERACTOR → SOLUTION] 4
[INTERACTOR → SOLUTION] 6 0 3 24 0
[SOLUTION → INTERACTOR] 2
[SOLUTION → INTERACTOR] CONVERT 0 1
[SOLUTION → INTERACTOR] BUILD_CABLE 5 4
[INTERACTOR → SOLUTION] 6
[INTERACTOR → SOLUTION] 7 0 3 24 3
[SOLUTION → INTERACTOR] 3
[SOLUTION → INTERACTOR] CONVERT 0 1
[SOLUTION → INTERACTOR] BUILD_DC 4
[SOLUTION → INTERACTOR] UPGRADE_DC 11
[INTERACTOR → SOLUTION] 8
[INTERACTOR → SOLUTION] 7 0 2 26 0
[SOLUTION → INTERACTOR] 1
[SOLUTION → INTERACTOR] CONVERT 0 1
[INTERACTOR → SOLUTION] 10
[INTERACTOR → SOLUTION] 8 1 2 29 0
[SOLUTION → INTERACTOR] 0
[INTERACTOR → SOLUTION] 12
[INTERACTOR → SOLUTION] 8 1 5 29 0
[SOLUTION → INTERACTOR] 0
[INTERACTOR → SOLUTION] 4
[INTERACTOR → SOLUTION] 12 1 5 34 0
[SOLUTION → INTERACTOR] 0
[INTERACTOR → SOLUTION] 5
[INTERACTOR → SOLUTION] 12 4 5 34 6
[SOLUTION → INTERACTOR] 2
[SOLUTION → INTERACTOR] UPGRADE_DC 43
[SOLUTION → INTERACTOR] UPGRADE_DC 41
[INTERACTOR → SOLUTION] 10
[INTERACTOR → SOLUTION] 16 4 5 33 0
[SOLUTION → INTERACTOR] 1
[SOLUTION → INTERACTOR] CONVERT 0 4
[INTERACTOR → SOLUTION] 8
[INTERACTOR → SOLUTION] 17 4 5 38 1
[SOLUTION → INTERACTOR] 1
[SOLUTION → INTERACTOR] CONVERT 0 4
[INTERACTOR → SOLUTION] 6
[INTERACTOR → SOLUTION] 19 4 5 38 6
[SOLUTION → INTERACTOR] 4
[SOLUTION → INTERACTOR] UPGRADE_DC 2
[SOLUTION → INTERACTOR] CONVERT 0 4
[SOLUTION → INTERACTOR] CONVERT 0 4
[SOLUTION → INTERACTOR] UPGRADE_DC 35
[INTERACTOR → SOLUTION] 6
[INTERACTOR → SOLUTION] 18 4 5 34 6
[SOLUTION → INTERACTOR] 4
[SOLUTION → INTERACTOR] UPGRADE_DC 45
[SOLUTION → INTERACTOR] CONVERT 0 4
[SOLUTION → INTERACTOR] CONVERT 0 4
[SOLUTION → INTERACTOR] UPGRADE_DC 37
[INTERACTOR → SOLUTION] 95
[INTERACTOR → SOLUTION] 3 10 25 26 14 17 27 28
[INTERACTOR → SOLUTION] 1 8 38 39 29 26 25 40
[INTERACTOR → SOLUTION] 1 6 47 48 41 39 38 49
[INTERACTOR → SOLUTION] 3 9 14 15 0 5 16 17
[INTERACTOR → SOLUTION] 4 5 29 30 18 15 14 26
[INTERACTOR → SOLUTION] 4 3 41 42 31 30 29 39
[INTERACTOR → SOLUTION] 3 11 50 51 43 42 41 48
[INTERACTOR → SOLUTION] 1 11 0 1 2 3 4 5
[INTERACTOR → SOLUTION] 2 10 18 19 6 1 0 15
[INTERACTOR → SOLUTION] 3 6 31 32 20 19 18 30
[INTERACTOR → SOLUTION] 0 8 43 44 33 32 31 42
[INTERACTOR → SOLUTION] 2 4 52 53 45 44 43 51
[INTERACTOR → SOLUTION] 2 3 6 7 8 9 2 1
[INTERACTOR → SOLUTION] 4 2 20 21 10 7 6 19
[INTERACTOR → SOLUTION] 0 5 33 34 22 21 20 32
[INTERACTOR → SOLUTION] 0 12 45 46 35 34 33 44
[INTERACTOR → SOLUTION] 2 9 10 11 12 13 8 7
[INTERACTOR → SOLUTION] 0 4 22 23 24 11 10 21
[INTERACTOR → SOLUTION] 5 0 35 36 37 23 22 34
[INTERACTOR → SOLUTION] C0 2 38 40
[INTERACTOR → SOLUTION] C1 2 47 49
[INTERACTOR → SOLUTION] C2 2 4 5
[INTERACTOR → SOLUTION] C3 2 2 9
[INTERACTOR → SOLUTION] C4 2 27 28
[INTERACTOR → SOLUTION] C31 8 45 46 8 13 52 53 11 12
[SOLUTION → INTERACTOR] START
[SOLUTION → INTERACTOR] BUILD_DC 25
[SOLUTION → INTERACTOR] BUILD_DC 43
[SOLUTION → INTERACTOR] BUILD_CABLE 25 26
[SOLUTION → INTERACTOR] BUILD_CABLE 43 42
[INTERACTOR → SOLUTION] 10
[INTERACTOR → SOLUTION] 0 0 0 1 0
[SOLUTION → INTERACTOR] 0
[INTERACTOR → SOLUTION] 9
[INTERACTOR → SOLUTION] 0 0 0 1 0
[SOLUTION → INTERACTOR] 0
[INTERACTOR → SOLUTION] 6
[INTERACTOR → SOLUTION] 0 0 0 1 0
[SOLUTION → INTERACTOR] 0
[INTERACTOR → SOLUTION] 11
[INTERACTOR → SOLUTION] 0 0 0 2 0
[SOLUTION → INTERACTOR] 0
[INTERACTOR → SOLUTION] 8
[INTERACTOR → SOLUTION] 1 1 0 2 0
[SOLUTION → INTERACTOR] 1
[SOLUTION → INTERACTOR] BUILD_CABLE 42 31
[INTERACTOR → SOLUTION] 7
[INTERACTOR → SOLUTION] 0 0 0 2 0
[SOLUTION → INTERACTOR] 0
[INTERACTOR → SOLUTION] 10
[INTERACTOR → SOLUTION] 0 0 0 3 0
[SOLUTION → INTERACTOR] 0
[INTERACTOR → SOLUTION] 7
[INTERACTOR → SOLUTION] 0 0 0 3 0
[SOLUTION → INTERACTOR] 0
[INTERACTOR → SOLUTION] 9
[INTERACTOR → SOLUTION] 0 0 0 3 0
[SOLUTION → INTERACTOR] 0
[INTERACTOR → SOLUTION] 7
[INTERACTOR → SOLUTION] 0 0 0 3 0
[SOLUTION → INTERACTOR] 0
[INTERACTOR → SOLUTION] 8
[INTERACTOR → SOLUTION] 1 1 0 3 0
[SOLUTION → INTERACTOR] 1
[SOLUTION → INTERACTOR] BUILD_CABLE 31 32
[INTERACTOR → SOLUTION] 6
[INTERACTOR → SOLUTION] 0 0 0 3 0
[SOLUTION → INTERACTOR] 0
[INTERACTOR → SOLUTION] 9
[INTERACTOR → SOLUTION] 0 0 0 3 0
[SOLUTION → INTERACTOR] 0
[INTERACTOR → SOLUTION] 11
[INTERACTOR → SOLUTION] 0 0 0 4 0
[SOLUTION → INTERACTOR] 0
[INTERACTOR → SOLUTION] 10
[INTERACTOR → SOLUTION] 0 0 0 5 0
[SOLUTION → INTERACTOR] 0
[INTERACTOR → SOLUTION] 8
[INTERACTOR → SOLUTION] 1 1 0 5 0
[SOLUTION → INTERACTOR] 1
[SOLUTION → INTERACTOR] BUILD_CABLE 26 14
[INTERACTOR → SOLUTION] 8
[INTERACTOR → SOLUTION] 1 1 0 5 0
[SOLUTION → INTERACTOR] 1
[SOLUTION → INTERACTOR] BUILD_CABLE 14 15
[INTERACTOR → SOLUTION] 7
[INTERACTOR → SOLUTION] 0 0 0 5 0
[SOLUTION → INTERACTOR] 0
[INTERACTOR → SOLUTION] 11
[INTERACTOR → SOLUTION] 0 0 0 6 0
[SOLUTION → INTERACTOR] 0
[INTERACTOR → SOLUTION] 8
[INTERACTOR → SOLUTION] 1 1 0 6 0
[SOLUTION → INTERACTOR] 1
[SOLUTION → INTERACTOR] BUILD_CABLE 15 18
[INTERACTOR → SOLUTION] 7
[INTERACTOR → SOLUTION] 0 0 0 6 0
[SOLUTION → INTERACTOR] 0
[INTERACTOR → SOLUTION] 3
[INTERACTOR → SOLUTION] 0 0 0 6 0
[SOLUTION → INTERACTOR] 0
[INTERACTOR → SOLUTION] 2
[INTERACTOR → SOLUTION] 0 0 0 6 0
[SOLUTION → INTERACTOR] 0
[INTERACTOR → SOLUTION] 6
[INTERACTOR → SOLUTION] 0 0 0 6 0
[SOLUTION → INTERACTOR] 0
[INTERACTOR → SOLUTION] 7
[INTERACTOR → SOLUTION] 0 0 0 6 0
[SOLUTION → INTERACTOR] 0
[INTERACTOR → SOLUTION] 5
[INTERACTOR → SOLUTION] 0 0 0 6 0
[SOLUTION → INTERACTOR] 0
[INTERACTOR → SOLUTION] 8
[INTERACTOR → SOLUTION] 1 1 0 6 0
[SOLUTION → INTERACTOR] 1
[SOLUTION → INTERACTOR] BUILD_CABLE 26 29
[INTERACTOR → SOLUTION] 6
[INTERACTOR → SOLUTION] 0 0 0 6 0
[SOLUTION → INTERACTOR] 0
[INTERACTOR → SOLUTION] 5
[INTERACTOR → SOLUTION] 0 0 0 6 0
[SOLUTION → INTERACTOR] 0
[INTERACTOR → SOLUTION] 8
[INTERACTOR → SOLUTION] 1 1 0 6 0
[SOLUTION → INTERACTOR] 1
[SOLUTION → INTERACTOR] BUILD_CABLE 29 39
[INTERACTOR → SOLUTION] 7
[INTERACTOR → SOLUTION] 0 0 0 6 0
[SOLUTION → INTERACTOR] 0
[INTERACTOR → SOLUTION] 4
[INTERACTOR → SOLUTION] 0 0 1 6 0
[SOLUTION → INTERACTOR] 0
[INTERACTOR → SOLUTION] 4
[INTERACTOR → SOLUTION] 0 0 2 6 0
[SOLUTION → INTERACTOR] 0
[INTERACTOR → SOLUTION] 7
[INTERACTOR → SOLUTION] 0 0 2 6 0
[SOLUTION → INTERACTOR] 0
[INTERACTOR → SOLUTION] 9
[INTERACTOR → SOLUTION] 0 0 2 6 0
[SOLUTION → INTERACTOR] 0
[INTERACTOR → SOLUTION] 10
[INTERACTOR → SOLUTION] 0 0 2 7 0
[SOLUTION → INTERACTOR] 0
[INTERACTOR → SOLUTION] 6
[INTERACTOR → SOLUTION] 0 0 2 7 0
[SOLUTION → INTERACTOR] 0
[INTERACTOR → SOLUTION] 12
[INTERACTOR → SOLUTION] 0 0 2 7 0
[SOLUTION → INTERACTOR] 0
[INTERACTOR → SOLUTION] 5
[INTERACTOR → SOLUTION] 0 0 2 7 0
[SOLUTION → INTERACTOR] 0
[INTERACTOR → SOLUTION] 8
[INTERACTOR → SOLUTION] 1 1 2 7 0
[SOLUTION → INTERACTOR] 1
[SOLUTION → INTERACTOR] BUILD_DC 32
[INTERACTOR → SOLUTION] 6
[INTERACTOR → SOLUTION] 0 0 1 7 0
[SOLUTION → INTERACTOR] 0
[INTERACTOR → SOLUTION] 10
[INTERACTOR → SOLUTION] 0 0 1 8 0
[SOLUTION → INTERACTOR] 0
[INTERACTOR → SOLUTION] 5
[INTERACTOR → SOLUTION] 1 0 1 8 0
[SOLUTION → INTERACTOR] 0
[INTERACTOR → SOLUTION] 7
[INTERACTOR → SOLUTION] 1 0 1 8 0
[SOLUTION → INTERACTOR] 0
[INTERACTOR → SOLUTION] 5
[INTERACTOR → SOLUTION] 2 0 1 8 0
[SOLUTION → INTERACTOR] 0
[INTERACTOR → SOLUTION] 7
[INTERACTOR → SOLUTION] 2 0 1 8 0
[SOLUTION → INTERACTOR] 0
[INTERACTOR → SOLUTION] 6
[INTERACTOR → SOLUTION] 2 0 1 9 0
[SOLUTION → INTERACTOR] 0
[INTERACTOR → SOLUTION] 7
[INTERACTOR → SOLUTION] 2 0 1 9 0
[SOLUTION → INTERACTOR] 0
[INTERACTOR → SOLUTION] 4
[INTERACTOR → SOLUTION] 2 0 2 9 0
[SOLUTION → INTERACTOR] 0
[INTERACTOR → SOLUTION] 6
[INTERACTOR → SOLUTION] 2 0 2 10 0
[SOLUTION → INTERACTOR] 0
[INTERACTOR → SOLUTION] 9
[INTERACTOR → SOLUTION] 2 0 2 10 0
[SOLUTION → INTERACTOR] 0
[INTERACTOR → SOLUTION] 8
[INTERACTOR → SOLUTION] 4 1 2 10 0
[SOLUTION → INTERACTOR] 1
[SOLUTION → INTERACTOR] BUILD_DC 18
[INTERACTOR → SOLUTION] 6
[INTERACTOR → SOLUTION] 3 0 1 11 0
[SOLUTION → INTERACTOR] 0
[INTERACTOR → SOLUTION] 10
[INTERACTOR → SOLUTION] 3 0 2 12 0
[SOLUTION → INTERACTOR] 0
[INTERACTOR → SOLUTION] 6
[INTERACTOR → SOLUTION] 3 0 2 14 0
[SOLUTION → INTERACTOR] 0
[INTERACTOR → SOLUTION] 7
[INTERACTOR → SOLUTION] 3 0 2 14 0
[SOLUTION → INTERACTOR] 0
[INTERACTOR → SOLUTION] 7
[INTERACTOR → SOLUTION] 3 0 2 14 0
[SOLUTION → INTERACTOR] 0
[INTERACTOR → SOLUTION] 8
[INTERACTOR → SOLUTION] 5 1 2 14 0
[SOLUTION → INTERACTOR] 1
[SOLUTION → INTERACTOR] BUILD_DC 39
[INTERACTOR → SOLUTION] 4
[INTERACTOR → SOLUTION] 4 0 2 13 0
[SOLUTION → INTERACTOR] 0
[INTERACTOR → SOLUTION] 9
[INTERACTOR → SOLUTION] 4 0 2 13 0
[SOLUTION → INTERACTOR] 0
[INTERACTOR → SOLUTION] 8
[INTERACTOR → SOLUTION] 6 2 2 13 0
[SOLUTION → INTERACTOR] 2
[SOLUTION → INTERACTOR] BUILD_DC 14
[SOLUTION → INTERACTOR] BUILD_CABLE 15 0
[INTERACTOR → SOLUTION] 12
[INTERACTOR → SOLUTION] 4 0 1 12 0
[SOLUTION → INTERACTOR] 0
[INTERACTOR → SOLUTION] 6
[INTERACTOR → SOLUTION] 4 1 1 14 0
[SOLUTION → INTERACTOR] 1
[SOLUTION → INTERACTOR] BUILD_DC 0
[INTERACTOR → SOLUTION] 7
[INTERACTOR → SOLUTION] 3 0 0 13 0
[SOLUTION → INTERACTOR] 0
[INTERACTOR → SOLUTION] 8
[INTERACTOR → SOLUTION] 5 2 0 13 0
[SOLUTION → INTERACTOR] 2
[SOLUTION → INTERACTOR] BUILD_CABLE 43 44
[SOLUTION → INTERACTOR] BUILD_CABLE 44 45
[INTERACTOR → SOLUTION] 7
[INTERACTOR → SOLUTION] 3 0 0 13 0
[SOLUTION → INTERACTOR] 0
[INTERACTOR → SOLUTION] 10
[INTERACTOR → SOLUTION] 3 0 2 15 0
[SOLUTION → INTERACTOR] 0
[INTERACTOR → SOLUTION] 6
[INTERACTOR → SOLUTION] 3 1 2 17 0
[SOLUTION → INTERACTOR] 1
[SOLUTION → INTERACTOR] BUILD_DC 45
[INTERACTOR → SOLUTION] 4
[INTERACTOR → SOLUTION] 2 0 3 16 0
[SOLUTION → INTERACTOR] 0
[INTERACTOR → SOLUTION] 4
[INTERACTOR → SOLUTION] 2 0 5 16 0
[SOLUTION → INTERACTOR] 0
[INTERACTOR → SOLUTION] 6
[INTERACTOR → SOLUTION] 2 1 5 18 0
[SOLUTION → INTERACTOR] 1
[SOLUTION → INTERACTOR] BUILD_CABLE 43 51
[INTERACTOR → SOLUTION] 10
[INTERACTOR → SOLUTION] 1 0 7 20 0
[SOLUTION → INTERACTOR] 2
[SOLUTION → INTERACTOR] CONVERT 2 1
[SOLUTION → INTERACTOR] BUILD_CABLE 51 52
[INTERACTOR → SOLUTION] 7
[INTERACTOR → SOLUTION] 0 0 4 20 0
[SOLUTION → INTERACTOR] 0
[INTERACTOR → SOLUTION] 9
[INTERACTOR → SOLUTION] 0 0 4 22 0
[SOLUTION → INTERACTOR] 0
[INTERACTOR → SOLUTION] 8
[INTERACTOR → SOLUTION] 2 2 4 22 0
[SOLUTION → INTERACTOR] 2
[SOLUTION → INTERACTOR] BUILD_DC 52
[SOLUTION → INTERACTOR] BUILD_CABLE 32 20
[INTERACTOR → SOLUTION] 6
[INTERACTOR → SOLUTION] 0 1 3 23 0
[SOLUTION → INTERACTOR] 0
[INTERACTOR → SOLUTION] 10
[INTERACTOR → SOLUTION] 0 1 5 25 0
[SOLUTION → INTERACTOR] 0
[INTERACTOR → SOLUTION] 4
[INTERACTOR → SOLUTION] 0 1 8 25 0
[SOLUTION → INTERACTOR] 2
[SOLUTION → INTERACTOR] CONVERT 2 0
[SOLUTION → INTERACTOR] BUILD_CABLE 20 21
[INTERACTOR → SOLUTION] 9
[INTERACTOR → SOLUTION] 0 0 5 27 0
[SOLUTION → INTERACTOR] 0
[INTERACTOR → SOLUTION] 9
[INTERACTOR → SOLUTION] 0 0 5 29 0
[SOLUTION → INTERACTOR] 0
[INTERACTOR → SOLUTION] 8
[INTERACTOR → SOLUTION] 2 2 5 29 0
[SOLUTION → INTERACTOR] 2
[SOLUTION → INTERACTOR] BUILD_DC 21
[SOLUTION → INTERACTOR] BUILD_CABLE 21 10
[INTERACTOR → SOLUTION] 9
[INTERACTOR → SOLUTION] 0 0 4 30 0
[SOLUTION → INTERACTOR] 0
[INTERACTOR → SOLUTION] 11
[INTERACTOR → SOLUTION] 0 1 4 31 0
[SOLUTION → INTERACTOR] 0
[INTERACTOR → SOLUTION] 7
[INTERACTOR → SOLUTION] 0 1 4 31 0
[SOLUTION → INTERACTOR] 0
[INTERACTOR → SOLUTION] 5
[INTERACTOR → SOLUTION] 2 1 4 31 2
[SOLUTION → INTERACTOR] 1
[SOLUTION → INTERACTOR] BUILD_CABLE 10 11
[INTERACTOR → SOLUTION] 3
[INTERACTOR → SOLUTION] 1 0 4 31 3
[SOLUTION → INTERACTOR] 1
[SOLUTION → INTERACTOR] UPGRADE_DC 32
[INTERACTOR → SOLUTION] 7
[INTERACTOR → SOLUTION] 1 0 4 29 0
[SOLUTION → INTERACTOR] 0
[INTERACTOR → SOLUTION] 4
[INTERACTOR → SOLUTION] 2 0 7 29 0
[SOLUTION → INTERACTOR] 2
[SOLUTION → INTERACTOR] CONVERT 2 1
[SOLUTION → INTERACTOR] BUILD_DC 11
[INTERACTOR → SOLUTION] 4
[INTERACTOR → SOLUTION] 3 0 6 28 0
[SOLUTION → INTERACTOR] 1
[SOLUTION → INTERACTOR] CONVERT 2 1
[INTERACTOR → SOLUTION] 11
[INTERACTOR → SOLUTION] 3 2 3 29 0
[SOLUTION → INTERACTOR] 0
[INTERACTOR → SOLUTION] 9
[INTERACTOR → SOLUTION] 3 2 4 31 0
[SOLUTION → INTERACTOR] 0
[INTERACTOR → SOLUTION] 8
[INTERACTOR → SOLUTION] 6 4 4 31 0
[SOLUTION → INTERACTOR] 0
[INTERACTOR → SOLUTION] 7
[INTERACTOR → SOLUTION] 6 4 4 31 0
[SOLUTION → INTERACTOR] 0
[INTERACTOR → SOLUTION] 6
[INTERACTOR → SOLUTION] 6 5 4 34 0
[SOLUTION → INTERACTOR] 0
[INTERACTOR → SOLUTION] 4
[INTERACTOR → SOLUTION] 8 5 7 34 0
[SOLUTION → INTERACTOR] 0
[INTERACTOR → SOLUTION] 92
[INTERACTOR → SOLUTION] 3 5 25 26 14 17 27 28
[INTERACTOR → SOLUTION] 1 12 38 39 29 26 25 40
[INTERACTOR → SOLUTION] 1 11 47 48 41 39 38 49
[INTERACTOR → SOLUTION] 5 0 14 15 0 5 16 17
[INTERACTOR → SOLUTION] 0 3 29 30 18 15 14 26
[INTERACTOR → SOLUTION] 0 4 41 42 31 30 29 39
[INTERACTOR → SOLUTION] 0 8 50 51 43 42 41 48
[INTERACTOR → SOLUTION] 3 3 0 1 2 3 4 5
[INTERACTOR → SOLUTION] 2 6 18 19 6 1 0 15
[INTERACTOR → SOLUTION] 4 2 31 32 20 19 18 30
[INTERACTOR → SOLUTION] 1 10 43 44 33 32 31 42
[INTERACTOR → SOLUTION] 4 4 52 53 45 44 43 51
[INTERACTOR → SOLUTION] 2 10 6 7 8 9 2 1
[INTERACTOR → SOLUTION] 2 5 20 21 10 7 6 19
[INTERACTOR → SOLUTION] 2 11 33 34 22 21 20 32
[INTERACTOR → SOLUTION] 0 8 45 46 35 34 33 44
[INTERACTOR → SOLUTION] 3 9 10 11 12 13 8 7
[INTERACTOR → SOLUTION] 4 9 22 23 24 11 10 21
[INTERACTOR → SOLUTION] 3 6 35 36 37 23 22 34
[INTERACTOR → SOLUTION] C0 2 25 28
[INTERACTOR → SOLUTION] C1 2 47 49
[INTERACTOR → SOLUTION] C2 2 38 40
[INTERACTOR → SOLUTION] C3 2 35 46
[INTERACTOR → SOLUTION] C4 2 45 53
[INTERACTOR → SOLUTION] C31 8 23 37 50 51 3 4 11 24
[SOLUTION → INTERACTOR] START
[SOLUTION → INTERACTOR] BUILD_DC 7
[SOLUTION → INTERACTOR] BUILD_DC 42
[SOLUTION → INTERACTOR] BUILD_CABLE 7 6
[SOLUTION → INTERACTOR] BUILD_CABLE 42 43
[INTERACTOR → SOLUTION] 9
[INTERACTOR → SOLUTION] 0 0 0 1 0
[SOLUTION → INTERACTOR] 0
[INTERACTOR → SOLUTION] 9
[INTERACTOR → SOLUTION] 0 0 0 2 0
[SOLUTION → INTERACTOR] 0
[INTERACTOR → SOLUTION] 4
[INTERACTOR → SOLUTION] 1 0 0 2 0
[SOLUTION → INTERACTOR] 0
[INTERACTOR → SOLUTION] 3
[INTERACTOR → SOLUTION] 1 0 0 2 0
[SOLUTION → INTERACTOR] 0
[INTERACTOR → SOLUTION] 6
[INTERACTOR → SOLUTION] 1 0 0 2 0
[SOLUTION → INTERACTOR] 0
[INTERACTOR → SOLUTION] 4
[INTERACTOR → SOLUTION] 2 0 0 2 0
[SOLUTION → INTERACTOR] 0
[INTERACTOR → SOLUTION] 5
[INTERACTOR → SOLUTION] 2 0 1 2 0
[SOLUTION → INTERACTOR] 0
[INTERACTOR → SOLUTION] 7
[INTERACTOR → SOLUTION] 2 0 1 2 0
[SOLUTION → INTERACTOR] 0
[INTERACTOR → SOLUTION] 6
[INTERACTOR → SOLUTION] 2 0 1 2 0
[SOLUTION → INTERACTOR] 0
[INTERACTOR → SOLUTION] 10
[INTERACTOR → SOLUTION] 2 1 2 2 0
[SOLUTION → INTERACTOR] 1
[SOLUTION → INTERACTOR] BUILD_CABLE 43 51
[INTERACTOR → SOLUTION] 10
[INTERACTOR → SOLUTION] 1 1 3 2 0
[SOLUTION → INTERACTOR] 1
[SOLUTION → INTERACTOR] BUILD_DC 51
[INTERACTOR → SOLUTION] 11
[INTERACTOR → SOLUTION] 0 0 2 1 0
[SOLUTION → INTERACTOR] 0
[INTERACTOR → SOLUTION] 5
[INTERACTOR → SOLUTION] 0 0 3 1 0
[SOLUTION → INTERACTOR] 0
[INTERACTOR → SOLUTION] 8
[INTERACTOR → SOLUTION] 2 0 3 1 0
[SOLUTION → INTERACTOR] 0
[INTERACTOR → SOLUTION] 8
[INTERACTOR → SOLUTION] 4 0 3 1 0
[SOLUTION → INTERACTOR] 0
[INTERACTOR → SOLUTION] 5
[INTERACTOR → SOLUTION] 4 0 4 1 0
[SOLUTION → INTERACTOR] 0
[INTERACTOR → SOLUTION] 5
[INTERACTOR → SOLUTION] 4 0 5 1 0
[SOLUTION → INTERACTOR] 0
[INTERACTOR → SOLUTION] 6
[INTERACTOR → SOLUTION] 4 0 5 1 0
[SOLUTION → INTERACTOR] 0
[INTERACTOR → SOLUTION] 11
[INTERACTOR → SOLUTION] 4 0 5 1 0
[SOLUTION → INTERACTOR] 0
[INTERACTOR → SOLUTION] 7
[INTERACTOR → SOLUTION] 4 0 5 1 0
[SOLUTION → INTERACTOR] 0
[INTERACTOR → SOLUTION] 10
[INTERACTOR → SOLUTION] 4 1 6 1 0
[SOLUTION → INTERACTOR] 3
[SOLUTION → INTERACTOR] BUILD_CABLE 43 44
[SOLUTION → INTERACTOR] CONVERT 2 1
[SOLUTION → INTERACTOR] BUILD_DC 44
[INTERACTOR → SOLUTION] 4
[INTERACTOR → SOLUTION] 3 0 2 0 2
[SOLUTION → INTERACTOR] 0
[INTERACTOR → SOLUTION] 2
[INTERACTOR → SOLUTION] 3 0 2 0 2
[SOLUTION → INTERACTOR] 0
[INTERACTOR → SOLUTION] 2
[INTERACTOR → SOLUTION] 3 0 2 0 2
[SOLUTION → INTERACTOR] 0
[INTERACTOR → SOLUTION] 5
[INTERACTOR → SOLUTION] 3 0 3 0 2
[SOLUTION → INTERACTOR] 0
[INTERACTOR → SOLUTION] 11
[INTERACTOR → SOLUTION] 3 0 3 0 2
[SOLUTION → INTERACTOR] 0
[INTERACTOR → SOLUTION] 8
[INTERACTOR → SOLUTION] 6 0 3 0 2
[SOLUTION → INTERACTOR] 2
[SOLUTION → INTERACTOR] CONVERT 0 1
[SOLUTION → INTERACTOR] BUILD_CABLE 6 1
[INTERACTOR → SOLUTION] 7
[INTERACTOR → SOLUTION] 2 0 3 0 2
[SOLUTION → INTERACTOR] 0
[INTERACTOR → SOLUTION] 9
[INTERACTOR → SOLUTION] 2 0 3 1 2
[SOLUTION → INTERACTOR] 0
[INTERACTOR → SOLUTION] 3
[INTERACTOR → SOLUTION] 2 0 3 1 2
[SOLUTION → INTERACTOR] 0
[INTERACTOR → SOLUTION] 3
[INTERACTOR → SOLUTION] 2 0 3 1 2
[SOLUTION → INTERACTOR] 0
[INTERACTOR → SOLUTION] 6
[INTERACTOR → SOLUTION] 2 0 3 1 2
[SOLUTION → INTERACTOR] 0
[INTERACTOR → SOLUTION] 10
[INTERACTOR → SOLUTION] 2 2 4 1 2
[SOLUTION → INTERACTOR] 2
[SOLUTION → INTERACTOR] BUILD_DC 1
[SOLUTION → INTERACTOR] BUILD_CABLE 6 19
[INTERACTOR → SOLUTION] 9
[INTERACTOR → SOLUTION] 0 0 3 1 2
[SOLUTION → INTERACTOR] 0
[INTERACTOR → SOLUTION] 9
[INTERACTOR → SOLUTION] 0 0 3 2 2
[SOLUTION → INTERACTOR] 0
[INTERACTOR → SOLUTION] 11
[INTERACTOR → SOLUTION] 0 0 3 2 2
[SOLUTION → INTERACTOR] 0
[INTERACTOR → SOLUTION] 7
[INTERACTOR → SOLUTION] 0 0 3 2 2
[SOLUTION → INTERACTOR] 0
[INTERACTOR → SOLUTION] 6
[INTERACTOR → SOLUTION] 0 0 4 2 2
[SOLUTION → INTERACTOR] 0
[INTERACTOR → SOLUTION] 8
[INTERACTOR → SOLUTION] 3 0 4 2 2
[SOLUTION → INTERACTOR] 0
[INTERACTOR → SOLUTION] 6
[INTERACTOR → SOLUTION] 3 0 5 2 2
[SOLUTION → INTERACTOR] 0
[INTERACTOR → SOLUTION] 6
[INTERACTOR → SOLUTION] 3 0 6 2 2
[SOLUTION → INTERACTOR] 2
[SOLUTION → INTERACTOR] CONVERT 2 1
[SOLUTION → INTERACTOR] BUILD_DC 19
[INTERACTOR → SOLUTION] 2
[INTERACTOR → SOLUTION] 2 0 2 1 3
[SOLUTION → INTERACTOR] 0
[INTERACTOR → SOLUTION] 9
[INTERACTOR → SOLUTION] 2 0 2 2 3
[SOLUTION → INTERACTOR] 1
[SOLUTION → INTERACTOR] UPGRADE_DC 7
[INTERACTOR → SOLUTION] 6
[INTERACTOR → SOLUTION] 2 0 4 0 0
[SOLUTION → INTERACTOR] 0
[INTERACTOR → SOLUTION] 7
[INTERACTOR → SOLUTION] 2 0 4 0 0
[SOLUTION → INTERACTOR] 0
[INTERACTOR → SOLUTION] 8
[INTERACTOR → SOLUTION] 5 0 4 0 0
[SOLUTION → INTERACTOR] 0
[INTERACTOR → SOLUTION] 5
[INTERACTOR → SOLUTION] 5 0 7 0 0
[SOLUTION → INTERACTOR] 2
[SOLUTION → INTERACTOR] CONVERT 2 1
[SOLUTION → INTERACTOR] BUILD_CABLE 7 10
[INTERACTOR → SOLUTION] 8
[INTERACTOR → SOLUTION] 7 0 4 0 0
[SOLUTION → INTERACTOR] 2
[SOLUTION → INTERACTOR] CONVERT 0 1
[SOLUTION → INTERACTOR] BUILD_CABLE 10 11
[INTERACTOR → SOLUTION] 6
[INTERACTOR → SOLUTION] 3 0 6 0 0
[SOLUTION → INTERACTOR] 2
[SOLUTION → INTERACTOR] CONVERT 2 1
[SOLUTION → INTERACTOR] BUILD_CABLE 11 24
[INTERACTOR → SOLUTION] 7
[INTERACTOR → SOLUTION] 2 0 3 0 0
[SOLUTION → INTERACTOR] 0
[INTERACTOR → SOLUTION] 7
[INTERACTOR → SOLUTION] 2 0 3 0 0
[SOLUTION → INTERACTOR] 0
[INTERACTOR → SOLUTION] 5
[INTERACTOR → SOLUTION] 2 0 6 0 0
[SOLUTION → INTERACTOR] 2
[SOLUTION → INTERACTOR] CONVERT 2 1
[SOLUTION → INTERACTOR] BUILD_CABLE 24 23
[INTERACTOR → SOLUTION] 9
[INTERACTOR → SOLUTION] 1 0 3 2 0
[SOLUTION → INTERACTOR] 0
[INTERACTOR → SOLUTION] 9
[INTERACTOR → SOLUTION] 1 0 3 4 0
[SOLUTION → INTERACTOR] 0
[INTERACTOR → SOLUTION] 12
[INTERACTOR → SOLUTION] 1 0 3 4 0
[SOLUTION → INTERACTOR] 0
[INTERACTOR → SOLUTION] 5
[INTERACTOR → SOLUTION] 1 0 6 4 0
[SOLUTION → INTERACTOR] 2
[SOLUTION → INTERACTOR] CONVERT 2 1
[SOLUTION → INTERACTOR] BUILD_DC 23
[INTERACTOR → SOLUTION] 12
[INTERACTOR → SOLUTION] 0 0 2 3 0
[SOLUTION → INTERACTOR] 0
[INTERACTOR → SOLUTION] 3
[INTERACTOR → SOLUTION] 0 0 2 4 0
[SOLUTION → INTERACTOR] 0
[INTERACTOR → SOLUTION] 8
[INTERACTOR → SOLUTION] 3 0 2 4 0
[SOLUTION → INTERACTOR] 0
[INTERACTOR → SOLUTION] 8
[INTERACTOR → SOLUTION] 6 0 2 4 0
[SOLUTION → INTERACTOR] 2
[SOLUTION → INTERACTOR] CONVERT 0 1
[SOLUTION → INTERACTOR] BUILD_DC 11
[INTERACTOR → SOLUTION] 5
[INTERACTOR → SOLUTION] 2 0 4 3 0
[SOLUTION → INTERACTOR] 0
[INTERACTOR → SOLUTION] 7
[INTERACTOR → SOLUTION] 2 0 4 3 0
[SOLUTION → INTERACTOR] 0
[INTERACTOR → SOLUTION] 10
[INTERACTOR → SOLUTION] 2 2 7 3 0
[SOLUTION → INTERACTOR] 3
[SOLUTION → INTERACTOR] BUILD_CABLE 10 21
[SOLUTION → INTERACTOR] BUILD_DC 21
[SOLUTION → INTERACTOR] CONVERT 2 0
[INTERACTOR → SOLUTION] 7
[INTERACTOR → SOLUTION] 1 0 3 2 0
[SOLUTION → INTERACTOR] 0
[INTERACTOR → SOLUTION] 12
[INTERACTOR → SOLUTION] 1 0 3 2 0
[SOLUTION → INTERACTOR] 0
[INTERACTOR → SOLUTION] 11
[INTERACTOR → SOLUTION] 1 0 4 2 0
[SOLUTION → INTERACTOR] 0
[INTERACTOR → SOLUTION] 4
[INTERACTOR → SOLUTION] 2 0 4 2 2
[SOLUTION → INTERACTOR] 0
[INTERACTOR → SOLUTION] 9
[INTERACTOR → SOLUTION] 2 0 4 5 5
[SOLUTION → INTERACTOR] 1
[SOLUTION → INTERACTOR] UPGRADE_DC 42
[INTERACTOR → SOLUTION] 10
[INTERACTOR → SOLUTION] 2 3 7 3 2
[SOLUTION → INTERACTOR] 4
[SOLUTION → INTERACTOR] BUILD_CABLE 1 2
[SOLUTION → INTERACTOR] BUILD_CABLE 2 3
[SOLUTION → INTERACTOR] CONVERT 2 0
[SOLUTION → INTERACTOR] BUILD_DC 3
[INTERACTOR → SOLUTION] 7
[INTERACTOR → SOLUTION] 0 0 3 2 2
[SOLUTION → INTERACTOR] 0
[INTERACTOR → SOLUTION] 5
[INTERACTOR → SOLUTION] 0 0 7 2 2
[SOLUTION → INTERACTOR] 1
[SOLUTION → INTERACTOR] CONVERT 2 0
[INTERACTOR → SOLUTION] 10
[INTERACTOR → SOLUTION] 1 3 7 2 2
[SOLUTION → INTERACTOR] 3
[SOLUTION → INTERACTOR] BUILD_CABLE 21 22
[SOLUTION → INTERACTOR] CONVERT 2 0
[SOLUTION → INTERACTOR] BUILD_CABLE 22 34
[INTERACTOR → SOLUTION] 11
[INTERACTOR → SOLUTION] 0 1 5 2 2
[SOLUTION → INTERACTOR] 0
[INTERACTOR → SOLUTION] 6
[INTERACTOR → SOLUTION] 0 1 7 3 2
[SOLUTION → INTERACTOR] 2
[SOLUTION → INTERACTOR] CONVERT 2 0
[SOLUTION → INTERACTOR] BUILD_DC 34
[INTERACTOR → SOLUTION] 9
[INTERACTOR → SOLUTION] 0 0 3 5 5
[SOLUTION → INTERACTOR] 1
[SOLUTION → INTERACTOR] UPGRADE_DC 34
[INTERACTOR → SOLUTION] 10
[INTERACTOR → SOLUTION] 0 3 6 3 2
[SOLUTION → INTERACTOR] 2
[SOLUTION → INTERACTOR] CONVERT 2 0
[SOLUTION → INTERACTOR] BUILD_CABLE 1 0
[INTERACTOR → SOLUTION] 9
[INTERACTOR → SOLUTION] 0 2 3 6 5
[SOLUTION → INTERACTOR] 1
[SOLUTION → INTERACTOR] UPGRADE_DC 44
[INTERACTOR → SOLUTION] 10
[INTERACTOR → SOLUTION] 0 6 6 4 2
[SOLUTION → INTERACTOR] 4
[SOLUTION → INTERACTOR] CONVERT 1 0
[SOLUTION → INTERACTOR] BUILD_CABLE 0 15
[SOLUTION → INTERACTOR] CONVERT 2 0
[SOLUTION → INTERACTOR] BUILD_DC 15
[INTERACTOR → SOLUTION] 4
[INTERACTOR → SOLUTION] 2 1 2 3 5
[SOLUTION → INTERACTOR] 2
[SOLUTION → INTERACTOR] UPGRADE_DC 1
[SOLUTION → INTERACTOR] BUILD_CABLE 15 14
[INTERACTOR → SOLUTION] 7
[INTERACTOR → SOLUTION] 1 0 2 1 2
[SOLUTION → INTERACTOR] 0
[INTERACTOR → SOLUTION] 10
[INTERACTOR → SOLUTION] 1 4 6 1 2
[SOLUTION → INTERACTOR] 3
[SOLUTION → INTERACTOR] BUILD_CABLE 14 26
[SOLUTION → INTERACTOR] CONVERT 2 0
[SOLUTION → INTERACTOR] BUILD_DC 26
[INTERACTOR → SOLUTION] 7
[INTERACTOR → SOLUTION] 0 2 2 0 2
[SOLUTION → INTERACTOR] 0
[INTERACTOR → SOLUTION] 12
[INTERACTOR → SOLUTION] 0 3 2 0 2
[SOLUTION → INTERACTOR] 0
[INTERACTOR → SOLUTION] 6
[INTERACTOR → SOLUTION] 0 3 6 3 2
[SOLUTION → INTERACTOR] 1
[SOLUTION → INTERACTOR] CONVERT 2 0
[INTERACTOR → SOLUTION] 6
[INTERACTOR → SOLUTION] 1 3 7 6 2
[SOLUTION → INTERACTOR] 0
[INTERACTOR → SOLUTION] 10
[INTERACTOR → SOLUTION] 1 7 11 6 2
[SOLUTION → INTERACTOR] 0
[INTERACTOR → SOLUTION] 9
[INTERACTOR → SOLUTION] 1 7 11 9 5
[SOLUTION → INTERACTOR] 1
[SOLUTION → INTERACTOR] UPGRADE_DC 19
[INTERACTOR → SOLUTION] 6
[INTERACTOR → SOLUTION] 1 7 16 10 2
[SOLUTION → INTERACTOR] 2
[SOLUTION → INTERACTOR] CONVERT 2 4
[SOLUTION → INTERACTOR] UPGRADE_DC 21
[INTERACTOR → SOLUTION] 8
[INTERACTOR → SOLUTION] 8 7 13 8 0
[SOLUTION → INTERACTOR] 0
[INTERACTOR → SOLUTION] 3
[INTERACTOR → SOLUTION] 10 7 13 11 0
[SOLUTION → INTERACTOR] 0
[INTERACTOR → SOLUTION] 7
[INTERACTOR → SOLUTION] 10 7 13 11 0
[SOLUTION → INTERACTOR] 0
[INTERACTOR → SOLUTION] 7
[INTERACTOR → SOLUTION] 10 7 13 11 0
[SOLUTION → INTERACTOR] 0
[INTERACTOR → SOLUTION] 98
[INTERACTOR → SOLUTION] 3 5 25 26 14 17 27 28
[INTERACTOR → SOLUTION] 0 10 38 39 29 26 25 40
[INTERACTOR → SOLUTION] 3 11 47 48 41 39 38 49
[INTERACTOR → SOLUTION] 2 2 14 15 0 5 16 17
[INTERACTOR → SOLUTION] 0 3 29 30 18 15 14 26
[INTERACTOR → SOLUTION] 1 11 41 42 31 30 29 39
[INTERACTOR → SOLUTION] 2 8 50 51 43 42 41 48
[INTERACTOR → SOLUTION] 1 9 0 1 2 3 4 5
[INTERACTOR → SOLUTION] 3 9 18 19 6 1 0 15
[INTERACTOR → SOLUTION] 4 12 31 32 20 19 18 30
[INTERACTOR → SOLUTION] 2 3 43 44 33 32 31 42
[INTERACTOR → SOLUTION] 3 8 52 53 45 44 43 51
[INTERACTOR → SOLUTION] 4 6 6 7 8 9 2 1
[INTERACTOR → SOLUTION] 1 10 20 21 10 7 6 19
[INTERACTOR → SOLUTION] 0 4 33 34 22 21 20 32
[INTERACTOR → SOLUTION] 5 0 45 46 35 34 33 44
[INTERACTOR → SOLUTION] 4 5 10 11 12 13 8 7
[INTERACTOR → SOLUTION] 2 6 22 23 24 11 10 21
[INTERACTOR → SOLUTION] 0 4 35 36 37 23 22 34
[INTERACTOR → SOLUTION] C0 2 50 51
[INTERACTOR → SOLUTION] C1 2 36 37
[INTERACTOR → SOLUTION] C2 2 47 48
[INTERACTOR → SOLUTION] C3 2 3 4
[INTERACTOR → SOLUTION] C4 2 52 53
[INTERACTOR → SOLUTION] C31 8 38 49 45 46 25 40 11 12
[SOLUTION → INTERACTOR] START
[SOLUTION → INTERACTOR] BUILD_DC 0
[SOLUTION → INTERACTOR] BUILD_DC 22
[SOLUTION → INTERACTOR] BUILD_CABLE 0 1
[SOLUTION → INTERACTOR] BUILD_CABLE 22 21
[INTERACTOR → SOLUTION] 10
[INTERACTOR → SOLUTION] 0 0 0 0 0
[SOLUTION → INTERACTOR] 0
[INTERACTOR → SOLUTION] 2
[INTERACTOR → SOLUTION] 0 0 1 0 0
[SOLUTION → INTERACTOR] 0
[INTERACTOR → SOLUTION] 7
[INTERACTOR → SOLUTION] 0 0 1 0 0
[SOLUTION → INTERACTOR] 0
[INTERACTOR → SOLUTION] 7
[INTERACTOR → SOLUTION] 0 0 1 0 0
[SOLUTION → INTERACTOR] 0
[INTERACTOR → SOLUTION] 8
[INTERACTOR → SOLUTION] 0 0 1 0 0
[SOLUTION → INTERACTOR] 0
[INTERACTOR → SOLUTION] 8
[INTERACTOR → SOLUTION] 0 0 1 0 0
[SOLUTION → INTERACTOR] 0
[INTERACTOR → SOLUTION] 8
[INTERACTOR → SOLUTION] 0 0 1 0 0
[SOLUTION → INTERACTOR] 0
[INTERACTOR → SOLUTION] 9
[INTERACTOR → SOLUTION] 0 1 1 1 0
[SOLUTION → INTERACTOR] 0
[INTERACTOR → SOLUTION] 8
[INTERACTOR → SOLUTION] 0 1 1 1 0
[SOLUTION → INTERACTOR] 0
[INTERACTOR → SOLUTION] 12
[INTERACTOR → SOLUTION] 0 1 1 1 0
[SOLUTION → INTERACTOR] 0
[INTERACTOR → SOLUTION] 6
[INTERACTOR → SOLUTION] 0 1 2 1 0
[SOLUTION → INTERACTOR] 0
[INTERACTOR → SOLUTION] 5
[INTERACTOR → SOLUTION] 0 1 2 1 0
[SOLUTION → INTERACTOR] 0
[INTERACTOR → SOLUTION] 7
[INTERACTOR → SOLUTION] 0 1 2 1 0
[SOLUTION → INTERACTOR] 0
[INTERACTOR → SOLUTION] 9
[INTERACTOR → SOLUTION] 0 2 2 2 0
[SOLUTION → INTERACTOR] 0
[INTERACTOR → SOLUTION] 3
[INTERACTOR → SOLUTION] 0 2 2 2 0
[SOLUTION → INTERACTOR] 0
[INTERACTOR → SOLUTION] 6
[INTERACTOR → SOLUTION] 0 2 3 2 0
[SOLUTION → INTERACTOR] 0
[INTERACTOR → SOLUTION] 10
[INTERACTOR → SOLUTION] 0 2 3 2 0
[SOLUTION → INTERACTOR] 0
[INTERACTOR → SOLUTION] 5
[INTERACTOR → SOLUTION] 0 2 3 2 0
[SOLUTION → INTERACTOR] 0
[INTERACTOR → SOLUTION] 9
[INTERACTOR → SOLUTION] 0 3 3 3 0
[SOLUTION → INTERACTOR] 0
[INTERACTOR → SOLUTION] 10
[INTERACTOR → SOLUTION] 0 3 3 3 0
[SOLUTION → INTERACTOR] 0
[INTERACTOR → SOLUTION] 3
[INTERACTOR → SOLUTION] 0 3 3 3 0
[SOLUTION → INTERACTOR] 0
[INTERACTOR → SOLUTION] 8
[INTERACTOR → SOLUTION] 0 3 3 3 0
[SOLUTION → INTERACTOR] 0
[INTERACTOR → SOLUTION] 6
[INTERACTOR → SOLUTION] 0 3 4 3 0
[SOLUTION → INTERACTOR] 0
[INTERACTOR → SOLUTION] 6
[INTERACTOR → SOLUTION] 0 3 5 3 0
[SOLUTION → INTERACTOR] 0
[INTERACTOR → SOLUTION] 6
[INTERACTOR → SOLUTION] 0 3 6 3 0
[SOLUTION → INTERACTOR] 0
[INTERACTOR → SOLUTION] 5
[INTERACTOR → SOLUTION] 0 3 6 3 0
[SOLUTION → INTERACTOR] 0
[INTERACTOR → SOLUTION] 4
[INTERACTOR → SOLUTION] 2 3 6 3 0
[SOLUTION → INTERACTOR] 2
[SOLUTION → INTERACTOR] BUILD_CABLE 1 6
[SOLUTION → INTERACTOR] BUILD_DC 6
[INTERACTOR → SOLUTION] 9
[INTERACTOR → SOLUTION] 0 2 5 4 0
[SOLUTION → INTERACTOR] 0
[INTERACTOR → SOLUTION] 11
[INTERACTOR → SOLUTION] 0 2 5 4 0
[SOLUTION → INTERACTOR] 0
[INTERACTOR → SOLUTION] 6
[INTERACTOR → SOLUTION] 0 2 6 4 1
[SOLUTION → INTERACTOR] 0
[INTERACTOR → SOLUTION] 6
[INTERACTOR → SOLUTION] 0 2 7 4 2
[SOLUTION → INTERACTOR] 2
[SOLUTION → INTERACTOR] CONVERT 2 0
[SOLUTION → INTERACTOR] BUILD_CABLE 21 10
[INTERACTOR → SOLUTION] 2
[INTERACTOR → SOLUTION] 0 1 4 4 2
[SOLUTION → INTERACTOR] 0
[INTERACTOR → SOLUTION] 8
[INTERACTOR → SOLUTION] 0 1 4 4 2
[SOLUTION → INTERACTOR] 0
[INTERACTOR → SOLUTION] 5
[INTERACTOR → SOLUTION] 0 1 4 4 2
[SOLUTION → INTERACTOR] 0
[INTERACTOR → SOLUTION] 8
[INTERACTOR → SOLUTION] 0 1 4 4 2
[SOLUTION → INTERACTOR] 0
[INTERACTOR → SOLUTION] 9
[INTERACTOR → SOLUTION] 0 2 4 6 2
[SOLUTION → INTERACTOR] 0
[INTERACTOR → SOLUTION] 8
[INTERACTOR → SOLUTION] 0 2 4 6 2
[SOLUTION → INTERACTOR] 0
[INTERACTOR → SOLUTION] 4
[INTERACTOR → SOLUTION] 2 2 4 6 2
[SOLUTION → INTERACTOR] 2
[SOLUTION → INTERACTOR] BUILD_DC 10
[SOLUTION → INTERACTOR] BUILD_CABLE 1 2
[INTERACTOR → SOLUTION] 7
[INTERACTOR → SOLUTION] 0 0 3 5 2
[SOLUTION → INTERACTOR] 0
[INTERACTOR → SOLUTION] 7
[INTERACTOR → SOLUTION] 0 0 3 5 2
[SOLUTION → INTERACTOR] 0
[INTERACTOR → SOLUTION] 7
[INTERACTOR → SOLUTION] 0 0 3 5 2
[SOLUTION → INTERACTOR] 0
[INTERACTOR → SOLUTION] 10
[INTERACTOR → SOLUTION] 0 2 3 5 2
[SOLUTION → INTERACTOR] 0
[INTERACTOR → SOLUTION] 2
[INTERACTOR → SOLUTION] 0 2 4 5 2
[SOLUTION → INTERACTOR] 0
[INTERACTOR → SOLUTION] 10
[INTERACTOR → SOLUTION] 0 4 4 5 2
[SOLUTION → INTERACTOR] 0
[INTERACTOR → SOLUTION] 11
[INTERACTOR → SOLUTION] 0 4 4 5 2
[SOLUTION → INTERACTOR] 0
[INTERACTOR → SOLUTION] 4
[INTERACTOR → SOLUTION] 2 4 4 5 2
[SOLUTION → INTERACTOR] 2
[SOLUTION → INTERACTOR] BUILD_DC 2
[SOLUTION → INTERACTOR] BUILD_CABLE 10 11
[INTERACTOR → SOLUTION] 7
[INTERACTOR → SOLUTION] 0 2 3 4 2
[SOLUTION → INTERACTOR] 0
[INTERACTOR → SOLUTION] 6
[INTERACTOR → SOLUTION] 0 2 5 4 4
[SOLUTION → INTERACTOR] 1
[SOLUTION → INTERACTOR] UPGRADE_DC 6
[INTERACTOR → SOLUTION] 8
[INTERACTOR → SOLUTION] 0 2 5 2 1
[SOLUTION → INTERACTOR] 0
[INTERACTOR → SOLUTION] 4
[INTERACTOR → SOLUTION] 2 2 5 2 1
[SOLUTION → INTERACTOR] 2
[SOLUTION → INTERACTOR] BUILD_CABLE 11 12
[SOLUTION → INTERACTOR] BUILD_DC 12
[INTERACTOR → SOLUTION] 4
[INTERACTOR → SOLUTION] 2 0 4 1 1
[SOLUTION → INTERACTOR] 0
[INTERACTOR → SOLUTION] 7
[INTERACTOR → SOLUTION] 2 0 4 1 1
[SOLUTION → INTERACTOR] 0
[INTERACTOR → SOLUTION] 7
[INTERACTOR → SOLUTION] 2 0 4 1 1
[SOLUTION → INTERACTOR] 0
[INTERACTOR → SOLUTION] 7
[INTERACTOR → SOLUTION] 2 0 4 1 1
[SOLUTION → INTERACTOR] 0
[INTERACTOR → SOLUTION] 10
[INTERACTOR → SOLUTION] 2 3 4 1 1
[SOLUTION → INTERACTOR] 2
[SOLUTION → INTERACTOR] BUILD_CABLE 21 20
[SOLUTION → INTERACTOR] BUILD_DC 20
[INTERACTOR → SOLUTION] 10
[INTERACTOR → SOLUTION] 0 5 3 0 1
[SOLUTION → INTERACTOR] 0
[INTERACTOR → SOLUTION] 6
[INTERACTOR → SOLUTION] 0 5 5 0 4
[SOLUTION → INTERACTOR] 0
[INTERACTOR → SOLUTION] 6
[INTERACTOR → SOLUTION] 0 5 7 0 7
[SOLUTION → INTERACTOR] 3
[SOLUTION → INTERACTOR] CONVERT 2 0
[SOLUTION → INTERACTOR] CONVERT 4 3
[SOLUTION → INTERACTOR] BUILD_CABLE 11 24
[INTERACTOR → SOLUTION] 4
[INTERACTOR → SOLUTION] 3 4 4 1 4
[SOLUTION → INTERACTOR] 3
[SOLUTION → INTERACTOR] BUILD_DC 24
[SOLUTION → INTERACTOR] BUILD_CABLE 2 9
[SOLUTION → INTERACTOR] BUILD_CABLE 9 8
[INTERACTOR → SOLUTION] 5
[INTERACTOR → SOLUTION] 0 1 3 0 6
[SOLUTION → INTERACTOR] 1
[SOLUTION → INTERACTOR] CONVERT 4 3
[INTERACTOR → SOLUTION] 9
[INTERACTOR → SOLUTION] 0 3 3 4 3
[SOLUTION → INTERACTOR] 1
[SOLUTION → INTERACTOR] UPGRADE_DC 10
[INTERACTOR → SOLUTION] 10
[INTERACTOR → SOLUTION] 0 8 3 2 0
[SOLUTION → INTERACTOR] 2
[SOLUTION → INTERACTOR] CONVERT 1 0
[SOLUTION → INTERACTOR] BUILD_DC 8
[INTERACTOR → SOLUTION] 11
[INTERACTOR → SOLUTION] 0 4 2 1 0
[SOLUTION → INTERACTOR] 0
[INTERACTOR → SOLUTION] 4
[INTERACTOR → SOLUTION] 3 4 2 1 0
[SOLUTION → INTERACTOR] 3
[SOLUTION → INTERACTOR] BUILD_CABLE 0 15
[SOLUTION → INTERACTOR] BUILD_CABLE 15 14
[SOLUTION → INTERACTOR] BUILD_DC 14
[INTERACTOR → SOLUTION] 5
[INTERACTOR → SOLUTION] 0 1 1 1 4
[SOLUTION → INTERACTOR] 0
[INTERACTOR → SOLUTION] 6
[INTERACTOR → SOLUTION] 0 1 5 1 8
[SOLUTION → INTERACTOR] 0
[INTERACTOR → SOLUTION] 7
[INTERACTOR → SOLUTION] 0 1 5 1 8
[SOLUTION → INTERACTOR] 0
[INTERACTOR → SOLUTION] 2
[INTERACTOR → SOLUTION] 0 1 7 1 8
[SOLUTION → INTERACTOR] 2
[SOLUTION → INTERACTOR] CONVERT 2 0
[SOLUTION → INTERACTOR] BUILD_CABLE 14 26
[INTERACTOR → SOLUTION] 8
[INTERACTOR → SOLUTION] 0 0 4 1 8
[SOLUTION → INTERACTOR] 0
[INTERACTOR → SOLUTION] 10
[INTERACTOR → SOLUTION] 0 5 4 1 8
[SOLUTION → INTERACTOR] 0
[INTERACTOR → SOLUTION] 7
[INTERACTOR → SOLUTION] 0 5 4 1 8
[SOLUTION → INTERACTOR] 0
[INTERACTOR → SOLUTION] 7
[INTERACTOR → SOLUTION] 0 5 4 1 8
[SOLUTION → INTERACTOR] 0
[INTERACTOR → SOLUTION] 5
[INTERACTOR → SOLUTION] 0 5 4 2 12
[SOLUTION → INTERACTOR] 2
[SOLUTION → INTERACTOR] UPGRADE_DC 22
[SOLUTION → INTERACTOR] CONVERT 4 3
[INTERACTOR → SOLUTION] 6
[INTERACTOR → SOLUTION] 0 5 9 1 10
[SOLUTION → INTERACTOR] 5
[SOLUTION → INTERACTOR] CONVERT 2 0
[SOLUTION → INTERACTOR] BUILD_CABLE 26 25
[SOLUTION → INTERACTOR] CONVERT 2 0
[SOLUTION → INTERACTOR] BUILD_DC 25
[SOLUTION → INTERACTOR] CONVERT 4 3
[INTERACTOR → SOLUTION] 5
[INTERACTOR → SOLUTION] 0 3 2 3 11
[SOLUTION → INTERACTOR] 1
[SOLUTION → INTERACTOR] UPGRADE_DC 0
[INTERACTOR → SOLUTION] 6
[INTERACTOR → SOLUTION] 0 3 7 1 12
[SOLUTION → INTERACTOR] 2
[SOLUTION → INTERACTOR] CONVERT 2 0
[SOLUTION → INTERACTOR] BUILD_CABLE 25 40
[INTERACTOR → SOLUTION] 6
[INTERACTOR → SOLUTION] 0 2 9 1 16
[SOLUTION → INTERACTOR] 5
[SOLUTION → INTERACTOR] CONVERT 2 0
[SOLUTION → INTERACTOR] BUILD_CABLE 40 38
[SOLUTION → INTERACTOR] CONVERT 2 0
[SOLUTION → INTERACTOR] BUILD_DC 38
[SOLUTION → INTERACTOR] CONVERT 4 3
[INTERACTOR → SOLUTION] 11
[INTERACTOR → SOLUTION] 0 0 2 2 13
[SOLUTION → INTERACTOR] 2
[SOLUTION → INTERACTOR] UPGRADE_DC 2
[SOLUTION → INTERACTOR] CONVERT 4 3
[INTERACTOR → SOLUTION] 4
[INTERACTOR → SOLUTION] 5 0 2 1 7
[SOLUTION → INTERACTOR] 0
[INTERACTOR → SOLUTION] 6
[INTERACTOR → SOLUTION] 5 0 7 1 12
[SOLUTION → INTERACTOR] 2
[SOLUTION → INTERACTOR] CONVERT 2 1
[SOLUTION → INTERACTOR] BUILD_CABLE 15 18
[INTERACTOR → SOLUTION] 9
[INTERACTOR → SOLUTION] 4 4 4 5 12
[SOLUTION → INTERACTOR] 7
[SOLUTION → INTERACTOR] BUILD_DC 18
[SOLUTION → INTERACTOR] UPGRADE_DC 8
[SOLUTION → INTERACTOR] UPGRADE_DC 20
[SOLUTION → INTERACTOR] CONVERT 4 3
[SOLUTION → INTERACTOR] BUILD_CABLE 26 29
[SOLUTION → INTERACTOR] BUILD_DC 29
[SOLUTION → INTERACTOR] BUILD_CABLE 29 39
[INTERACTOR → SOLUTION] 7
[INTERACTOR → SOLUTION] 0 0 2 0 3
[SOLUTION → INTERACTOR] 0
[INTERACTOR → SOLUTION] 6
[INTERACTOR → SOLUTION] 0 0 7 0 9
[SOLUTION → INTERACTOR] 2
[SOLUTION → INTERACTOR] CONVERT 2 0
[SOLUTION → INTERACTOR] CONVERT 4 3
[INTERACTOR → SOLUTION] 8
[INTERACTOR → SOLUTION] 1 0 4 1 6
[SOLUTION → INTERACTOR] 0
[INTERACTOR → SOLUTION] 9
[INTERACTOR → SOLUTION] 1 4 4 6 6
[SOLUTION → INTERACTOR] 3
[SOLUTION → INTERACTOR] UPGRADE_DC 14
[SOLUTION → INTERACTOR] UPGRADE_DC 25
[SOLUTION → INTERACTOR] BUILD_CABLE 39 41
[INTERACTOR → SOLUTION] 3
[INTERACTOR → SOLUTION] 4 3 4 2 0
[SOLUTION → INTERACTOR] 3
[SOLUTION → INTERACTOR] BUILD_DC 41
[SOLUTION → INTERACTOR] BUILD_CABLE 41 42
[SOLUTION → INTERACTOR] BUILD_CABLE 42 43
[INTERACTOR → SOLUTION] 10
[INTERACTOR → SOLUTION] 5 6 3 1 0
[SOLUTION → INTERACTOR] 5
[SOLUTION → INTERACTOR] BUILD_DC 43
[SOLUTION → INTERACTOR] BUILD_CABLE 43 44
[SOLUTION → INTERACTOR] BUILD_CABLE 44 45
[SOLUTION → INTERACTOR] BUILD_CABLE 45 46
[SOLUTION → INTERACTOR] BUILD_CABLE 42 31
[INTERACTOR → SOLUTION] 5
[INTERACTOR → SOLUTION] 0 1 2 4 5
[SOLUTION → INTERACTOR] 1
[SOLUTION → INTERACTOR] UPGRADE_DC 43
[INTERACTOR → SOLUTION] 7
[INTERACTOR → SOLUTION] 0 1 2 2 2
[SOLUTION → INTERACTOR] 0
[INTERACTOR → SOLUTION] 11
[INTERACTOR → SOLUTION] 0 3 2 4 2
[SOLUTION → INTERACTOR] 0
[INTERACTOR → SOLUTION] 7
[INTERACTOR → SOLUTION] 0 3 2 4 2
[SOLUTION → INTERACTOR] 0
[INTERACTOR → SOLUTION] 7
[INTERACTOR → SOLUTION] 0 3 2 4 2
[SOLUTION → INTERACTOR] 0
[INTERACTOR → SOLUTION] 6
[INTERACTOR → SOLUTION] 0 3 7 4 8
[SOLUTION → INTERACTOR] 3
[SOLUTION → INTERACTOR] CONVERT 2 0
[SOLUTION → INTERACTOR] BUILD_DC 31
[SOLUTION → INTERACTOR] UPGRADE_DC 41
[INTERACTOR → SOLUTION] 10
[INTERACTOR → SOLUTION] 4 8 3 1 5
[SOLUTION → INTERACTOR] 2
[SOLUTION → INTERACTOR] BUILD_DC 45
[SOLUTION → INTERACTOR] CONVERT 1 3
[INTERACTOR → SOLUTION] 8
[INTERACTOR → SOLUTION] 3 4 6 4 5
[SOLUTION → INTERACTOR] 1
[SOLUTION → INTERACTOR] UPGRADE_DC 29
[INTERACTOR → SOLUTION] 9
[INTERACTOR → SOLUTION] 3 8 6 7 2
[SOLUTION → INTERACTOR] 0
[INTERACTOR → SOLUTION] 9
[INTERACTOR → SOLUTION] 3 12 6 12 2
[SOLUTION → INTERACTOR] 0
[INTERACTOR → SOLUTION] 5
[INTERACTOR → SOLUTION] 3 12 6 16 7
[SOLUTION → INTERACTOR] 2
[SOLUTION → INTERACTOR] UPGRADE_DC 18
[SOLUTION → INTERACTOR] UPGRADE_DC 45
[INTERACTOR → SOLUTION] 106
[INTERACTOR → SOLUTION] 4 4 25 26 14 17 27 28
[INTERACTOR → SOLUTION] 1 8 38 39 29 26 25 40
[INTERACTOR → SOLUTION] 1 10 47 48 41 39 38 49
[INTERACTOR → SOLUTION] 3 3 14 15 0 5 16 17
[INTERACTOR → SOLUTION] 0 11 29 30 18 15 14 26
[INTERACTOR → SOLUTION] 1 4 41 42 31 30 29 39
[INTERACTOR → SOLUTION] 5 0 50 51 43 42 41 48
[INTERACTOR → SOLUTION] 2 5 0 1 2 3 4 5
[INTERACTOR → SOLUTION] 0 10 18 19 6 1 0 15
[INTERACTOR → SOLUTION] 0 11 31 32 20 19 18 30
[INTERACTOR → SOLUTION] 4 9 43 44 33 32 31 42
[INTERACTOR → SOLUTION] 4 9 52 53 45 44 43 51
[INTERACTOR → SOLUTION] 2 6 6 7 8 9 2 1
[INTERACTOR → SOLUTION] 2 8 20 21 10 7 6 19
[INTERACTOR → SOLUTION] 2 5 33 34 22 21 20 32
[INTERACTOR → SOLUTION] 3 2 45 46 35 34 33 44
[INTERACTOR → SOLUTION] 0 3 10 11 12 13 8 7
[INTERACTOR → SOLUTION] 3 12 22 23 24 11 10 21
[INTERACTOR → SOLUTION] 3 6 35 36 37 23 22 34
[INTERACTOR → SOLUTION] C0 2 4 5
[INTERACTOR → SOLUTION] C1 2 35 46
[INTERACTOR → SOLUTION] C2 2 12 13
[INTERACTOR → SOLUTION] C3 2 50 51
[INTERACTOR → SOLUTION] C4 2 2 9
[INTERACTOR → SOLUTION] C31 8 25 40 36 37 47 48 23 24
[SOLUTION → INTERACTOR] START
[SOLUTION → INTERACTOR] BUILD_DC 22
[SOLUTION → INTERACTOR] BUILD_DC 30
[SOLUTION → INTERACTOR] BUILD_CABLE 22 21
[SOLUTION → INTERACTOR] BUILD_CABLE 30 29
[INTERACTOR → SOLUTION] 8
[INTERACTOR → SOLUTION] 0 0 0 0 0
[SOLUTION → INTERACTOR] 0
[INTERACTOR → SOLUTION] 7
[INTERACTOR → SOLUTION] 0 0 0 0 0
[SOLUTION → INTERACTOR] 0
[INTERACTOR → SOLUTION] 11
[INTERACTOR → SOLUTION] 2 0 0 0 0
[SOLUTION → INTERACTOR] 0
[INTERACTOR → SOLUTION] 9
[INTERACTOR → SOLUTION] 2 0 0 0 0
[SOLUTION → INTERACTOR] 0
[INTERACTOR → SOLUTION] 6
[INTERACTOR → SOLUTION] 2 0 0 1 0
[SOLUTION → INTERACTOR] 0
[INTERACTOR → SOLUTION] 6
[INTERACTOR → SOLUTION] 2 0 0 2 0
[SOLUTION → INTERACTOR] 0
[INTERACTOR → SOLUTION] 9
[INTERACTOR → SOLUTION] 2 0 0 2 0
[SOLUTION → INTERACTOR] 0
[INTERACTOR → SOLUTION] 4
[INTERACTOR → SOLUTION] 2 1 0 2 0
[SOLUTION → INTERACTOR] 1
[SOLUTION → INTERACTOR] BUILD_CABLE 21 20
[INTERACTOR → SOLUTION] 7
[INTERACTOR → SOLUTION] 1 0 0 2 0
[SOLUTION → INTERACTOR] 0
[INTERACTOR → SOLUTION] 10
[INTERACTOR → SOLUTION] 1 0 0 2 0
[SOLUTION → INTERACTOR] 0
[INTERACTOR → SOLUTION] 9
[INTERACTOR → SOLUTION] 1 0 0 2 0
[SOLUTION → INTERACTOR] 0
[INTERACTOR → SOLUTION] 2
[INTERACTOR → SOLUTION] 1 0 0 2 0
[SOLUTION → INTERACTOR] 0
[INTERACTOR → SOLUTION] 8
[INTERACTOR → SOLUTION] 1 0 0 2 0
[SOLUTION → INTERACTOR] 0
[INTERACTOR → SOLUTION] 8
[INTERACTOR → SOLUTION] 1 0 0 2 0
[SOLUTION → INTERACTOR] 0
[INTERACTOR → SOLUTION] 10
[INTERACTOR → SOLUTION] 1 0 0 2 0
[SOLUTION → INTERACTOR] 0
[INTERACTOR → SOLUTION] 9
[INTERACTOR → SOLUTION] 1 0 0 2 0
[SOLUTION → INTERACTOR] 0
[INTERACTOR → SOLUTION] 8
[INTERACTOR → SOLUTION] 1 0 0 2 0
[SOLUTION → INTERACTOR] 0
[INTERACTOR → SOLUTION] 3
[INTERACTOR → SOLUTION] 1 0 0 2 0
[SOLUTION → INTERACTOR] 0
[INTERACTOR → SOLUTION] 4
[INTERACTOR → SOLUTION] 1 1 0 2 0
[SOLUTION → INTERACTOR] 1
[SOLUTION → INTERACTOR] BUILD_CABLE 29 39
[INTERACTOR → SOLUTION] 7
[INTERACTOR → SOLUTION] 0 0 0 2 0
[SOLUTION → INTERACTOR] 0
[INTERACTOR → SOLUTION] 4
[INTERACTOR → SOLUTION] 0 1 0 2 0
[SOLUTION → INTERACTOR] 0
[INTERACTOR → SOLUTION] 11
[INTERACTOR → SOLUTION] 2 1 0 2 0
[SOLUTION → INTERACTOR] 1
[SOLUTION → INTERACTOR] BUILD_CABLE 20 19
[INTERACTOR → SOLUTION] 10
[INTERACTOR → SOLUTION] 1 0 0 2 0
[SOLUTION → INTERACTOR] 0
[INTERACTOR → SOLUTION] 5
[INTERACTOR → SOLUTION] 1 0 1 2 0
[SOLUTION → INTERACTOR] 0
[INTERACTOR → SOLUTION] 10
[INTERACTOR → SOLUTION] 1 0 1 2 0
[SOLUTION → INTERACTOR] 0
[INTERACTOR → SOLUTION] 8
[INTERACTOR → SOLUTION] 1 0 1 2 0
[SOLUTION → INTERACTOR] 0
[INTERACTOR → SOLUTION] 4
[INTERACTOR → SOLUTION] 1 1 1 2 0
[SOLUTION → INTERACTOR] 1
[SOLUTION → INTERACTOR] BUILD_DC 20
[INTERACTOR → SOLUTION] 5
[INTERACTOR → SOLUTION] 0 0 2 1 0
[SOLUTION → INTERACTOR] 0
[INTERACTOR → SOLUTION] 3
[INTERACTOR → SOLUTION] 0 0 2 1 0
[SOLUTION → INTERACTOR] 0
[INTERACTOR → SOLUTION] 7
[INTERACTOR → SOLUTION] 0 0 2 1 0
[SOLUTION → INTERACTOR] 0
[INTERACTOR → SOLUTION] 6
[INTERACTOR → SOLUTION] 0 0 2 2 0
[SOLUTION → INTERACTOR] 0
[INTERACTOR → SOLUTION] 8
[INTERACTOR → SOLUTION] 0 0 3 2 0
[SOLUTION → INTERACTOR] 0
[INTERACTOR → SOLUTION] 4
[INTERACTOR → SOLUTION] 0 1 3 2 0
[SOLUTION → INTERACTOR] 0
[INTERACTOR → SOLUTION] 6
[INTERACTOR → SOLUTION] 0 1 3 3 0
[SOLUTION → INTERACTOR] 0
[INTERACTOR → SOLUTION] 10
[INTERACTOR → SOLUTION] 0 1 3 3 0
[SOLUTION → INTERACTOR] 0
[INTERACTOR → SOLUTION] 7
[INTERACTOR → SOLUTION] 0 1 3 3 0
[SOLUTION → INTERACTOR] 0
[INTERACTOR → SOLUTION] 8
[INTERACTOR → SOLUTION] 0 1 4 3 0
[SOLUTION → INTERACTOR] 0
[INTERACTOR → SOLUTION] 6
[INTERACTOR → SOLUTION] 0 1 4 4 0
[SOLUTION → INTERACTOR] 0
[INTERACTOR → SOLUTION] 11
[INTERACTOR → SOLUTION] 3 1 4 4 0
[SOLUTION → INTERACTOR] 1
[SOLUTION → INTERACTOR] BUILD_DC 39
[INTERACTOR → SOLUTION] 6
[INTERACTOR → SOLUTION] 2 0 3 4 0
[SOLUTION → INTERACTOR] 0
[INTERACTOR → SOLUTION] 6
[INTERACTOR → SOLUTION] 2 0 3 5 0
[SOLUTION → INTERACTOR] 0
[INTERACTOR → SOLUTION] 4
[INTERACTOR → SOLUTION] 2 2 3 5 0
[SOLUTION → INTERACTOR] 2
[SOLUTION → INTERACTOR] BUILD_CABLE 19 6
[SOLUTION → INTERACTOR] BUILD_DC 6
[INTERACTOR → SOLUTION] 3
[INTERACTOR → SOLUTION] 0 0 2 4 0
[SOLUTION → INTERACTOR] 0
[INTERACTOR → SOLUTION] 8
[INTERACTOR → SOLUTION] 0 1 4 4 0
[SOLUTION → INTERACTOR] 0
[INTERACTOR → SOLUTION] 7
[INTERACTOR → SOLUTION] 0 1 4 4 0
[SOLUTION → INTERACTOR] 0
[INTERACTOR → SOLUTION] 9
[INTERACTOR → SOLUTION] 0 1 4 4 0
[SOLUTION → INTERACTOR] 0
[INTERACTOR → SOLUTION] 4
[INTERACTOR → SOLUTION] 0 3 4 4 0
[SOLUTION → INTERACTOR] 0
[INTERACTOR → SOLUTION] 6
[INTERACTOR → SOLUTION] 0 3 5 5 0
[SOLUTION → INTERACTOR] 0
[INTERACTOR → SOLUTION] 9
[INTERACTOR → SOLUTION] 0 3 5 5 0
[SOLUTION → INTERACTOR] 0
[INTERACTOR → SOLUTION] 10
[INTERACTOR → SOLUTION] 1 4 5 5 0
[SOLUTION → INTERACTOR] 1
[SOLUTION → INTERACTOR] BUILD_CABLE 29 26
[INTERACTOR → SOLUTION] 9
[INTERACTOR → SOLUTION] 0 3 5 5 0
[SOLUTION → INTERACTOR] 0
[INTERACTOR → SOLUTION] 8
[INTERACTOR → SOLUTION] 0 4 7 5 0
[SOLUTION → INTERACTOR] 2
[SOLUTION → INTERACTOR] CONVERT 2 0
[SOLUTION → INTERACTOR] BUILD_DC 26
[INTERACTOR → SOLUTION] 12
[INTERACTOR → SOLUTION] 0 3 2 5 0
[SOLUTION → INTERACTOR] 0
[INTERACTOR → SOLUTION] 10
[INTERACTOR → SOLUTION] 1 4 2 5 0
[SOLUTION → INTERACTOR] 1
[SOLUTION → INTERACTOR] BUILD_CABLE 21 10
[INTERACTOR → SOLUTION] 3
[INTERACTOR → SOLUTION] 0 3 2 5 0
[SOLUTION → INTERACTOR] 0
[INTERACTOR → SOLUTION] 6
[INTERACTOR → SOLUTION] 0 3 3 6 0
[SOLUTION → INTERACTOR] 0
[INTERACTOR → SOLUTION] 3
[INTERACTOR → SOLUTION] 0 3 3 6 0
[SOLUTION → INTERACTOR] 0
[INTERACTOR → SOLUTION] 9
[INTERACTOR → SOLUTION] 0 3 3 6 0
[SOLUTION → INTERACTOR] 0
[INTERACTOR → SOLUTION] 8
[INTERACTOR → SOLUTION] 0 5 5 6 0
[SOLUTION → INTERACTOR] 0
[INTERACTOR → SOLUTION] 8
[INTERACTOR → SOLUTION] 0 7 7 6 0
[SOLUTION → INTERACTOR] 2
[SOLUTION → INTERACTOR] CONVERT 1 0
[SOLUTION → INTERACTOR] BUILD_DC 10
[INTERACTOR → SOLUTION] 8
[INTERACTOR → SOLUTION] 0 4 9 5 0
[SOLUTION → INTERACTOR] 2
[SOLUTION → INTERACTOR] CONVERT 2 0
[SOLUTION → INTERACTOR] BUILD_CABLE 22 23
[INTERACTOR → SOLUTION] 7
[INTERACTOR → SOLUTION] 0 3 5 5 0
[SOLUTION → INTERACTOR] 0
[INTERACTOR → SOLUTION] 3
[INTERACTOR → SOLUTION] 1 3 5 5 0
[SOLUTION → INTERACTOR] 1
[SOLUTION → INTERACTOR] BUILD_CABLE 23 37
[INTERACTOR → SOLUTION] 6
[INTERACTOR → SOLUTION] 0 2 6 6 0
[SOLUTION → INTERACTOR] 0
[INTERACTOR → SOLUTION] 3
[INTERACTOR → SOLUTION] 1 2 6 6 0
[SOLUTION → INTERACTOR] 1
[SOLUTION → INTERACTOR] BUILD_DC 37
[INTERACTOR → SOLUTION] 4
[INTERACTOR → SOLUTION] 0 3 5 5 1
[SOLUTION → INTERACTOR] 0
[INTERACTOR → SOLUTION] 8
[INTERACTOR → SOLUTION] 0 5 8 5 1
[SOLUTION → INTERACTOR] 2
[SOLUTION → INTERACTOR] CONVERT 2 0
[SOLUTION → INTERACTOR] BUILD_CABLE 23 24
[INTERACTOR → SOLUTION] 10
[INTERACTOR → SOLUTION] 1 5 5 5 1
[SOLUTION → INTERACTOR] 1
[SOLUTION → INTERACTOR] BUILD_DC 24
[INTERACTOR → SOLUTION] 6
[INTERACTOR → SOLUTION] 0 4 5 6 1
[SOLUTION → INTERACTOR] 0
[INTERACTOR → SOLUTION] 8
[INTERACTOR → SOLUTION] 0 6 8 6 1
[SOLUTION → INTERACTOR] 4
[SOLUTION → INTERACTOR] CONVERT 1 0
[SOLUTION → INTERACTOR] BUILD_CABLE 26 25
[SOLUTION → INTERACTOR] CONVERT 2 0
[SOLUTION → INTERACTOR] BUILD_CABLE 25 40
[INTERACTOR → SOLUTION] 11
[INTERACTOR → SOLUTION] 4 1 5 6 1
[SOLUTION → INTERACTOR] 1
[SOLUTION → INTERACTOR] BUILD_DC 40
[INTERACTOR → SOLUTION] 2
[INTERACTOR → SOLUTION] 3 0 4 5 1
[SOLUTION → INTERACTOR] 0
[INTERACTOR → SOLUTION] 7
[INTERACTOR → SOLUTION] 3 0 4 5 1
[SOLUTION → INTERACTOR] 0
[INTERACTOR → SOLUTION] 11
[INTERACTOR → SOLUTION] 7 0 4 5 1
[SOLUTION → INTERACTOR] 2
[SOLUTION → INTERACTOR] CONVERT 0 1
[SOLUTION → INTERACTOR] BUILD_CABLE 39 41
[INTERACTOR → SOLUTION] 8
[INTERACTOR → SOLUTION] 3 3 7 5 1
[SOLUTION → INTERACTOR] 4
[SOLUTION → INTERACTOR] BUILD_CABLE 41 48
[SOLUTION → INTERACTOR] BUILD_DC 48
[SOLUTION → INTERACTOR] BUILD_CABLE 41 42
[SOLUTION → INTERACTOR] CONVERT 2 0
[INTERACTOR → SOLUTION] 5
[INTERACTOR → SOLUTION] 1 0 5 4 1
[SOLUTION → INTERACTOR] 0
[INTERACTOR → SOLUTION] 12
[INTERACTOR → SOLUTION] 1 0 5 7 1
[SOLUTION → INTERACTOR] 0
[INTERACTOR → SOLUTION] 2
[INTERACTOR → SOLUTION] 1 0 5 7 1
[SOLUTION → INTERACTOR] 0
[INTERACTOR → SOLUTION] 7
[INTERACTOR → SOLUTION] 1 0 5 7 1
[SOLUTION → INTERACTOR] 0
[INTERACTOR → SOLUTION] 7
[INTERACTOR → SOLUTION] 1 0 5 7 1
[SOLUTION → INTERACTOR] 0
[INTERACTOR → SOLUTION] 6
[INTERACTOR → SOLUTION] 1 0 6 9 1
[SOLUTION → INTERACTOR] 2
[SOLUTION → INTERACTOR] CONVERT 2 1
[SOLUTION → INTERACTOR] BUILD_DC 42
[INTERACTOR → SOLUTION] 8
[INTERACTOR → SOLUTION] 0 3 5 8 1
[SOLUTION → INTERACTOR] 0
[INTERACTOR → SOLUTION] 6
[INTERACTOR → SOLUTION] 0 3 6 10 1
[SOLUTION → INTERACTOR] 2
[SOLUTION → INTERACTOR] CONVERT 2 0
[SOLUTION → INTERACTOR] BUILD_CABLE 6 1
[INTERACTOR → SOLUTION] 6
[INTERACTOR → SOLUTION] 0 2 4 12 1
[SOLUTION → INTERACTOR] 0
[INTERACTOR → SOLUTION] 7
[INTERACTOR → SOLUTION] 0 2 4 12 1
[SOLUTION → INTERACTOR] 0
[INTERACTOR → SOLUTION] 4
[INTERACTOR → SOLUTION] 0 5 4 12 2
[SOLUTION → INTERACTOR] 0
[INTERACTOR → SOLUTION] 8
[INTERACTOR → SOLUTION] 0 8 7 12 2
[SOLUTION → INTERACTOR] 4
[SOLUTION → INTERACTOR] CONVERT 1 0
[SOLUTION → INTERACTOR] BUILD_CABLE 1 0
[SOLUTION → INTERACTOR] CONVERT 2 0
[SOLUTION → INTERACTOR] BUILD_DC 0
[INTERACTOR → SOLUTION] 8
[INTERACTOR → SOLUTION] 0 6 6 11 2
[SOLUTION → INTERACTOR] 4
[SOLUTION → INTERACTOR] CONVERT 1 0
[SOLUTION → INTERACTOR] BUILD_CABLE 1 2
[SOLUTION → INTERACTOR] CONVERT 2 0
[SOLUTION → INTERACTOR] BUILD_DC 2
[INTERACTOR → SOLUTION] 7
[INTERACTOR → SOLUTION] 0 1 2 10 2
[SOLUTION → INTERACTOR] 0
[INTERACTOR → SOLUTION] 6
[INTERACTOR → SOLUTION] 0 1 4 12 2
[SOLUTION → INTERACTOR] 0
[INTERACTOR → SOLUTION] 7
[INTERACTOR → SOLUTION] 0 1 4 12 2
[SOLUTION → INTERACTOR] 0
[INTERACTOR → SOLUTION] 8
[INTERACTOR → SOLUTION] 0 4 7 12 2
[SOLUTION → INTERACTOR] 2
[SOLUTION → INTERACTOR] CONVERT 2 0
[SOLUTION → INTERACTOR] BUILD_CABLE 20 32
[INTERACTOR → SOLUTION] 8
[INTERACTOR → SOLUTION] 0 6 7 12 2
[SOLUTION → INTERACTOR] 4
[SOLUTION → INTERACTOR] CONVERT 1 0
[SOLUTION → INTERACTOR] BUILD_CABLE 32 33
[SOLUTION → INTERACTOR] CONVERT 2 0
[SOLUTION → INTERACTOR] BUILD_DC 33
[INTERACTOR → SOLUTION] 2
[INTERACTOR → SOLUTION] 0 1 3 12 2
[SOLUTION → INTERACTOR] 0
[INTERACTOR → SOLUTION] 4
[INTERACTOR → SOLUTION] 0 4 3 12 3
[SOLUTION → INTERACTOR] 1
[SOLUTION → INTERACTOR] UPGRADE_DC 6
[INTERACTOR → SOLUTION] 2
[INTERACTOR → SOLUTION] 0 4 3 11 0
[SOLUTION → INTERACTOR] 0
[INTERACTOR → SOLUTION] 8
[INTERACTOR → SOLUTION] 0 7 7 11 0
[SOLUTION → INTERACTOR] 1
[SOLUTION → INTERACTOR] CONVERT 1 0
[INTERACTOR → SOLUTION] 8
[INTERACTOR → SOLUTION] 1 7 11 11 0
[SOLUTION → INTERACTOR] 0
[INTERACTOR → SOLUTION] 4
[INTERACTOR → SOLUTION] 1 10 11 11 1
[SOLUTION → INTERACTOR] 0
[INTERACTOR → SOLUTION] 2
[INTERACTOR → SOLUTION] 1 10 11 12 1
[SOLUTION → INTERACTOR] 0
[INTERACTOR → SOLUTION] 8
[INTERACTOR → SOLUTION] 1 13 15 12 1
[SOLUTION → INTERACTOR] 1
[SOLUTION → INTERACTOR] CONVERT 2 4
[INTERACTOR → SOLUTION] 5
[INTERACTOR → SOLUTION] 1 13 17 12 2
[SOLUTION → INTERACTOR] 2
[SOLUTION → INTERACTOR] CONVERT 2 4
[SOLUTION → INTERACTOR] UPGRADE_DC 20
[INTERACTOR → SOLUTION] 8
[INTERACTOR → SOLUTION] 1 16 19 10 0
[SOLUTION → INTERACTOR] 4
[SOLUTION → INTERACTOR] CONVERT 1 4
[SOLUTION → INTERACTOR] CONVERT 2 4
[SOLUTION → INTERACTOR] CONVERT 2 4
[SOLUTION → INTERACTOR] UPGRADE_DC 39
[INTERACTOR → SOLUTION] 8
[INTERACTOR → SOLUTION] 1 17 18 8 0
[SOLUTION → INTERACTOR] 4
[SOLUTION → INTERACTOR] CONVERT 1 4
[SOLUTION → INTERACTOR] CONVERT 2 4
[SOLUTION → INTERACTOR] CONVERT 2 4
[SOLUTION → INTERACTOR] UPGRADE_DC 22
[INTERACTOR → SOLUTION] 7
[INTERACTOR → SOLUTION] 1 14 12 6 0
[SOLUTION → INTERACTOR] 0
[INTERACTOR → SOLUTION] 10
[INTERACTOR → SOLUTION] 4 17 12 6 0
[SOLUTION → INTERACTOR] 1
[SOLUTION → INTERACTOR] CONVERT 1 4
[INTERACTOR → SOLUTION] 108
[INTERACTOR → SOLUTION] 2 6 25 26 14 17 27 28
[INTERACTOR → SOLUTION] 3 9 38 39 29 26 25 40
[INTERACTOR → SOLUTION] 4 10 47 48 41 39 38 49
[INTERACTOR → SOLUTION] 4 9 14 15 0 5 16 17
[INTERACTOR → SOLUTION] 0 3 29 30 18 15 14 26
[INTERACTOR → SOLUTION] 3 11 41 42 31 30 29 39
[INTERACTOR → SOLUTION] 2 11 50 51 43 42 41 48
[INTERACTOR → SOLUTION] 0 4 0 1 2 3 4 5
[INTERACTOR → SOLUTION] 3 3 18 19 6 1 0 15
[INTERACTOR → SOLUTION] 1 5 31 32 20 19 18 30
[INTERACTOR → SOLUTION] 1 4 43 44 33 32 31 42
[INTERACTOR → SOLUTION] 2 5 52 53 45 44 43 51
[INTERACTOR → SOLUTION] 3 6 6 7 8 9 2 1
[INTERACTOR → SOLUTION] 5 0 20 21 10 7 6 19
[INTERACTOR → SOLUTION] 1 2 33 34 22 21 20 32
[INTERACTOR → SOLUTION] 4 8 45 46 35 34 33 44
[INTERACTOR → SOLUTION] 0 10 10 11 12 13 8 7
[INTERACTOR → SOLUTION] 2 8 22 23 24 11 10 21
[INTERACTOR → SOLUTION] 0 12 35 36 37 23 22 34
[INTERACTOR → SOLUTION] C0 2 8 9
[INTERACTOR → SOLUTION] C1 2 48 50
[INTERACTOR → SOLUTION] C2 2 2 3
[INTERACTOR → SOLUTION] C3 2 35 36
[INTERACTOR → SOLUTION] C4 2 17 27
[INTERACTOR → SOLUTION] C31 8 25 40 11 12 45 53 38 49
[SOLUTION → INTERACTOR] START
[SOLUTION → INTERACTOR] BUILD_DC 18
[SOLUTION → INTERACTOR] BUILD_DC 26
[SOLUTION → INTERACTOR] BUILD_CABLE 18 15
[SOLUTION → INTERACTOR] BUILD_CABLE 26 14
[INTERACTOR → SOLUTION] 6
[INTERACTOR → SOLUTION] 0 0 1 0 0
[SOLUTION → INTERACTOR] 0
[INTERACTOR → SOLUTION] 5
[INTERACTOR → SOLUTION] 0 1 1 0 0
[SOLUTION → INTERACTOR] 0
[INTERACTOR → SOLUTION] 12
[INTERACTOR → SOLUTION] 0 1 1 0 0
[SOLUTION → INTERACTOR] 0
[INTERACTOR → SOLUTION] 9
[INTERACTOR → SOLUTION] 0 1 1 1 0
[SOLUTION → INTERACTOR] 0
[INTERACTOR → SOLUTION] 2
[INTERACTOR → SOLUTION] 0 1 1 1 0
[SOLUTION → INTERACTOR] 0
[INTERACTOR → SOLUTION] 6
[INTERACTOR → SOLUTION] 0 1 2 1 0
[SOLUTION → INTERACTOR] 0
[INTERACTOR → SOLUTION] 6
[INTERACTOR → SOLUTION] 0 1 3 1 0
[SOLUTION → INTERACTOR] 0
[INTERACTOR → SOLUTION] 5
[INTERACTOR → SOLUTION] 0 2 3 1 0
[SOLUTION → INTERACTOR] 0
[INTERACTOR → SOLUTION] 9
[INTERACTOR → SOLUTION] 0 2 3 2 0
[SOLUTION → INTERACTOR] 0
[INTERACTOR → SOLUTION] 7
[INTERACTOR → SOLUTION] 0 2 3 2 0
[SOLUTION → INTERACTOR] 0
[INTERACTOR → SOLUTION] 8
[INTERACTOR → SOLUTION] 0 2 3 2 0
[SOLUTION → INTERACTOR] 0
[INTERACTOR → SOLUTION] 5
[INTERACTOR → SOLUTION] 0 3 3 2 0
[SOLUTION → INTERACTOR] 0
[INTERACTOR → SOLUTION] 7
[INTERACTOR → SOLUTION] 0 3 3 2 0
[SOLUTION → INTERACTOR] 0
[INTERACTOR → SOLUTION] 10
[INTERACTOR → SOLUTION] 0 3 3 2 0
[SOLUTION → INTERACTOR] 0
[INTERACTOR → SOLUTION] 8
[INTERACTOR → SOLUTION] 0 3 3 2 0
[SOLUTION → INTERACTOR] 0
[INTERACTOR → SOLUTION] 10
[INTERACTOR → SOLUTION] 0 3 3 2 0
[SOLUTION → INTERACTOR] 0
[INTERACTOR → SOLUTION] 7
[INTERACTOR → SOLUTION] 0 3 3 2 0
[SOLUTION → INTERACTOR] 0
[INTERACTOR → SOLUTION] 5
[INTERACTOR → SOLUTION] 0 4 3 2 0
[SOLUTION → INTERACTOR] 0
[INTERACTOR → SOLUTION] 5
[INTERACTOR → SOLUTION] 0 5 3 2 0
[SOLUTION → INTERACTOR] 0
[INTERACTOR → SOLUTION] 8
[INTERACTOR → SOLUTION] 0 5 3 2 0
[SOLUTION → INTERACTOR] 0
[INTERACTOR → SOLUTION] 6
[INTERACTOR → SOLUTION] 0 5 4 2 0
[SOLUTION → INTERACTOR] 0
[INTERACTOR → SOLUTION] 6
[INTERACTOR → SOLUTION] 0 5 5 2 0
[SOLUTION → INTERACTOR] 0
[INTERACTOR → SOLUTION] 10
[INTERACTOR → SOLUTION] 0 5 5 2 0
[SOLUTION → INTERACTOR] 0
[INTERACTOR → SOLUTION] 8
[INTERACTOR → SOLUTION] 0 5 5 2 0
[SOLUTION → INTERACTOR] 0
[INTERACTOR → SOLUTION] 8
[INTERACTOR → SOLUTION] 0 5 5 2 0
[SOLUTION → INTERACTOR] 0
[INTERACTOR → SOLUTION] 5
[INTERACTOR → SOLUTION] 0 6 5 2 0
[SOLUTION → INTERACTOR] 0
[INTERACTOR → SOLUTION] 7
[INTERACTOR → SOLUTION] 0 6 5 2 0
[SOLUTION → INTERACTOR] 0
[INTERACTOR → SOLUTION] 4
[INTERACTOR → SOLUTION] 0 6 5 2 0
[SOLUTION → INTERACTOR] 0
[INTERACTOR → SOLUTION] 6
[INTERACTOR → SOLUTION] 0 6 6 2 0
[SOLUTION → INTERACTOR] 0
[INTERACTOR → SOLUTION] 3
[INTERACTOR → SOLUTION] 2 6 6 3 0
[SOLUTION → INTERACTOR] 2
[SOLUTION → INTERACTOR] BUILD_CABLE 15 0
[SOLUTION → INTERACTOR] BUILD_DC 0
[INTERACTOR → SOLUTION] 6
[INTERACTOR → SOLUTION] 0 4 6 2 0
[SOLUTION → INTERACTOR] 0
[INTERACTOR → SOLUTION] 3
[INTERACTOR → SOLUTION] 2 4 6 4 0
[SOLUTION → INTERACTOR] 2
[SOLUTION → INTERACTOR] BUILD_CABLE 14 17
[SOLUTION → INTERACTOR] BUILD_DC 17
[INTERACTOR → SOLUTION] 7
[INTERACTOR → SOLUTION] 0 2 5 3 0
[SOLUTION → INTERACTOR] 0
[INTERACTOR → SOLUTION] 6
[INTERACTOR → SOLUTION] 0 2 7 3 0
[SOLUTION → INTERACTOR] 2
[SOLUTION → INTERACTOR] CONVERT 2 0
[SOLUTION → INTERACTOR] BUILD_CABLE 26 25
[INTERACTOR → SOLUTION] 7
[INTERACTOR → SOLUTION] 0 1 3 3 0
[SOLUTION → INTERACTOR] 0
[INTERACTOR → SOLUTION] 11
[INTERACTOR → SOLUTION] 0 1 3 3 0
[SOLUTION → INTERACTOR] 0
[INTERACTOR → SOLUTION] 7
[INTERACTOR → SOLUTION] 0 1 3 3 0
[SOLUTION → INTERACTOR] 0
[INTERACTOR → SOLUTION] 9
[INTERACTOR → SOLUTION] 0 1 3 4 2
[SOLUTION → INTERACTOR] 0
[INTERACTOR → SOLUTION] 10
[INTERACTOR → SOLUTION] 0 1 3 4 2
[SOLUTION → INTERACTOR] 0
[INTERACTOR → SOLUTION] 3
[INTERACTOR → SOLUTION] 2 1 3 6 2
[SOLUTION → INTERACTOR] 1
[SOLUTION → INTERACTOR] BUILD_CABLE 25 40
[INTERACTOR → SOLUTION] 8
[INTERACTOR → SOLUTION] 1 0 3 6 2
[SOLUTION → INTERACTOR] 0
[INTERACTOR → SOLUTION] 5
[INTERACTOR → SOLUTION] 1 1 3 6 2
[SOLUTION → INTERACTOR] 1
[SOLUTION → INTERACTOR] BUILD_DC 40
[INTERACTOR → SOLUTION] 5
[INTERACTOR → SOLUTION] 0 1 2 5 2
[SOLUTION → INTERACTOR] 0
[INTERACTOR → SOLUTION] 9
[INTERACTOR → SOLUTION] 0 1 2 7 4
[SOLUTION → INTERACTOR] 1
[SOLUTION → INTERACTOR] UPGRADE_DC 26
[INTERACTOR → SOLUTION] 5
[INTERACTOR → SOLUTION] 0 2 2 5 1
[SOLUTION → INTERACTOR] 0
[INTERACTOR → SOLUTION] 7
[INTERACTOR → SOLUTION] 0 2 2 5 1
[SOLUTION → INTERACTOR] 0
[INTERACTOR → SOLUTION] 4
[INTERACTOR → SOLUTION] 1 2 2 5 1
[SOLUTION → INTERACTOR] 1
[SOLUTION → INTERACTOR] BUILD_CABLE 40 38
[INTERACTOR → SOLUTION] 7
[INTERACTOR → SOLUTION] 0 1 2 5 1
[SOLUTION → INTERACTOR] 0
[INTERACTOR → SOLUTION] 7
[INTERACTOR → SOLUTION] 0 1 2 5 1
[SOLUTION → INTERACTOR] 0
[INTERACTOR → SOLUTION] 11
[INTERACTOR → SOLUTION] 0 1 2 5 1
[SOLUTION → INTERACTOR] 0
[INTERACTOR → SOLUTION] 7
[INTERACTOR → SOLUTION] 0 1 2 5 1
[SOLUTION → INTERACTOR] 0
[INTERACTOR → SOLUTION] 7
[INTERACTOR → SOLUTION] 0 1 2 5 1
[SOLUTION → INTERACTOR] 0
[INTERACTOR → SOLUTION] 9
[INTERACTOR → SOLUTION] 0 1 2 8 3
[SOLUTION → INTERACTOR] 1
[SOLUTION → INTERACTOR] UPGRADE_DC 0
[INTERACTOR → SOLUTION] 7
[INTERACTOR → SOLUTION] 0 1 2 6 0
[SOLUTION → INTERACTOR] 0
[INTERACTOR → SOLUTION] 6
[INTERACTOR → SOLUTION] 0 1 5 6 0
[SOLUTION → INTERACTOR] 0
[INTERACTOR → SOLUTION] 4
[INTERACTOR → SOLUTION] 2 1 5 6 0
[SOLUTION → INTERACTOR] 1
[SOLUTION → INTERACTOR] BUILD_CABLE 38 49
[INTERACTOR → SOLUTION] 6
[INTERACTOR → SOLUTION] 1 0 8 6 0
[SOLUTION → INTERACTOR] 2
[SOLUTION → INTERACTOR] CONVERT 2 1
[SOLUTION → INTERACTOR] BUILD_DC 49
[INTERACTOR → SOLUTION] 7
[INTERACTOR → SOLUTION] 0 0 4 5 0
[SOLUTION → INTERACTOR] 0
[INTERACTOR → SOLUTION] 8
[INTERACTOR → SOLUTION] 0 0 4 5 0
[SOLUTION → INTERACTOR] 0
[INTERACTOR → SOLUTION] 9
[INTERACTOR → SOLUTION] 0 0 4 8 3
[SOLUTION → INTERACTOR] 1
[SOLUTION → INTERACTOR] UPGRADE_DC 17
[INTERACTOR → SOLUTION] 7
[INTERACTOR → SOLUTION] 0 0 4 6 0
[SOLUTION → INTERACTOR] 0
[INTERACTOR → SOLUTION] 6
[INTERACTOR → SOLUTION] 0 0 8 6 0
[SOLUTION → INTERACTOR] 1
[SOLUTION → INTERACTOR] CONVERT 2 0
[INTERACTOR → SOLUTION] 12
[INTERACTOR → SOLUTION] 1 0 5 6 0
[SOLUTION → INTERACTOR] 0
[INTERACTOR → SOLUTION] 9
[INTERACTOR → SOLUTION] 1 0 5 9 4
[SOLUTION → INTERACTOR] 1
[SOLUTION → INTERACTOR] UPGRADE_DC 18
[INTERACTOR → SOLUTION] 9
[INTERACTOR → SOLUTION] 1 0 5 10 5
[SOLUTION → INTERACTOR] 1
[SOLUTION → INTERACTOR] UPGRADE_DC 40
[INTERACTOR → SOLUTION] 8
[INTERACTOR → SOLUTION] 1 0 5 8 2
[SOLUTION → INTERACTOR] 0
[INTERACTOR → SOLUTION] 4
[INTERACTOR → SOLUTION] 3 0 5 8 2
[SOLUTION → INTERACTOR] 0
[INTERACTOR → SOLUTION] 3
[INTERACTOR → SOLUTION] 7 0 5 12 2
[SOLUTION → INTERACTOR] 2
[SOLUTION → INTERACTOR] CONVERT 0 1
[SOLUTION → INTERACTOR] BUILD_CABLE 38 39
[INTERACTOR → SOLUTION] 9
[INTERACTOR → SOLUTION] 3 0 5 16 6
[SOLUTION → INTERACTOR] 1
[SOLUTION → INTERACTOR] UPGRADE_DC 49
[INTERACTOR → SOLUTION] 8
[INTERACTOR → SOLUTION] 3 0 5 14 3
[SOLUTION → INTERACTOR] 0
[INTERACTOR → SOLUTION] 7
[INTERACTOR → SOLUTION] 3 0 5 14 3
[SOLUTION → INTERACTOR] 0
[INTERACTOR → SOLUTION] 10
[INTERACTOR → SOLUTION] 3 0 5 14 5
[SOLUTION → INTERACTOR] 1
[SOLUTION → INTERACTOR] UPGRADE_DC 26
[INTERACTOR → SOLUTION] 4
[INTERACTOR → SOLUTION] 5 0 5 11 1
[SOLUTION → INTERACTOR] 0
[INTERACTOR → SOLUTION] 8
[INTERACTOR → SOLUTION] 5 0 5 11 1
[SOLUTION → INTERACTOR] 0
[INTERACTOR → SOLUTION] 9
[INTERACTOR → SOLUTION] 5 0 5 16 5
[SOLUTION → INTERACTOR] 1
[SOLUTION → INTERACTOR] UPGRADE_DC 0
[INTERACTOR → SOLUTION] 7
[INTERACTOR → SOLUTION] 5 0 5 13 1
[SOLUTION → INTERACTOR] 0
[INTERACTOR → SOLUTION] 7
[INTERACTOR → SOLUTION] 5 0 5 13 1
[SOLUTION → INTERACTOR] 0
[INTERACTOR → SOLUTION] 6
[INTERACTOR → SOLUTION] 5 0 10 13 1
[SOLUTION → INTERACTOR] 4
[SOLUTION → INTERACTOR] CONVERT 2 1
[SOLUTION → INTERACTOR] BUILD_DC 39
[SOLUTION → INTERACTOR] CONVERT 2 1
[SOLUTION → INTERACTOR] BUILD_CABLE 25 28
[INTERACTOR → SOLUTION] 9
[INTERACTOR → SOLUTION] 3 0 3 18 6
[SOLUTION → INTERACTOR] 1
[SOLUTION → INTERACTOR] UPGRADE_DC 39
[INTERACTOR → SOLUTION] 6
[INTERACTOR → SOLUTION] 3 0 8 16 3
[SOLUTION → INTERACTOR] 3
[SOLUTION → INTERACTOR] CONVERT 2 1
[SOLUTION → INTERACTOR] BUILD_DC 28
[SOLUTION → INTERACTOR] UPGRADE_DC 28
[INTERACTOR → SOLUTION] 10
[INTERACTOR → SOLUTION] 2 0 4 13 4
[SOLUTION → INTERACTOR] 1
[SOLUTION → INTERACTOR] UPGRADE_DC 17
[INTERACTOR → SOLUTION] 9
[INTERACTOR → SOLUTION] 2 0 4 17 6
[SOLUTION → INTERACTOR] 1
[SOLUTION → INTERACTOR] UPGRADE_DC 39
[INTERACTOR → SOLUTION] 5
[INTERACTOR → SOLUTION] 2 2 4 14 2
[SOLUTION → INTERACTOR] 2
[SOLUTION → INTERACTOR] BUILD_CABLE 18 30
[SOLUTION → INTERACTOR] BUILD_CABLE 30 31
[INTERACTOR → SOLUTION] 7
[INTERACTOR → SOLUTION] 0 0 4 14 2
[SOLUTION → INTERACTOR] 0
[INTERACTOR → SOLUTION] 4
[INTERACTOR → SOLUTION] 3 0 4 14 2
[SOLUTION → INTERACTOR] 0
[INTERACTOR → SOLUTION] 6
[INTERACTOR → SOLUTION] 3 0 12 14 2
[SOLUTION → INTERACTOR] 4
[SOLUTION → INTERACTOR] CONVERT 2 1
[SOLUTION → INTERACTOR] BUILD_DC 31
[SOLUTION → INTERACTOR] CONVERT 2 1
[SOLUTION → INTERACTOR] BUILD_CABLE 31 32
[INTERACTOR → SOLUTION] 6
[INTERACTOR → SOLUTION] 1 0 13 13 2
[SOLUTION → INTERACTOR] 5
[SOLUTION → INTERACTOR] CONVERT 2 1
[SOLUTION → INTERACTOR] BUILD_CABLE 32 33
[SOLUTION → INTERACTOR] CONVERT 2 0
[SOLUTION → INTERACTOR] CONVERT 2 1
[SOLUTION → INTERACTOR] BUILD_DC 33
[INTERACTOR → SOLUTION] 6
[INTERACTOR → SOLUTION] 0 0 11 12 2
[SOLUTION → INTERACTOR] 3
[SOLUTION → INTERACTOR] CONVERT 2 0
[SOLUTION → INTERACTOR] CONVERT 2 1
[SOLUTION → INTERACTOR] BUILD_CABLE 33 44
[INTERACTOR → SOLUTION] 5
[INTERACTOR → SOLUTION] 0 3 5 12 2
[SOLUTION → INTERACTOR] 0
[INTERACTOR → SOLUTION] 8
[INTERACTOR → SOLUTION] 0 3 5 12 3
[SOLUTION → INTERACTOR] 1
[SOLUTION → INTERACTOR] UPGRADE_DC 31
[INTERACTOR → SOLUTION] 9
[INTERACTOR → SOLUTION] 0 3 5 18 6
[SOLUTION → INTERACTOR] 1
[SOLUTION → INTERACTOR] UPGRADE_DC 33
[INTERACTOR → SOLUTION] 4
[INTERACTOR → SOLUTION] 3 7 5 16 3
[SOLUTION → INTERACTOR] 4
[SOLUTION → INTERACTOR] BUILD_CABLE 44 45
[SOLUTION → INTERACTOR] BUILD_DC 45
[SOLUTION → INTERACTOR] UPGRADE_DC 45
[SOLUTION → INTERACTOR] BUILD_CABLE 44 43
[INTERACTOR → SOLUTION] 5
[INTERACTOR → SOLUTION] 0 8 6 13 0
[SOLUTION → INTERACTOR] 2
[SOLUTION → INTERACTOR] CONVERT 1 0
[SOLUTION → INTERACTOR] BUILD_DC 43
[INTERACTOR → SOLUTION] 9
[INTERACTOR → SOLUTION] 0 4 5 20 6
[SOLUTION → INTERACTOR] 1
[SOLUTION → INTERACTOR] UPGRADE_DC 43
[INTERACTOR → SOLUTION] 9
[INTERACTOR → SOLUTION] 0 4 5 26 9
[SOLUTION → INTERACTOR] 2
[SOLUTION → INTERACTOR] UPGRADE_DC 31
[SOLUTION → INTERACTOR] UPGRADE_DC 33
[INTERACTOR → SOLUTION] 10
[INTERACTOR → SOLUTION] 0 4 5 20 6
[SOLUTION → INTERACTOR] 1
[SOLUTION → INTERACTOR] UPGRADE_DC 45
[INTERACTOR → SOLUTION] 9
[INTERACTOR → SOLUTION] 0 4 5 25 8
[SOLUTION → INTERACTOR] 2
[SOLUTION → INTERACTOR] UPGRADE_DC 43
[SOLUTION → INTERACTOR] UPGRADE_DC 18
[INTERACTOR → SOLUTION] 6
[INTERACTOR → SOLUTION] 0 4 13 19 0
[SOLUTION → INTERACTOR] 6
[SOLUTION → INTERACTOR] CONVERT 2 0
[SOLUTION → INTERACTOR] BUILD_CABLE 32 20
[SOLUTION → INTERACTOR] CONVERT 2 0
[SOLUTION → INTERACTOR] BUILD_DC 20
[SOLUTION → INTERACTOR] CONVERT 2 0
[SOLUTION → INTERACTOR] BUILD_CABLE 20 21
[INTERACTOR → SOLUTION] 8
[INTERACTOR → SOLUTION] 0 1 3 18 6
[SOLUTION → INTERACTOR] 1
[SOLUTION → INTERACTOR] UPGRADE_DC 20
[INTERACTOR → SOLUTION] 5
[INTERACTOR → SOLUTION] 0 9 9 16 3
[SOLUTION → INTERACTOR] 1
[SOLUTION → INTERACTOR] CONVERT 1 0
[INTERACTOR → SOLUTION] 9
[INTERACTOR → SOLUTION] 1 6 9 24 9
[SOLUTION → INTERACTOR] 2
[SOLUTION → INTERACTOR] UPGRADE_DC 28
[SOLUTION → INTERACTOR] UPGRADE_DC 20
[INTERACTOR → SOLUTION] 9
[INTERACTOR → SOLUTION] 1 6 9 26 7
[SOLUTION → INTERACTOR] 1
[SOLUTION → INTERACTOR] UPGRADE_DC 40
[INTERACTOR → SOLUTION] 9
[INTERACTOR → SOLUTION] 1 6 9 32 9
[SOLUTION → INTERACTOR] 1
[SOLUTION → INTERACTOR] UPGRADE_DC 49
[INTERACTOR → SOLUTION] 7
[INTERACTOR → SOLUTION] 1 6 9 29 5
[SOLUTION → INTERACTOR] 0
[INTERACTOR → SOLUTION] 8
[INTERACTOR → SOLUTION] 1 6 9 29 11
[SOLUTION → INTERACTOR] 0
[INTERACTOR → SOLUTION] 11
[INTERACTOR → SOLUTION] 1 6 12 35 11
[SOLUTION → INTERACTOR] 0
[INTERACTOR → SOLUTION] 6
[INTERACTOR → SOLUTION] 1 6 21 35 11
[SOLUTION → INTERACTOR] 0
[INTERACTOR → SOLUTION] 3
[INTERACTOR → SOLUTION] 7 6 21 41 11
[SOLUTION → INTERACTOR] 0
[INTERACTOR → SOLUTION] 96
[INTERACTOR → SOLUTION] 0 11 25 26 14 17 27 28
[INTERACTOR → SOLUTION] 0 3 38 39 29 26 25 40
[INTERACTOR → SOLUTION] 1 3 47 48 41 39 38 49
[INTERACTOR → SOLUTION] 2 9 14 15 0 5 16 17
[INTERACTOR → SOLUTION] 2 2 29 30 18 15 14 26
[INTERACTOR → SOLUTION] 2 9 41 42 31 30 29 39
[INTERACTOR → SOLUTION] 1 6 50 51 43 42 41 48
[INTERACTOR → SOLUTION] 3 6 0 1 2 3 4 5
[INTERACTOR → SOLUTION] 4 8 18 19 6 1 0 15
[INTERACTOR → SOLUTION] 4 8 31 32 20 19 18 30
[INTERACTOR → SOLUTION] 3 4 43 44 33 32 31 42
[INTERACTOR → SOLUTION] 2 4 52 53 45 44 43 51
[INTERACTOR → SOLUTION] 3 10 6 7 8 9 2 1
[INTERACTOR → SOLUTION] 1 5 20 21 10 7 6 19
[INTERACTOR → SOLUTION] 4 12 33 34 22 21 20 32
[INTERACTOR → SOLUTION] 3 11 45 46 35 34 33 44
[INTERACTOR → SOLUTION] 5 0 10 11 12 13 8 7
[INTERACTOR → SOLUTION] 0 5 22 23 24 11 10 21
[INTERACTOR → SOLUTION] 0 10 35 36 37 23 22 34
[INTERACTOR → SOLUTION] C0 2 35 46
[INTERACTOR → SOLUTION] C1 2 17 27
[INTERACTOR → SOLUTION] C2 2 48 50
[INTERACTOR → SOLUTION] C3 2 51 52
[INTERACTOR → SOLUTION] C4 2 8 9
[INTERACTOR → SOLUTION] C31 8 4 5 12 13 2 3 38 40
[SOLUTION → INTERACTOR] START
[SOLUTION → INTERACTOR] BUILD_DC 0
[SOLUTION → INTERACTOR] BUILD_DC 10
[SOLUTION → INTERACTOR] BUILD_CABLE 0 1
[SOLUTION → INTERACTOR] BUILD_CABLE 10 21
[INTERACTOR → SOLUTION] 11
[INTERACTOR → SOLUTION] 0 0 0 0 0
[SOLUTION → INTERACTOR] 0
[INTERACTOR → SOLUTION] 8
[INTERACTOR → SOLUTION] 0 0 0 0 1
[SOLUTION → INTERACTOR] 0
[INTERACTOR → SOLUTION] 8
[INTERACTOR → SOLUTION] 0 0 0 0 2
[SOLUTION → INTERACTOR] 0
[INTERACTOR → SOLUTION] 6
[INTERACTOR → SOLUTION] 0 0 0 1 2
[SOLUTION → INTERACTOR] 0
[INTERACTOR → SOLUTION] 9
[INTERACTOR → SOLUTION] 0 0 1 1 2
[SOLUTION → INTERACTOR] 0
[INTERACTOR → SOLUTION] 6
[INTERACTOR → SOLUTION] 0 0 1 2 2
[SOLUTION → INTERACTOR] 0
[INTERACTOR → SOLUTION] 8
[INTERACTOR → SOLUTION] 0 0 1 2 3
[SOLUTION → INTERACTOR] 1
[SOLUTION → INTERACTOR] UPGRADE_DC 0
[INTERACTOR → SOLUTION] 4
[INTERACTOR → SOLUTION] 0 0 1 0 0
[SOLUTION → INTERACTOR] 0
[INTERACTOR → SOLUTION] 6
[INTERACTOR → SOLUTION] 0 0 1 2 0
[SOLUTION → INTERACTOR] 0
[INTERACTOR → SOLUTION] 5
[INTERACTOR → SOLUTION] 1 1 1 2 0
[SOLUTION → INTERACTOR] 1
[SOLUTION → INTERACTOR] BUILD_CABLE 1 2
[INTERACTOR → SOLUTION] 5
[INTERACTOR → SOLUTION] 1 1 1 2 0
[SOLUTION → INTERACTOR] 1
[SOLUTION → INTERACTOR] BUILD_DC 2
[INTERACTOR → SOLUTION] 11
[INTERACTOR → SOLUTION] 0 0 0 1 0
[SOLUTION → INTERACTOR] 0
[INTERACTOR → SOLUTION] 11
[INTERACTOR → SOLUTION] 0 0 0 1 0
[SOLUTION → INTERACTOR] 0
[INTERACTOR → SOLUTION] 9
[INTERACTOR → SOLUTION] 0 0 2 1 0
[SOLUTION → INTERACTOR] 0
[INTERACTOR → SOLUTION] 6
[INTERACTOR → SOLUTION] 0 0 2 4 0
[SOLUTION → INTERACTOR] 0
[INTERACTOR → SOLUTION] 7
[INTERACTOR → SOLUTION] 0 0 2 4 0
[SOLUTION → INTERACTOR] 0
[INTERACTOR → SOLUTION] 9
[INTERACTOR → SOLUTION] 0 0 4 4 0
[SOLUTION → INTERACTOR] 0
[INTERACTOR → SOLUTION] 6
[INTERACTOR → SOLUTION] 0 0 4 7 0
[SOLUTION → INTERACTOR] 0
[INTERACTOR → SOLUTION] 6
[INTERACTOR → SOLUTION] 0 0 4 10 0
[SOLUTION → INTERACTOR] 0
[INTERACTOR → SOLUTION] 8
[INTERACTOR → SOLUTION] 0 0 4 10 2
[SOLUTION → INTERACTOR] 0
[INTERACTOR → SOLUTION] 7
[INTERACTOR → SOLUTION] 0 0 4 10 2
[SOLUTION → INTERACTOR] 0
[INTERACTOR → SOLUTION] 6
[INTERACTOR → SOLUTION] 0 0 4 13 2
[SOLUTION → INTERACTOR] 0
[INTERACTOR → SOLUTION] 2
[INTERACTOR → SOLUTION] 0 0 4 13 2
[SOLUTION → INTERACTOR] 0
[INTERACTOR → SOLUTION] 7
[INTERACTOR → SOLUTION] 0 0 4 13 2
[SOLUTION → INTERACTOR] 0
[INTERACTOR → SOLUTION] 3
[INTERACTOR → SOLUTION] 0 0 4 13 2
[SOLUTION → INTERACTOR] 0
[INTERACTOR → SOLUTION] 5
[INTERACTOR → SOLUTION] 1 1 4 13 2
[SOLUTION → INTERACTOR] 1
[SOLUTION → INTERACTOR] BUILD_CABLE 1 6
[INTERACTOR → SOLUTION] 10
[INTERACTOR → SOLUTION] 0 0 4 14 2
[SOLUTION → INTERACTOR] 0
[INTERACTOR → SOLUTION] 7
[INTERACTOR → SOLUTION] 0 0 4 14 2
[SOLUTION → INTERACTOR] 0
[INTERACTOR → SOLUTION] 9
[INTERACTOR → SOLUTION] 0 0 6 14 2
[SOLUTION → INTERACTOR] 1
[SOLUTION → INTERACTOR] CONVERT 2 0
[INTERACTOR → SOLUTION] 7
[INTERACTOR → SOLUTION] 1 0 3 14 2
[SOLUTION → INTERACTOR] 0
[INTERACTOR → SOLUTION] 7
[INTERACTOR → SOLUTION] 1 0 3 14 2
[SOLUTION → INTERACTOR] 0
[INTERACTOR → SOLUTION] 5
[INTERACTOR → SOLUTION] 2 1 3 14 2
[SOLUTION → INTERACTOR] 1
[SOLUTION → INTERACTOR] BUILD_DC 6
[INTERACTOR → SOLUTION] 6
[INTERACTOR → SOLUTION] 1 0 2 16 2
[SOLUTION → INTERACTOR] 0
[INTERACTOR → SOLUTION] 8
[INTERACTOR → SOLUTION] 1 0 2 16 5
[SOLUTION → INTERACTOR] 1
[SOLUTION → INTERACTOR] UPGRADE_DC 6
[INTERACTOR → SOLUTION] 8
[INTERACTOR → SOLUTION] 1 0 2 14 6
[SOLUTION → INTERACTOR] 2
[SOLUTION → INTERACTOR] UPGRADE_DC 10
[SOLUTION → INTERACTOR] UPGRADE_DC 2
[INTERACTOR → SOLUTION] 12
[INTERACTOR → SOLUTION] 1 0 2 10 0
[SOLUTION → INTERACTOR] 0
[INTERACTOR → SOLUTION] 10
[INTERACTOR → SOLUTION] 1 0 2 14 0
[SOLUTION → INTERACTOR] 0
[INTERACTOR → SOLUTION] 6
[INTERACTOR → SOLUTION] 1 0 2 18 0
[SOLUTION → INTERACTOR] 0
[INTERACTOR → SOLUTION] 7
[INTERACTOR → SOLUTION] 1 0 2 18 0
[SOLUTION → INTERACTOR] 0
[INTERACTOR → SOLUTION] 2
[INTERACTOR → SOLUTION] 1 0 2 18 0
[SOLUTION → INTERACTOR] 0
[INTERACTOR → SOLUTION] 8
[INTERACTOR → SOLUTION] 1 0 2 18 4
[SOLUTION → INTERACTOR] 1
[SOLUTION → INTERACTOR] UPGRADE_DC 0
[INTERACTOR → SOLUTION] 8
[INTERACTOR → SOLUTION] 1 0 2 15 5
[SOLUTION → INTERACTOR] 1
[SOLUTION → INTERACTOR] UPGRADE_DC 6
[INTERACTOR → SOLUTION] 11
[INTERACTOR → SOLUTION] 1 0 2 12 1
[SOLUTION → INTERACTOR] 0
[INTERACTOR → SOLUTION] 6
[INTERACTOR → SOLUTION] 1 0 2 17 1
[SOLUTION → INTERACTOR] 0
[INTERACTOR → SOLUTION] 8
[INTERACTOR → SOLUTION] 1 0 2 17 7
[SOLUTION → INTERACTOR] 1
[SOLUTION → INTERACTOR] UPGRADE_DC 10
[INTERACTOR → SOLUTION] 7
[INTERACTOR → SOLUTION] 1 0 2 14 3
[SOLUTION → INTERACTOR] 0
[INTERACTOR → SOLUTION] 8
[INTERACTOR → SOLUTION] 1 0 2 14 9
[SOLUTION → INTERACTOR] 1
[SOLUTION → INTERACTOR] UPGRADE_DC 2
[INTERACTOR → SOLUTION] 10
[INTERACTOR → SOLUTION] 1 0 2 17 5
[SOLUTION → INTERACTOR] 0
[INTERACTOR → SOLUTION] 4
[INTERACTOR → SOLUTION] 1 0 2 17 5
[SOLUTION → INTERACTOR] 0
[INTERACTOR → SOLUTION] 6
[INTERACTOR → SOLUTION] 1 0 2 23 5
[SOLUTION → INTERACTOR] 0
[INTERACTOR → SOLUTION] 2
[INTERACTOR → SOLUTION] 1 0 2 23 5
[SOLUTION → INTERACTOR] 0
[INTERACTOR → SOLUTION] 6
[INTERACTOR → SOLUTION] 1 0 2 29 5
[SOLUTION → INTERACTOR] 0
[INTERACTOR → SOLUTION] 11
[INTERACTOR → SOLUTION] 1 0 2 29 5
[SOLUTION → INTERACTOR] 0
[INTERACTOR → SOLUTION] 4
[INTERACTOR → SOLUTION] 1 0 2 29 5
[SOLUTION → INTERACTOR] 0
[INTERACTOR → SOLUTION] 7
[INTERACTOR → SOLUTION] 1 0 2 29 5
[SOLUTION → INTERACTOR] 0
[INTERACTOR → SOLUTION] 8
[INTERACTOR → SOLUTION] 1 0 2 29 11
[SOLUTION → INTERACTOR] 0
[INTERACTOR → SOLUTION] 5
[INTERACTOR → SOLUTION] 4 6 2 29 11
[SOLUTION → INTERACTOR] 7
[SOLUTION → INTERACTOR] BUILD_CABLE 21 20
[SOLUTION → INTERACTOR] BUILD_DC 20
[SOLUTION → INTERACTOR] UPGRADE_DC 20
[SOLUTION → INTERACTOR] UPGRADE_DC 20
[SOLUTION → INTERACTOR] BUILD_CABLE 21 22
[SOLUTION → INTERACTOR] BUILD_DC 22
[SOLUTION → INTERACTOR] UPGRADE_DC 22
[INTERACTOR → SOLUTION] 8
[INTERACTOR → SOLUTION] 0 2 0 20 10
[SOLUTION → INTERACTOR] 1
[SOLUTION → INTERACTOR] UPGRADE_DC 22
[INTERACTOR → SOLUTION] 9
[INTERACTOR → SOLUTION] 0 2 3 17 6
[SOLUTION → INTERACTOR] 0
[INTERACTOR → SOLUTION] 5
[INTERACTOR → SOLUTION] 6 11 3 17 6
[SOLUTION → INTERACTOR] 8
[SOLUTION → INTERACTOR] BUILD_CABLE 0 5
[SOLUTION → INTERACTOR] BUILD_CABLE 5 4
[SOLUTION → INTERACTOR] BUILD_DC 4
[SOLUTION → INTERACTOR] UPGRADE_DC 4
[SOLUTION → INTERACTOR] BUILD_CABLE 20 32
[SOLUTION → INTERACTOR] BUILD_CABLE 32 31
[SOLUTION → INTERACTOR] BUILD_DC 31
[SOLUTION → INTERACTOR] UPGRADE_DC 31
[INTERACTOR → SOLUTION] 6
[INTERACTOR → SOLUTION] 0 5 1 19 0
[SOLUTION → INTERACTOR] 0
[INTERACTOR → SOLUTION] 6
[INTERACTOR → SOLUTION] 0 5 1 27 0
[SOLUTION → INTERACTOR] 0
[INTERACTOR → SOLUTION] 9
[INTERACTOR → SOLUTION] 0 5 6 27 0
[SOLUTION → INTERACTOR] 2
[SOLUTION → INTERACTOR] CONVERT 2 0
[SOLUTION → INTERACTOR] BUILD_CABLE 32 33
[INTERACTOR → SOLUTION] 4
[INTERACTOR → SOLUTION] 0 4 3 29 0
[SOLUTION → INTERACTOR] 0
[INTERACTOR → SOLUTION] 7
[INTERACTOR → SOLUTION] 0 4 3 29 0
[SOLUTION → INTERACTOR] 0
[INTERACTOR → SOLUTION] 7
[INTERACTOR → SOLUTION] 0 4 3 29 0
[SOLUTION → INTERACTOR] 0
[INTERACTOR → SOLUTION] 4
[INTERACTOR → SOLUTION] 0 4 3 31 0
[SOLUTION → INTERACTOR] 0
[INTERACTOR → SOLUTION] 12
[INTERACTOR → SOLUTION] 0 4 3 31 6
[SOLUTION → INTERACTOR] 1
[SOLUTION → INTERACTOR] UPGRADE_DC 31
[INTERACTOR → SOLUTION] 7
[INTERACTOR → SOLUTION] 0 4 3 28 2
[SOLUTION → INTERACTOR] 0
[INTERACTOR → SOLUTION] 8
[INTERACTOR → SOLUTION] 0 4 3 28 14
[SOLUTION → INTERACTOR] 1
[SOLUTION → INTERACTOR] UPGRADE_DC 4
[INTERACTOR → SOLUTION] 5
[INTERACTOR → SOLUTION] 6 13 3 25 10
[SOLUTION → INTERACTOR] 11
[SOLUTION → INTERACTOR] BUILD_DC 33
[SOLUTION → INTERACTOR] UPGRADE_DC 33
[SOLUTION → INTERACTOR] UPGRADE_DC 33
[SOLUTION → INTERACTOR] BUILD_CABLE 0 15
[SOLUTION → INTERACTOR] BUILD_CABLE 15 18
[SOLUTION → INTERACTOR] BUILD_DC 18
[SOLUTION → INTERACTOR] UPGRADE_DC 18
[SOLUTION → INTERACTOR] BUILD_CABLE 15 14
[SOLUTION → INTERACTOR] BUILD_DC 14
[SOLUTION → INTERACTOR] CONVERT 1 0
[SOLUTION → INTERACTOR] BUILD_CABLE 31 42
[INTERACTOR → SOLUTION] 3
[INTERACTOR → SOLUTION] 0 3 0 15 0
[SOLUTION → INTERACTOR] 0
[INTERACTOR → SOLUTION] 7
[INTERACTOR → SOLUTION] 0 3 0 15 0
[SOLUTION → INTERACTOR] 0
[INTERACTOR → SOLUTION] 10
[INTERACTOR → SOLUTION] 3 3 0 21 0
[SOLUTION → INTERACTOR] 3
[SOLUTION → INTERACTOR] BUILD_CABLE 42 41
[SOLUTION → INTERACTOR] BUILD_CABLE 42 43
[SOLUTION → INTERACTOR] BUILD_CABLE 41 39
[INTERACTOR → SOLUTION] 4
[INTERACTOR → SOLUTION] 0 0 0 27 0
[SOLUTION → INTERACTOR] 0
[INTERACTOR → SOLUTION] 2
[INTERACTOR → SOLUTION] 0 0 3 27 0
[SOLUTION → INTERACTOR] 0
[INTERACTOR → SOLUTION] 9
[INTERACTOR → SOLUTION] 0 0 10 27 0
[SOLUTION → INTERACTOR] 3
[SOLUTION → INTERACTOR] CONVERT 2 0
[SOLUTION → INTERACTOR] CONVERT 2 1
[SOLUTION → INTERACTOR] BUILD_DC 41
[INTERACTOR → SOLUTION] 10
[INTERACTOR → SOLUTION] 3 0 3 32 0
[SOLUTION → INTERACTOR] 0
[INTERACTOR → SOLUTION] 3
[INTERACTOR → SOLUTION] 3 1 3 32 0
[SOLUTION → INTERACTOR] 1
[SOLUTION → INTERACTOR] BUILD_DC 43
[INTERACTOR → SOLUTION] 6
[INTERACTOR → SOLUTION] 2 2 2 40 0
[SOLUTION → INTERACTOR] 2
[SOLUTION → INTERACTOR] BUILD_CABLE 39 38
[SOLUTION → INTERACTOR] BUILD_DC 38
[INTERACTOR → SOLUTION] 6
[INTERACTOR → SOLUTION] 0 2 1 48 0
[SOLUTION → INTERACTOR] 0
[INTERACTOR → SOLUTION] 5
[INTERACTOR → SOLUTION] 6 11 1 48 0
[SOLUTION → INTERACTOR] 7
[SOLUTION → INTERACTOR] BUILD_CABLE 39 29
[SOLUTION → INTERACTOR] BUILD_DC 29
[SOLUTION → INTERACTOR] CONVERT 1 2
[SOLUTION → INTERACTOR] BUILD_CABLE 10 11
[SOLUTION → INTERACTOR] BUILD_CABLE 11 12
[SOLUTION → INTERACTOR] BUILD_DC 12
[SOLUTION → INTERACTOR] BUILD_CABLE 5 16
[INTERACTOR → SOLUTION] 11
[INTERACTOR → SOLUTION] 1 2 0 49 0
[SOLUTION → INTERACTOR] 1
[SOLUTION → INTERACTOR] BUILD_CABLE 11 24
[INTERACTOR → SOLUTION] 8
[INTERACTOR → SOLUTION] 0 1 0 49 16
[SOLUTION → INTERACTOR] 5
[SOLUTION → INTERACTOR] UPGRADE_DC 41
[SOLUTION → INTERACTOR] UPGRADE_DC 43
[SOLUTION → INTERACTOR] UPGRADE_DC 14
[SOLUTION → INTERACTOR] UPGRADE_DC 29
[SOLUTION → INTERACTOR] UPGRADE_DC 38
[INTERACTOR → SOLUTION] 7
[INTERACTOR → SOLUTION] 0 1 0 39 1
[SOLUTION → INTERACTOR] 0
[INTERACTOR → SOLUTION] 3
[INTERACTOR → SOLUTION] 4 5 0 39 1
[SOLUTION → INTERACTOR] 4
[SOLUTION → INTERACTOR] BUILD_CABLE 22 34
[SOLUTION → INTERACTOR] BUILD_CABLE 34 35
[SOLUTION → INTERACTOR] BUILD_CABLE 35 36
[SOLUTION → INTERACTOR] BUILD_CABLE 36 37
[INTERACTOR → SOLUTION] 6
[INTERACTOR → SOLUTION] 0 5 0 48 1
[SOLUTION → INTERACTOR] 0
[INTERACTOR → SOLUTION] 7
[INTERACTOR → SOLUTION] 0 5 0 48 1
[SOLUTION → INTERACTOR] 0
[INTERACTOR → SOLUTION] 7
[INTERACTOR → SOLUTION] 0 5 0 48 1
[SOLUTION → INTERACTOR] 0
[INTERACTOR → SOLUTION] 10
[INTERACTOR → SOLUTION] 3 5 0 54 1
[SOLUTION → INTERACTOR] 0
[INTERACTOR → SOLUTION] 6
[INTERACTOR → SOLUTION] 3 9 0 63 1
[SOLUTION → INTERACTOR] 2
[SOLUTION → INTERACTOR] CONVERT 1 2
[SOLUTION → INTERACTOR] BUILD_DC 35
[INTERACTOR → SOLUTION] 10
[INTERACTOR → SOLUTION] 6 5 0 68 1
[SOLUTION → INTERACTOR] 2
[SOLUTION → INTERACTOR] CONVERT 0 2
[SOLUTION → INTERACTOR] BUILD_DC 16
[INTERACTOR → SOLUTION] 9
[INTERACTOR → SOLUTION] 3 4 13 67 1
[SOLUTION → INTERACTOR] 2
[SOLUTION → INTERACTOR] BUILD_DC 24
[SOLUTION → INTERACTOR] BUILD_DC 37
[INTERACTOR → SOLUTION] 6
[INTERACTOR → SOLUTION] 1 6 11 74 1
[SOLUTION → INTERACTOR] 0
[INTERACTOR → SOLUTION] 7
[INTERACTOR → SOLUTION] 1 6 11 74 1
[SOLUTION → INTERACTOR] 0
[INTERACTOR → SOLUTION] 8
[INTERACTOR → SOLUTION] 1 6 11 74 17
[SOLUTION → INTERACTOR] 5
[SOLUTION → INTERACTOR] UPGRADE_DC 35
[SOLUTION → INTERACTOR] UPGRADE_DC 24
[SOLUTION → INTERACTOR] UPGRADE_DC 16
[SOLUTION → INTERACTOR] UPGRADE_DC 37
[SOLUTION → INTERACTOR] UPGRADE_DC 12
[INTERACTOR → SOLUTION] 97
[INTERACTOR → SOLUTION] 4 3 25 26 14 17 27 28
[INTERACTOR → SOLUTION] 2 9 38 39 29 26 25 40
[INTERACTOR → SOLUTION] 3 9 47 48 41 39 38 49
[INTERACTOR → SOLUTION] 3 6 14 15 0 5 16 17
[INTERACTOR → SOLUTION] 2 5 29 30 18 15 14 26
[INTERACTOR → SOLUTION] 2 11 41 42 31 30 29 39
[INTERACTOR → SOLUTION] 1 12 50 51 43 42 41 48
[INTERACTOR → SOLUTION] 5 0 0 1 2 3 4 5
[INTERACTOR → SOLUTION] 0 4 18 19 6 1 0 15
[INTERACTOR → SOLUTION] 2 5 31 32 20 19 18 30
[INTERACTOR → SOLUTION] 1 2 43 44 33 32 31 42
[INTERACTOR → SOLUTION] 1 8 52 53 45 44 43 51
[INTERACTOR → SOLUTION] 4 4 6 7 8 9 2 1
[INTERACTOR → SOLUTION] 0 8 20 21 10 7 6 19
[INTERACTOR → SOLUTION] 0 10 33 34 22 21 20 32
[INTERACTOR → SOLUTION] 3 3 45 46 35 34 33 44
[INTERACTOR → SOLUTION] 0 10 10 11 12 13 8 7
[INTERACTOR → SOLUTION] 3 6 22 23 24 11 10 21
[INTERACTOR → SOLUTION] 4 11 35 36 37 23 22 34
[INTERACTOR → SOLUTION] C0 2 2 3
[INTERACTOR → SOLUTION] C1 2 16 17
[INTERACTOR → SOLUTION] C2 2 23 24
[INTERACTOR → SOLUTION] C3 2 8 9
[INTERACTOR → SOLUTION] C4 2 12 13
[INTERACTOR → SOLUTION] C31 8 27 28 36 37 45 53 38 49
[SOLUTION → INTERACTOR] START
[SOLUTION → INTERACTOR] BUILD_DC 15
[SOLUTION → INTERACTOR] BUILD_DC 44
[SOLUTION → INTERACTOR] BUILD_CABLE 15 14
[SOLUTION → INTERACTOR] BUILD_CABLE 44 43
[INTERACTOR → SOLUTION] 12
[INTERACTOR → SOLUTION] 0 0 0 0 0
[SOLUTION → INTERACTOR] 0
[INTERACTOR → SOLUTION] 4
[INTERACTOR → SOLUTION] 1 0 0 0 0
[SOLUTION → INTERACTOR] 0
[INTERACTOR → SOLUTION] 8
[INTERACTOR → SOLUTION] 1 1 0 0 0
[SOLUTION → INTERACTOR] 1
[SOLUTION → INTERACTOR] BUILD_CABLE 14 26
[INTERACTOR → SOLUTION] 10
[INTERACTOR → SOLUTION] 0 0 0 0 0
[SOLUTION → INTERACTOR] 0
[INTERACTOR → SOLUTION] 5
[INTERACTOR → SOLUTION] 0 0 1 0 0
[SOLUTION → INTERACTOR] 0
[INTERACTOR → SOLUTION] 10
[INTERACTOR → SOLUTION] 0 0 1 0 0
[SOLUTION → INTERACTOR] 0
[INTERACTOR → SOLUTION] 10
[INTERACTOR → SOLUTION] 0 0 1 0 0
[SOLUTION → INTERACTOR] 0
[INTERACTOR → SOLUTION] 11
[INTERACTOR → SOLUTION] 0 0 1 0 0
[SOLUTION → INTERACTOR] 0
[INTERACTOR → SOLUTION] 8
[INTERACTOR → SOLUTION] 0 1 1 0 0
[SOLUTION → INTERACTOR] 0
[INTERACTOR → SOLUTION] 5
[INTERACTOR → SOLUTION] 0 1 2 0 0
[SOLUTION → INTERACTOR] 0
[INTERACTOR → SOLUTION] 8
[INTERACTOR → SOLUTION] 0 2 2 0 0
[SOLUTION → INTERACTOR] 0
[INTERACTOR → SOLUTION] 10
[INTERACTOR → SOLUTION] 0 2 2 0 0
[SOLUTION → INTERACTOR] 0
[INTERACTOR → SOLUTION] 6
[INTERACTOR → SOLUTION] 0 2 2 1 0
[SOLUTION → INTERACTOR] 0
[INTERACTOR → SOLUTION] 10
[INTERACTOR → SOLUTION] 0 2 2 1 0
[SOLUTION → INTERACTOR] 0
[INTERACTOR → SOLUTION] 8
[INTERACTOR → SOLUTION] 0 3 2 1 0
[SOLUTION → INTERACTOR] 0
[INTERACTOR → SOLUTION] 12
[INTERACTOR → SOLUTION] 0 3 2 1 0
[SOLUTION → INTERACTOR] 0
[INTERACTOR → SOLUTION] 6
[INTERACTOR → SOLUTION] 0 3 2 2 0
[SOLUTION → INTERACTOR] 0
[INTERACTOR → SOLUTION] 4
[INTERACTOR → SOLUTION] 1 3 2 2 0
[SOLUTION → INTERACTOR] 1
[SOLUTION → INTERACTOR] BUILD_DC 26
[INTERACTOR → SOLUTION] 8
[INTERACTOR → SOLUTION] 0 3 1 1 0
[SOLUTION → INTERACTOR] 0
[INTERACTOR → SOLUTION] 3
[INTERACTOR → SOLUTION] 0 3 1 2 1
[SOLUTION → INTERACTOR] 0
[INTERACTOR → SOLUTION] 5
[INTERACTOR → SOLUTION] 0 3 3 2 1
[SOLUTION → INTERACTOR] 0
[INTERACTOR → SOLUTION] 10
[INTERACTOR → SOLUTION] 0 3 3 2 1
[SOLUTION → INTERACTOR] 0
[INTERACTOR → SOLUTION] 8
[INTERACTOR → SOLUTION] 0 4 3 2 1
[SOLUTION → INTERACTOR] 0
[INTERACTOR → SOLUTION] 11
[INTERACTOR → SOLUTION] 0 4 3 2 1
[SOLUTION → INTERACTOR] 0
[INTERACTOR → SOLUTION] 6
[INTERACTOR → SOLUTION] 0 4 3 3 1
[SOLUTION → INTERACTOR] 0
[INTERACTOR → SOLUTION] 9
[INTERACTOR → SOLUTION] 0 4 4 3 1
[SOLUTION → INTERACTOR] 0
[INTERACTOR → SOLUTION] 6
[INTERACTOR → SOLUTION] 0 4 4 4 1
[SOLUTION → INTERACTOR] 0
[INTERACTOR → SOLUTION] 11
[INTERACTOR → SOLUTION] 0 4 4 4 1
[SOLUTION → INTERACTOR] 0
[INTERACTOR → SOLUTION] 7
[INTERACTOR → SOLUTION] 0 4 4 4 1
[SOLUTION → INTERACTOR] 0
[INTERACTOR → SOLUTION] 8
[INTERACTOR → SOLUTION] 0 5 4 4 1
[SOLUTION → INTERACTOR] 0
[INTERACTOR → SOLUTION] 7
[INTERACTOR → SOLUTION] 0 5 4 4 1
[SOLUTION → INTERACTOR] 0
[INTERACTOR → SOLUTION] 7
[INTERACTOR → SOLUTION] 0 5 4 4 1
[SOLUTION → INTERACTOR] 0
[INTERACTOR → SOLUTION] 8
[INTERACTOR → SOLUTION] 0 6 4 4 1
[SOLUTION → INTERACTOR] 0
[INTERACTOR → SOLUTION] 5
[INTERACTOR → SOLUTION] 0 6 6 4 1
[SOLUTION → INTERACTOR] 0
[INTERACTOR → SOLUTION] 7
[INTERACTOR → SOLUTION] 0 6 6 4 1
[SOLUTION → INTERACTOR] 0
[INTERACTOR → SOLUTION] 6
[INTERACTOR → SOLUTION] 0 6 6 5 1
[SOLUTION → INTERACTOR] 0
[INTERACTOR → SOLUTION] 6
[INTERACTOR → SOLUTION] 0 6 6 6 1
[SOLUTION → INTERACTOR] 0
[INTERACTOR → SOLUTION] 3
[INTERACTOR → SOLUTION] 0 6 6 7 2
[SOLUTION → INTERACTOR] 0
[INTERACTOR → SOLUTION] 4
[INTERACTOR → SOLUTION] 1 6 6 7 2
[SOLUTION → INTERACTOR] 1
[SOLUTION → INTERACTOR] BUILD_CABLE 44 45
[INTERACTOR → SOLUTION] 11
[INTERACTOR → SOLUTION] 0 5 6 7 2
[SOLUTION → INTERACTOR] 0
[INTERACTOR → SOLUTION] 6
[INTERACTOR → SOLUTION] 0 5 6 8 2
[SOLUTION → INTERACTOR] 0
[INTERACTOR → SOLUTION] 9
[INTERACTOR → SOLUTION] 0 5 7 8 2
[SOLUTION → INTERACTOR] 2
[SOLUTION → INTERACTOR] CONVERT 2 0
[SOLUTION → INTERACTOR] BUILD_CABLE 45 53
[INTERACTOR → SOLUTION] 8
[INTERACTOR → SOLUTION] 0 5 3 8 2
[SOLUTION → INTERACTOR] 0
[INTERACTOR → SOLUTION] 4
[INTERACTOR → SOLUTION] 1 5 3 8 2
[SOLUTION → INTERACTOR] 1
[SOLUTION → INTERACTOR] BUILD_DC 53
[INTERACTOR → SOLUTION] 6
[INTERACTOR → SOLUTION] 0 4 2 8 2
[SOLUTION → INTERACTOR] 0
[INTERACTOR → SOLUTION] 3
[INTERACTOR → SOLUTION] 0 4 2 9 3
[SOLUTION → INTERACTOR] 1
[SOLUTION → INTERACTOR] UPGRADE_DC 15
[INTERACTOR → SOLUTION] 9
[INTERACTOR → SOLUTION] 0 4 3 7 0
[SOLUTION → INTERACTOR] 0
[INTERACTOR → SOLUTION] 10
[INTERACTOR → SOLUTION] 0 4 3 7 0
[SOLUTION → INTERACTOR] 0
[INTERACTOR → SOLUTION] 7
[INTERACTOR → SOLUTION] 0 4 3 7 0
[SOLUTION → INTERACTOR] 0
[INTERACTOR → SOLUTION] 5
[INTERACTOR → SOLUTION] 0 4 6 7 0
[SOLUTION → INTERACTOR] 2
[SOLUTION → INTERACTOR] CONVERT 2 0
[SOLUTION → INTERACTOR] BUILD_CABLE 14 17
[INTERACTOR → SOLUTION] 4
[INTERACTOR → SOLUTION] 2 3 3 7 0
[SOLUTION → INTERACTOR] 2
[SOLUTION → INTERACTOR] BUILD_DC 17
[SOLUTION → INTERACTOR] BUILD_CABLE 15 18
[INTERACTOR → SOLUTION] 9
[INTERACTOR → SOLUTION] 0 1 3 6 0
[SOLUTION → INTERACTOR] 0
[INTERACTOR → SOLUTION] 7
[INTERACTOR → SOLUTION] 0 1 3 6 0
[SOLUTION → INTERACTOR] 0
[INTERACTOR → SOLUTION] 5
[INTERACTOR → SOLUTION] 0 1 6 6 0
[SOLUTION → INTERACTOR] 2
[SOLUTION → INTERACTOR] CONVERT 2 0
[SOLUTION → INTERACTOR] BUILD_CABLE 18 19
[INTERACTOR → SOLUTION] 7
[INTERACTOR → SOLUTION] 0 0 3 6 0
[SOLUTION → INTERACTOR] 0
[INTERACTOR → SOLUTION] 10
[INTERACTOR → SOLUTION] 0 0 3 6 0
[SOLUTION → INTERACTOR] 0
[INTERACTOR → SOLUTION] 12
[INTERACTOR → SOLUTION] 0 0 3 6 0
[SOLUTION → INTERACTOR] 0
[INTERACTOR → SOLUTION] 11
[INTERACTOR → SOLUTION] 0 0 3 6 0
[SOLUTION → INTERACTOR] 0
[INTERACTOR → SOLUTION] 11
[INTERACTOR → SOLUTION] 0 0 3 6 0
[SOLUTION → INTERACTOR] 0
[INTERACTOR → SOLUTION] 11
[INTERACTOR → SOLUTION] 0 0 3 6 0
[SOLUTION → INTERACTOR] 0
[INTERACTOR → SOLUTION] 8
[INTERACTOR → SOLUTION] 0 2 3 6 0
[SOLUTION → INTERACTOR] 0
[INTERACTOR → SOLUTION] 7
[INTERACTOR → SOLUTION] 0 2 3 6 0
[SOLUTION → INTERACTOR] 0
[INTERACTOR → SOLUTION] 9
[INTERACTOR → SOLUTION] 0 2 4 6 0
[SOLUTION → INTERACTOR] 0
[INTERACTOR → SOLUTION] 9
[INTERACTOR → SOLUTION] 0 2 5 6 0
[SOLUTION → INTERACTOR] 0
[INTERACTOR → SOLUTION] 7
[INTERACTOR → SOLUTION] 0 2 5 6 0
[SOLUTION → INTERACTOR] 0
[INTERACTOR → SOLUTION] 9
[INTERACTOR → SOLUTION] 0 2 6 6 0
[SOLUTION → INTERACTOR] 2
[SOLUTION → INTERACTOR] CONVERT 2 0
[SOLUTION → INTERACTOR] BUILD_DC 19
[INTERACTOR → SOLUTION] 6
[INTERACTOR → SOLUTION] 0 1 2 8 0
[SOLUTION → INTERACTOR] 0
[INTERACTOR → SOLUTION] 5
[INTERACTOR → SOLUTION] 0 1 6 8 0
[SOLUTION → INTERACTOR] 2
[SOLUTION → INTERACTOR] CONVERT 2 0
[SOLUTION → INTERACTOR] BUILD_CABLE 18 30
[INTERACTOR → SOLUTION] 7
[INTERACTOR → SOLUTION] 0 0 3 8 0
[SOLUTION → INTERACTOR] 0
[INTERACTOR → SOLUTION] 4
[INTERACTOR → SOLUTION] 3 0 3 8 0
[SOLUTION → INTERACTOR] 0
[INTERACTOR → SOLUTION] 7
[INTERACTOR → SOLUTION] 3 0 3 8 0
[SOLUTION → INTERACTOR] 0
[INTERACTOR → SOLUTION] 7
[INTERACTOR → SOLUTION] 3 0 3 8 0
[SOLUTION → INTERACTOR] 0
[INTERACTOR → SOLUTION] 9
[INTERACTOR → SOLUTION] 3 0 4 8 0
[SOLUTION → INTERACTOR] 0
[INTERACTOR → SOLUTION] 3
[INTERACTOR → SOLUTION] 3 0 4 9 2
[SOLUTION → INTERACTOR] 0
[INTERACTOR → SOLUTION] 6
[INTERACTOR → SOLUTION] 3 0 4 12 2
[SOLUTION → INTERACTOR] 0
[INTERACTOR → SOLUTION] 7
[INTERACTOR → SOLUTION] 3 0 4 12 2
[SOLUTION → INTERACTOR] 0
[INTERACTOR → SOLUTION] 4
[INTERACTOR → SOLUTION] 6 0 4 12 2
[SOLUTION → INTERACTOR] 2
[SOLUTION → INTERACTOR] CONVERT 0 1
[SOLUTION → INTERACTOR] BUILD_DC 30
[INTERACTOR → SOLUTION] 7
[INTERACTOR → SOLUTION] 2 0 3 11 2
[SOLUTION → INTERACTOR] 0
[INTERACTOR → SOLUTION] 10
[INTERACTOR → SOLUTION] 2 0 3 11 2
[SOLUTION → INTERACTOR] 0
[INTERACTOR → SOLUTION] 6
[INTERACTOR → SOLUTION] 2 0 3 14 2
[SOLUTION → INTERACTOR] 0
[INTERACTOR → SOLUTION] 2
[INTERACTOR → SOLUTION] 2 1 3 14 2
[SOLUTION → INTERACTOR] 1
[SOLUTION → INTERACTOR] BUILD_CABLE 19 20
[INTERACTOR → SOLUTION] 6
[INTERACTOR → SOLUTION] 1 0 3 17 2
[SOLUTION → INTERACTOR] 0
[INTERACTOR → SOLUTION] 8
[INTERACTOR → SOLUTION] 2 2 3 17 2
[SOLUTION → INTERACTOR] 2
[SOLUTION → INTERACTOR] BUILD_CABLE 20 21
[SOLUTION → INTERACTOR] BUILD_DC 21
[INTERACTOR → SOLUTION] 5
[INTERACTOR → SOLUTION] 0 0 8 16 2
[SOLUTION → INTERACTOR] 1
[SOLUTION → INTERACTOR] CONVERT 2 0
[INTERACTOR → SOLUTION] 5
[INTERACTOR → SOLUTION] 1 0 11 16 2
[SOLUTION → INTERACTOR] 3
[SOLUTION → INTERACTOR] CONVERT 2 1
[SOLUTION → INTERACTOR] BUILD_CABLE 20 32
[SOLUTION → INTERACTOR] CONVERT 2 0
[INTERACTOR → SOLUTION] 12
[INTERACTOR → SOLUTION] 1 0 5 16 2
[SOLUTION → INTERACTOR] 0
[INTERACTOR → SOLUTION] 8
[INTERACTOR → SOLUTION] 3 2 5 16 2
[SOLUTION → INTERACTOR] 2
[SOLUTION → INTERACTOR] BUILD_DC 32
[SOLUTION → INTERACTOR] BUILD_CABLE 17 27
[INTERACTOR → SOLUTION] 4
[INTERACTOR → SOLUTION] 4 0 4 15 2
[SOLUTION → INTERACTOR] 0
[INTERACTOR → SOLUTION] 11
[INTERACTOR → SOLUTION] 4 0 5 15 2
[SOLUTION → INTERACTOR] 0
[INTERACTOR → SOLUTION] 6
[INTERACTOR → SOLUTION] 4 0 5 19 2
[SOLUTION → INTERACTOR] 0
[INTERACTOR → SOLUTION] 6
[INTERACTOR → SOLUTION] 4 0 5 23 2
[SOLUTION → INTERACTOR] 0
[INTERACTOR → SOLUTION] 9
[INTERACTOR → SOLUTION] 4 0 6 23 2
[SOLUTION → INTERACTOR] 1
[SOLUTION → INTERACTOR] CONVERT 2 1
[INTERACTOR → SOLUTION] 7
[INTERACTOR → SOLUTION] 4 1 3 23 2
[SOLUTION → INTERACTOR] 0
[INTERACTOR → SOLUTION] 7
[INTERACTOR → SOLUTION] 4 1 3 23 2
[SOLUTION → INTERACTOR] 0
[INTERACTOR → SOLUTION] 6
[INTERACTOR → SOLUTION] 4 1 3 27 2
[SOLUTION → INTERACTOR] 0
[INTERACTOR → SOLUTION] 8
[INTERACTOR → SOLUTION] 6 3 3 27 2
[SOLUTION → INTERACTOR] 0
[INTERACTOR → SOLUTION] 10
[INTERACTOR → SOLUTION] 8 3 3 27 2
[SOLUTION → INTERACTOR] 0
[INTERACTOR → SOLUTION] 84
[INTERACTOR → SOLUTION] 0 5 25 26 14 17 27 28
[INTERACTOR → SOLUTION] 0 4 38 39 29 26 25 40
[INTERACTOR → SOLUTION] 0 5 47 48 41 39 38 49
[INTERACTOR → SOLUTION] 1 8 14 15 0 5 16 17
[INTERACTOR → SOLUTION] 1 11 29 30 18 15 14 26
[INTERACTOR → SOLUTION] 4 10 41 42 31 30 29 39
[INTERACTOR → SOLUTION] 4 8 50 51 43 42 41 48
[INTERACTOR → SOLUTION] 0 6 0 1 2 3 4 5
[INTERACTOR → SOLUTION] 1 3 18 19 6 1 0 15
[INTERACTOR → SOLUTION] 3 2 31 32 20 19 18 30
[INTERACTOR → SOLUTION] 2 9 43 44 33 32 31 42
[INTERACTOR → SOLUTION] 3 11 52 53 45 44 43 51
[INTERACTOR → SOLUTION] 2 9 6 7 8 9 2 1
[INTERACTOR → SOLUTION] 2 12 20 21 10 7 6 19
[INTERACTOR → SOLUTION] 2 10 33 34 22 21 20 32
[INTERACTOR → SOLUTION] 3 3 45 46 35 34 33 44
[INTERACTOR → SOLUTION] 5 0 10 11 12 13 8 7
[INTERACTOR → SOLUTION] 3 4 22 23 24 11 10 21
[INTERACTOR → SOLUTION] 4 6 35 36 37 23 22 34
[INTERACTOR → SOLUTION] C0 2 25 28
[INTERACTOR → SOLUTION] C1 2 3 4
[INTERACTOR → SOLUTION] C2 2 47 49
[INTERACTOR → SOLUTION] C3 2 23 24
[INTERACTOR → SOLUTION] C4 2 16 17
[INTERACTOR → SOLUTION] C31 8 8 13 52 53 35 46 38 40
[SOLUTION → INTERACTOR] START
[SOLUTION → INTERACTOR] BUILD_DC 0
[SOLUTION → INTERACTOR] BUILD_DC 44
[SOLUTION → INTERACTOR] BUILD_CABLE 0 1
[SOLUTION → INTERACTOR] BUILD_CABLE 44 43
[INTERACTOR → SOLUTION] 5
[INTERACTOR → SOLUTION] 0 0 0 0 0
[SOLUTION → INTERACTOR] 0
[INTERACTOR → SOLUTION] 6
[INTERACTOR → SOLUTION] 1 0 0 0 0
[SOLUTION → INTERACTOR] 0
[INTERACTOR → SOLUTION] 9
[INTERACTOR → SOLUTION] 1 0 1 0 0
[SOLUTION → INTERACTOR] 0
[INTERACTOR → SOLUTION] 11
[INTERACTOR → SOLUTION] 1 0 1 1 0
[SOLUTION → INTERACTOR] 0
[INTERACTOR → SOLUTION] 5
[INTERACTOR → SOLUTION] 1 0 1 1 0
[SOLUTION → INTERACTOR] 0
[INTERACTOR → SOLUTION] 9
[INTERACTOR → SOLUTION] 1 0 2 1 0
[SOLUTION → INTERACTOR] 0
[INTERACTOR → SOLUTION] 7
[INTERACTOR → SOLUTION] 1 0 2 1 0
[SOLUTION → INTERACTOR] 0
[INTERACTOR → SOLUTION] 7
[INTERACTOR → SOLUTION] 1 0 2 1 0
[SOLUTION → INTERACTOR] 0
[INTERACTOR → SOLUTION] 9
[INTERACTOR → SOLUTION] 1 0 3 1 0
[SOLUTION → INTERACTOR] 0
[INTERACTOR → SOLUTION] 7
[INTERACTOR → SOLUTION] 1 0 3 1 0
[SOLUTION → INTERACTOR] 0
[INTERACTOR → SOLUTION] 7
[INTERACTOR → SOLUTION] 1 0 3 1 0
[SOLUTION → INTERACTOR] 0
[INTERACTOR → SOLUTION] 3
[INTERACTOR → SOLUTION] 1 1 3 2 0
[SOLUTION → INTERACTOR] 1
[SOLUTION → INTERACTOR] BUILD_CABLE 43 42
[INTERACTOR → SOLUTION] 8
[INTERACTOR → SOLUTION] 0 1 3 2 0
[SOLUTION → INTERACTOR] 0
[INTERACTOR → SOLUTION] 10
[INTERACTOR → SOLUTION] 0 1 3 2 0
[SOLUTION → INTERACTOR] 0
[INTERACTOR → SOLUTION] 10
[INTERACTOR → SOLUTION] 0 1 3 2 0
[SOLUTION → INTERACTOR] 0
[INTERACTOR → SOLUTION] 8
[INTERACTOR → SOLUTION] 0 2 3 2 0
[SOLUTION → INTERACTOR] 0
[INTERACTOR → SOLUTION] 7
[INTERACTOR → SOLUTION] 0 2 3 2 0
[SOLUTION → INTERACTOR] 0
[INTERACTOR → SOLUTION] 6
[INTERACTOR → SOLUTION] 1 2 3 2 0
[SOLUTION → INTERACTOR] 1
[SOLUTION → INTERACTOR] BUILD_DC 42
[INTERACTOR → SOLUTION] 6
[INTERACTOR → SOLUTION] 1 1 2 1 0
[SOLUTION → INTERACTOR] 1
[SOLUTION → INTERACTOR] BUILD_CABLE 1 2
[INTERACTOR → SOLUTION] 9
[INTERACTOR → SOLUTION] 0 0 4 1 0
[SOLUTION → INTERACTOR] 0
[INTERACTOR → SOLUTION] 8
[INTERACTOR → SOLUTION] 0 1 4 1 1
[SOLUTION → INTERACTOR] 0
[INTERACTOR → SOLUTION] 3
[INTERACTOR → SOLUTION] 0 2 4 2 1
[SOLUTION → INTERACTOR] 0
[INTERACTOR → SOLUTION] 10
[INTERACTOR → SOLUTION] 0 2 4 2 2
[SOLUTION → INTERACTOR] 0
[INTERACTOR → SOLUTION] 5
[INTERACTOR → SOLUTION] 0 2 4 2 2
[SOLUTION → INTERACTOR] 0
[INTERACTOR → SOLUTION] 3
[INTERACTOR → SOLUTION] 0 3 4 3 2
[SOLUTION → INTERACTOR] 0
[INTERACTOR → SOLUTION] 11
[INTERACTOR → SOLUTION] 0 3 4 4 2
[SOLUTION → INTERACTOR] 0
[INTERACTOR → SOLUTION] 8
[INTERACTOR → SOLUTION] 0 4 4 4 3
[SOLUTION → INTERACTOR] 1
[SOLUTION → INTERACTOR] UPGRADE_DC 0
[INTERACTOR → SOLUTION] 4
[INTERACTOR → SOLUTION] 0 4 4 2 0
[SOLUTION → INTERACTOR] 0
[INTERACTOR → SOLUTION] 6
[INTERACTOR → SOLUTION] 2 4 4 2 0
[SOLUTION → INTERACTOR] 2
[SOLUTION → INTERACTOR] BUILD_DC 2
[SOLUTION → INTERACTOR] BUILD_CABLE 1 6
[INTERACTOR → SOLUTION] 4
[INTERACTOR → SOLUTION] 0 2 3 1 0
[SOLUTION → INTERACTOR] 0
[INTERACTOR → SOLUTION] 7
[INTERACTOR → SOLUTION] 0 2 3 1 0
[SOLUTION → INTERACTOR] 0
[INTERACTOR → SOLUTION] 11
[INTERACTOR → SOLUTION] 0 2 3 2 0
[SOLUTION → INTERACTOR] 0
[INTERACTOR → SOLUTION] 4
[INTERACTOR → SOLUTION] 0 2 3 2 0
[SOLUTION → INTERACTOR] 0
[INTERACTOR → SOLUTION] 4
[INTERACTOR → SOLUTION] 0 2 3 2 0
[SOLUTION → INTERACTOR] 0
[INTERACTOR → SOLUTION] 10
[INTERACTOR → SOLUTION] 0 2 3 2 1
[SOLUTION → INTERACTOR] 0
[INTERACTOR → SOLUTION] 4
[INTERACTOR → SOLUTION] 0 2 3 2 1
[SOLUTION → INTERACTOR] 0
[INTERACTOR → SOLUTION] 7
[INTERACTOR → SOLUTION] 0 2 3 2 1
[SOLUTION → INTERACTOR] 0
[INTERACTOR → SOLUTION] 9
[INTERACTOR → SOLUTION] 0 2 6 2 1
[SOLUTION → INTERACTOR] 0
[INTERACTOR → SOLUTION] 4
[INTERACTOR → SOLUTION] 0 2 6 2 1
[SOLUTION → INTERACTOR] 0
[INTERACTOR → SOLUTION] 5
[INTERACTOR → SOLUTION] 0 2 6 2 1
[SOLUTION → INTERACTOR] 0
[INTERACTOR → SOLUTION] 10
[INTERACTOR → SOLUTION] 0 2 6 2 2
[SOLUTION → INTERACTOR] 0
[INTERACTOR → SOLUTION] 7
[INTERACTOR → SOLUTION] 0 2 6 2 2
[SOLUTION → INTERACTOR] 0
[INTERACTOR → SOLUTION] 6
[INTERACTOR → SOLUTION] 3 2 6 2 2
[SOLUTION → INTERACTOR] 2
[SOLUTION → INTERACTOR] BUILD_DC 6
[SOLUTION → INTERACTOR] BUILD_CABLE 2 9
[INTERACTOR → SOLUTION] 11
[INTERACTOR → SOLUTION] 1 0 5 2 2
[SOLUTION → INTERACTOR] 0
[INTERACTOR → SOLUTION] 3
[INTERACTOR → SOLUTION] 1 3 5 3 2
[SOLUTION → INTERACTOR] 1
[SOLUTION → INTERACTOR] BUILD_CABLE 9 8
[INTERACTOR → SOLUTION] 7
[INTERACTOR → SOLUTION] 0 2 5 3 2
[SOLUTION → INTERACTOR] 0
[INTERACTOR → SOLUTION] 7
[INTERACTOR → SOLUTION] 0 2 5 3 2
[SOLUTION → INTERACTOR] 0
[INTERACTOR → SOLUTION] 7
[INTERACTOR → SOLUTION] 0 2 5 3 2
[SOLUTION → INTERACTOR] 0
[INTERACTOR → SOLUTION] 5
[INTERACTOR → SOLUTION] 0 2 5 3 2
[SOLUTION → INTERACTOR] 0
[INTERACTOR → SOLUTION] 5
[INTERACTOR → SOLUTION] 0 2 5 3 2
[SOLUTION → INTERACTOR] 0
[INTERACTOR → SOLUTION] 7
[INTERACTOR → SOLUTION] 0 2 5 3 2
[SOLUTION → INTERACTOR] 0
[INTERACTOR → SOLUTION] 8
[INTERACTOR → SOLUTION] 0 4 5 3 3
[SOLUTION → INTERACTOR] 1
[SOLUTION → INTERACTOR] UPGRADE_DC 42
[INTERACTOR → SOLUTION] 10
[INTERACTOR → SOLUTION] 0 4 5 1 2
[SOLUTION → INTERACTOR] 0
[INTERACTOR → SOLUTION] 5
[INTERACTOR → SOLUTION] 0 4 5 1 2
[SOLUTION → INTERACTOR] 0
[INTERACTOR → SOLUTION] 10
[INTERACTOR → SOLUTION] 0 4 5 1 4
[SOLUTION → INTERACTOR] 0
[INTERACTOR → SOLUTION] 8
[INTERACTOR → SOLUTION] 0 6 5 1 6
[SOLUTION → INTERACTOR] 0
[INTERACTOR → SOLUTION] 9
[INTERACTOR → SOLUTION] 0 6 10 1 6
[SOLUTION → INTERACTOR] 3
[SOLUTION → INTERACTOR] CONVERT 2 0
[SOLUTION → INTERACTOR] BUILD_DC 8
[SOLUTION → INTERACTOR] CONVERT 4 3
[INTERACTOR → SOLUTION] 3
[INTERACTOR → SOLUTION] 0 8 5 2 3
[SOLUTION → INTERACTOR] 3
[SOLUTION → INTERACTOR] CONVERT 1 0
[SOLUTION → INTERACTOR] UPGRADE_DC 2
[SOLUTION → INTERACTOR] BUILD_CABLE 43 51
[INTERACTOR → SOLUTION] 6
[INTERACTOR → SOLUTION] 4 4 5 0 0
[SOLUTION → INTERACTOR] 4
[SOLUTION → INTERACTOR] BUILD_CABLE 51 52
[SOLUTION → INTERACTOR] BUILD_CABLE 52 53
[SOLUTION → INTERACTOR] BUILD_CABLE 44 45
[SOLUTION → INTERACTOR] BUILD_CABLE 45 46
[INTERACTOR → SOLUTION] 7
[INTERACTOR → SOLUTION] 0 0 5 0 0
[SOLUTION → INTERACTOR] 0
[INTERACTOR → SOLUTION] 5
[INTERACTOR → SOLUTION] 0 0 5 0 0
[SOLUTION → INTERACTOR] 0
[INTERACTOR → SOLUTION] 4
[INTERACTOR → SOLUTION] 0 0 5 0 0
[SOLUTION → INTERACTOR] 0
[INTERACTOR → SOLUTION] 8
[INTERACTOR → SOLUTION] 0 2 5 0 2
[SOLUTION → INTERACTOR] 0
[INTERACTOR → SOLUTION] 6
[INTERACTOR → SOLUTION] 4 2 5 0 2
[SOLUTION → INTERACTOR] 2
[SOLUTION → INTERACTOR] BUILD_CABLE 46 35
[SOLUTION → INTERACTOR] BUILD_CABLE 35 34
[INTERACTOR → SOLUTION] 2
[INTERACTOR → SOLUTION] 2 0 5 0 2
[SOLUTION → INTERACTOR] 0
[INTERACTOR → SOLUTION] 5
[INTERACTOR → SOLUTION] 2 0 5 0 2
[SOLUTION → INTERACTOR] 0
[INTERACTOR → SOLUTION] 7
[INTERACTOR → SOLUTION] 2 0 5 0 2
[SOLUTION → INTERACTOR] 0
[INTERACTOR → SOLUTION] 6
[INTERACTOR → SOLUTION] 6 0 5 0 2
[SOLUTION → INTERACTOR] 2
[SOLUTION → INTERACTOR] CONVERT 0 1
[SOLUTION → INTERACTOR] BUILD_CABLE 34 22
[INTERACTOR → SOLUTION] 5
[INTERACTOR → SOLUTION] 2 0 5 0 2
[SOLUTION → INTERACTOR] 0
[INTERACTOR → SOLUTION] 9
[INTERACTOR → SOLUTION] 2 0 12 0 2
[SOLUTION → INTERACTOR] 3
[SOLUTION → INTERACTOR] CONVERT 2 1
[SOLUTION → INTERACTOR] CONVERT 2 3
[SOLUTION → INTERACTOR] BUILD_DC 22
[INTERACTOR → SOLUTION] 5
[INTERACTOR → SOLUTION] 1 0 5 0 2
[SOLUTION → INTERACTOR] 0
[INTERACTOR → SOLUTION] 10
[INTERACTOR → SOLUTION] 1 0 6 0 4
[SOLUTION → INTERACTOR] 2
[SOLUTION → INTERACTOR] CONVERT 2 1
[SOLUTION → INTERACTOR] BUILD_CABLE 42 41
[INTERACTOR → SOLUTION] 4
[INTERACTOR → SOLUTION] 0 0 3 1 4
[SOLUTION → INTERACTOR] 0
[INTERACTOR → SOLUTION] 8
[INTERACTOR → SOLUTION] 0 2 3 1 6
[SOLUTION → INTERACTOR] 0
[INTERACTOR → SOLUTION] 6
[INTERACTOR → SOLUTION] 4 2 3 1 7
[SOLUTION → INTERACTOR] 3
[SOLUTION → INTERACTOR] BUILD_DC 35
[SOLUTION → INTERACTOR] CONVERT 4 3
[SOLUTION → INTERACTOR] BUILD_DC 51
[INTERACTOR → SOLUTION] 9
[INTERACTOR → SOLUTION] 2 0 8 0 4
[SOLUTION → INTERACTOR] 1
[SOLUTION → INTERACTOR] CONVERT 2 1
[INTERACTOR → SOLUTION] 6
[INTERACTOR → SOLUTION] 6 1 5 0 6
[SOLUTION → INTERACTOR] 3
[SOLUTION → INTERACTOR] CONVERT 0 3
[SOLUTION → INTERACTOR] BUILD_DC 53
[SOLUTION → INTERACTOR] CONVERT 4 3
[INTERACTOR → SOLUTION] 7
[INTERACTOR → SOLUTION] 2 0 4 1 3
[SOLUTION → INTERACTOR] 0
[INTERACTOR → SOLUTION] 11
[INTERACTOR → SOLUTION] 2 0 4 4 3
[SOLUTION → INTERACTOR] 1
[SOLUTION → INTERACTOR] UPGRADE_DC 22
[INTERACTOR → SOLUTION] 3
[INTERACTOR → SOLUTION] 2 3 4 4 0
[SOLUTION → INTERACTOR] 0
[INTERACTOR → SOLUTION] 11
[INTERACTOR → SOLUTION] 2 3 4 7 0
[SOLUTION → INTERACTOR] 0
[INTERACTOR → SOLUTION] 3
[INTERACTOR → SOLUTION] 2 6 4 9 0
[SOLUTION → INTERACTOR] 0
[INTERACTOR → SOLUTION] 5
[INTERACTOR → SOLUTION] 2 6 4 9 0
[SOLUTION → INTERACTOR] 0
[INTERACTOR → SOLUTION] 10
[INTERACTOR → SOLUTION] 2 6 6 9 2
[SOLUTION → INTERACTOR] 0
[INTERACTOR → SOLUTION] 82
[INTERACTOR → SOLUTION] 2 5 25 26 14 17 27 28
[INTERACTOR → SOLUTION] 3 11 38 39 29 26 25 40
[INTERACTOR → SOLUTION] 1 2 47 48 41 39 38 49
[INTERACTOR → SOLUTION] 4 10 14 15 0 5 16 17
[INTERACTOR → SOLUTION] 2 10 29 30 18 15 14 26
[INTERACTOR → SOLUTION] 0 8 41 42 31 30 29 39
[INTERACTOR → SOLUTION] 3 6 50 51 43 42 41 48
[INTERACTOR → SOLUTION] 3 12 0 1 2 3 4 5
[INTERACTOR → SOLUTION] 0 6 18 19 6 1 0 15
[INTERACTOR → SOLUTION] 2 3 31 32 20 19 18 30
[INTERACTOR → SOLUTION] 3 9 43 44 33 32 31 42
[INTERACTOR → SOLUTION] 1 3 52 53 45 44 43 51
[INTERACTOR → SOLUTION] 2 11 6 7 8 9 2 1
[INTERACTOR → SOLUTION] 0 4 20 21 10 7 6 19
[INTERACTOR → SOLUTION] 5 0 33 34 22 21 20 32
[INTERACTOR → SOLUTION] 1 4 45 46 35 34 33 44
[INTERACTOR → SOLUTION] 4 9 10 11 12 13 8 7
[INTERACTOR → SOLUTION] 0 8 22 23 24 11 10 21
[INTERACTOR → SOLUTION] 4 5 35 36 37 23 22 34
[INTERACTOR → SOLUTION] C0 2 11 12
[INTERACTOR → SOLUTION] C1 2 8 9
[INTERACTOR → SOLUTION] C2 2 5 16
[INTERACTOR → SOLUTION] C3 2 2 3
[INTERACTOR → SOLUTION] C4 2 45 53
[INTERACTOR → SOLUTION] C31 8 38 49 51 52 48 50 35 36
[SOLUTION → INTERACTOR] START
[SOLUTION → INTERACTOR] BUILD_DC 18
[SOLUTION → INTERACTOR] BUILD_DC 44
[SOLUTION → INTERACTOR] BUILD_CABLE 18 15
[SOLUTION → INTERACTOR] BUILD_CABLE 44 43
[INTERACTOR → SOLUTION] 8
[INTERACTOR → SOLUTION] 0 0 0 0 0
[SOLUTION → INTERACTOR] 0
[INTERACTOR → SOLUTION] 7
[INTERACTOR → SOLUTION] 0 0 0 0 0
[SOLUTION → INTERACTOR] 0
[INTERACTOR → SOLUTION] 4
[INTERACTOR → SOLUTION] 0 1 0 0 0
[SOLUTION → INTERACTOR] 0
[INTERACTOR → SOLUTION] 11
[INTERACTOR → SOLUTION] 0 1 0 0 0
[SOLUTION → INTERACTOR] 0
[INTERACTOR → SOLUTION] 2
[INTERACTOR → SOLUTION] 0 1 0 0 0
[SOLUTION → INTERACTOR] 0
[INTERACTOR → SOLUTION] 5
[INTERACTOR → SOLUTION] 0 1 0 0 0
[SOLUTION → INTERACTOR] 0
[INTERACTOR → SOLUTION] 4
[INTERACTOR → SOLUTION] 0 2 0 0 0
[SOLUTION → INTERACTOR] 0
[INTERACTOR → SOLUTION] 2
[INTERACTOR → SOLUTION] 0 2 0 0 0
[SOLUTION → INTERACTOR] 0
[INTERACTOR → SOLUTION] 10
[INTERACTOR → SOLUTION] 0 2 1 0 0
[SOLUTION → INTERACTOR] 0
[INTERACTOR → SOLUTION] 9
[INTERACTOR → SOLUTION] 0 2 1 1 0
[SOLUTION → INTERACTOR] 0
[INTERACTOR → SOLUTION] 7
[INTERACTOR → SOLUTION] 0 2 1 1 0
[SOLUTION → INTERACTOR] 0
[INTERACTOR → SOLUTION] 6
[INTERACTOR → SOLUTION] 1 2 1 1 0
[SOLUTION → INTERACTOR] 1
[SOLUTION → INTERACTOR] BUILD_CABLE 43 51
[INTERACTOR → SOLUTION] 3
[INTERACTOR → SOLUTION] 0 2 2 1 0
[SOLUTION → INTERACTOR] 0
[INTERACTOR → SOLUTION] 7
[INTERACTOR → SOLUTION] 0 2 2 1 0
[SOLUTION → INTERACTOR] 0
[INTERACTOR → SOLUTION] 8
[INTERACTOR → SOLUTION] 0 2 2 1 0
[SOLUTION → INTERACTOR] 0
[INTERACTOR → SOLUTION] 10
[INTERACTOR → SOLUTION] 0 2 3 1 0
[SOLUTION → INTERACTOR] 0
[INTERACTOR → SOLUTION] 4
[INTERACTOR → SOLUTION] 0 3 3 1 0
[SOLUTION → INTERACTOR] 0
[INTERACTOR → SOLUTION] 12
[INTERACTOR → SOLUTION] 0 3 3 1 0
[SOLUTION → INTERACTOR] 0
[INTERACTOR → SOLUTION] 8
[INTERACTOR → SOLUTION] 0 3 3 1 0
[SOLUTION → INTERACTOR] 0
[INTERACTOR → SOLUTION] 7
[INTERACTOR → SOLUTION] 0 3 3 1 0
[SOLUTION → INTERACTOR] 0
[INTERACTOR → SOLUTION] 4
[INTERACTOR → SOLUTION] 0 4 3 1 0
[SOLUTION → INTERACTOR] 0
[INTERACTOR → SOLUTION] 4
[INTERACTOR → SOLUTION] 0 5 3 1 0
[SOLUTION → INTERACTOR] 0
[INTERACTOR → SOLUTION] 8
[INTERACTOR → SOLUTION] 0 5 3 1 0
[SOLUTION → INTERACTOR] 0
[INTERACTOR → SOLUTION] 7
[INTERACTOR → SOLUTION] 0 5 3 1 0
[SOLUTION → INTERACTOR] 0
[INTERACTOR → SOLUTION] 6
[INTERACTOR → SOLUTION] 1 5 3 1 0
[SOLUTION → INTERACTOR] 1
[SOLUTION → INTERACTOR] BUILD_DC 51
[INTERACTOR → SOLUTION] 4
[INTERACTOR → SOLUTION] 0 5 2 0 0
[SOLUTION → INTERACTOR] 0
[INTERACTOR → SOLUTION] 9
[INTERACTOR → SOLUTION] 0 5 2 1 0
[SOLUTION → INTERACTOR] 0
[INTERACTOR → SOLUTION] 8
[INTERACTOR → SOLUTION] 0 5 2 1 0
[SOLUTION → INTERACTOR] 0
[INTERACTOR → SOLUTION] 8
[INTERACTOR → SOLUTION] 0 5 2 1 0
[SOLUTION → INTERACTOR] 0
[INTERACTOR → SOLUTION] 2
[INTERACTOR → SOLUTION] 0 5 2 1 0
[SOLUTION → INTERACTOR] 0
[INTERACTOR → SOLUTION] 6
[INTERACTOR → SOLUTION] 1 5 2 2 0
[SOLUTION → INTERACTOR] 1
[SOLUTION → INTERACTOR] BUILD_CABLE 43 42
[INTERACTOR → SOLUTION] 9
[INTERACTOR → SOLUTION] 0 4 2 3 0
[SOLUTION → INTERACTOR] 0
[INTERACTOR → SOLUTION] 6
[INTERACTOR → SOLUTION] 1 4 2 4 0
[SOLUTION → INTERACTOR] 1
[SOLUTION → INTERACTOR] BUILD_DC 42
[INTERACTOR → SOLUTION] 7
[INTERACTOR → SOLUTION] 0 3 1 3 0
[SOLUTION → INTERACTOR] 0
[INTERACTOR → SOLUTION] 6
[INTERACTOR → SOLUTION] 1 3 1 5 0
[SOLUTION → INTERACTOR] 1
[SOLUTION → INTERACTOR] BUILD_CABLE 15 14
[INTERACTOR → SOLUTION] 9
[INTERACTOR → SOLUTION] 0 2 1 7 0
[SOLUTION → INTERACTOR] 0
[INTERACTOR → SOLUTION] 6
[INTERACTOR → SOLUTION] 1 2 1 9 0
[SOLUTION → INTERACTOR] 1
[SOLUTION → INTERACTOR] BUILD_DC 14
[INTERACTOR → SOLUTION] 11
[INTERACTOR → SOLUTION] 0 1 0 8 0
[SOLUTION → INTERACTOR] 0
[INTERACTOR → SOLUTION] 8
[INTERACTOR → SOLUTION] 1 1 0 8 0
[SOLUTION → INTERACTOR] 1
[SOLUTION → INTERACTOR] BUILD_CABLE 15 0
[INTERACTOR → SOLUTION] 9
[INTERACTOR → SOLUTION] 0 0 0 10 0
[SOLUTION → INTERACTOR] 0
[INTERACTOR → SOLUTION] 8
[INTERACTOR → SOLUTION] 1 0 0 10 0
[SOLUTION → INTERACTOR] 0
[INTERACTOR → SOLUTION] 7
[INTERACTOR → SOLUTION] 1 0 0 10 0
[SOLUTION → INTERACTOR] 0
[INTERACTOR → SOLUTION] 4
[INTERACTOR → SOLUTION] 1 1 0 10 0
[SOLUTION → INTERACTOR] 1
[SOLUTION → INTERACTOR] BUILD_CABLE 0 1
[INTERACTOR → SOLUTION] 4
[INTERACTOR → SOLUTION] 0 1 0 10 0
[SOLUTION → INTERACTOR] 0
[INTERACTOR → SOLUTION] 8
[INTERACTOR → SOLUTION] 1 1 0 10 0
[SOLUTION → INTERACTOR] 1
[SOLUTION → INTERACTOR] BUILD_CABLE 1 6
[INTERACTOR → SOLUTION] 5
[INTERACTOR → SOLUTION] 0 0 1 10 0
[SOLUTION → INTERACTOR] 0
[INTERACTOR → SOLUTION] 7
[INTERACTOR → SOLUTION] 0 0 1 10 0
[SOLUTION → INTERACTOR] 0
[INTERACTOR → SOLUTION] 10
[INTERACTOR → SOLUTION] 0 0 3 10 1
[SOLUTION → INTERACTOR] 0
[INTERACTOR → SOLUTION] 3
[INTERACTOR → SOLUTION] 0 2 4 10 1
[SOLUTION → INTERACTOR] 0
[INTERACTOR → SOLUTION] 11
[INTERACTOR → SOLUTION] 0 2 4 10 1
[SOLUTION → INTERACTOR] 0
[INTERACTOR → SOLUTION] 8
[INTERACTOR → SOLUTION] 1 2 4 10 1
[SOLUTION → INTERACTOR] 1
[SOLUTION → INTERACTOR] BUILD_DC 6
[INTERACTOR → SOLUTION] 11
[INTERACTOR → SOLUTION] 0 1 4 9 1
[SOLUTION → INTERACTOR] 0
[INTERACTOR → SOLUTION] 10
[INTERACTOR → SOLUTION] 0 1 6 9 2
[SOLUTION → INTERACTOR] 2
[SOLUTION → INTERACTOR] CONVERT 2 0
[SOLUTION → INTERACTOR] BUILD_DC 0
[INTERACTOR → SOLUTION] 2
[INTERACTOR → SOLUTION] 0 0 2 8 2
[SOLUTION → INTERACTOR] 0
[INTERACTOR → SOLUTION] 9
[INTERACTOR → SOLUTION] 0 0 2 10 2
[SOLUTION → INTERACTOR] 0
[INTERACTOR → SOLUTION] 10
[INTERACTOR → SOLUTION] 0 0 4 10 4
[SOLUTION → INTERACTOR] 1
[SOLUTION → INTERACTOR] UPGRADE_DC 42
[INTERACTOR → SOLUTION] 4
[INTERACTOR → SOLUTION] 1 1 4 8 1
[SOLUTION → INTERACTOR] 1
[SOLUTION → INTERACTOR] BUILD_CABLE 42 41
[INTERACTOR → SOLUTION] 6
[INTERACTOR → SOLUTION] 3 0 4 11 1
[SOLUTION → INTERACTOR] 0
[INTERACTOR → SOLUTION] 5
[INTERACTOR → SOLUTION] 3 0 5 11 1
[SOLUTION → INTERACTOR] 0
[INTERACTOR → SOLUTION] 4
[INTERACTOR → SOLUTION] 4 1 5 11 1
[SOLUTION → INTERACTOR] 1
[SOLUTION → INTERACTOR] BUILD_CABLE 41 48
[INTERACTOR → SOLUTION] 3
[INTERACTOR → SOLUTION] 3 2 6 11 1
[SOLUTION → INTERACTOR] 2
[SOLUTION → INTERACTOR] BUILD_DC 48
[SOLUTION → INTERACTOR] BUILD_CABLE 41 39
[INTERACTOR → SOLUTION] 4
[INTERACTOR → SOLUTION] 2 1 5 10 1
[SOLUTION → INTERACTOR] 1
[SOLUTION → INTERACTOR] BUILD_DC 39
[INTERACTOR → SOLUTION] 4
[INTERACTOR → SOLUTION] 2 1 4 9 1
[SOLUTION → INTERACTOR] 1
[SOLUTION → INTERACTOR] BUILD_CABLE 6 7
[INTERACTOR → SOLUTION] 10
[INTERACTOR → SOLUTION] 1 0 6 9 3
[SOLUTION → INTERACTOR] 3
[SOLUTION → INTERACTOR] CONVERT 2 1
[SOLUTION → INTERACTOR] UPGRADE_DC 18
[SOLUTION → INTERACTOR] BUILD_CABLE 7 10
[INTERACTOR → SOLUTION] 5
[INTERACTOR → SOLUTION] 0 0 4 7 0
[SOLUTION → INTERACTOR] 0
[INTERACTOR → SOLUTION] 4
[INTERACTOR → SOLUTION] 1 1 4 7 0
[SOLUTION → INTERACTOR] 1
[SOLUTION → INTERACTOR] BUILD_DC 10
[INTERACTOR → SOLUTION] 12
[INTERACTOR → SOLUTION] 0 0 3 7 0
[SOLUTION → INTERACTOR] 0
[INTERACTOR → SOLUTION] 6
[INTERACTOR → SOLUTION] 4 0 3 11 0
[SOLUTION → INTERACTOR] 0
[INTERACTOR → SOLUTION] 2
[INTERACTOR → SOLUTION] 4 2 3 11 0
[SOLUTION → INTERACTOR] 2
[SOLUTION → INTERACTOR] BUILD_CABLE 7 8
[SOLUTION → INTERACTOR] BUILD_DC 8
[INTERACTOR → SOLUTION] 3
[INTERACTOR → SOLUTION] 2 2 4 10 0
[SOLUTION → INTERACTOR] 2
[SOLUTION → INTERACTOR] BUILD_CABLE 44 33
[SOLUTION → INTERACTOR] BUILD_CABLE 33 34
[INTERACTOR → SOLUTION] 6
[INTERACTOR → SOLUTION] 4 0 4 14 0
[SOLUTION → INTERACTOR] 0
[INTERACTOR → SOLUTION] 6
[INTERACTOR → SOLUTION] 8 0 4 18 0
[SOLUTION → INTERACTOR] 2
[SOLUTION → INTERACTOR] CONVERT 0 1
[SOLUTION → INTERACTOR] BUILD_DC 34
[INTERACTOR → SOLUTION] 3
[INTERACTOR → SOLUTION] 4 2 5 17 0
[SOLUTION → INTERACTOR] 0
[INTERACTOR → SOLUTION] 7
[INTERACTOR → SOLUTION] 4 2 5 17 0
[SOLUTION → INTERACTOR] 0
[INTERACTOR → SOLUTION] 4
[INTERACTOR → SOLUTION] 6 4 5 17 0
[SOLUTION → INTERACTOR] 0
[INTERACTOR → SOLUTION] 2
[INTERACTOR → SOLUTION] 6 6 5 17 0
[SOLUTION → INTERACTOR] 0
[INTERACTOR → SOLUTION] 7
[INTERACTOR → SOLUTION] 6 6 5 17 0
[SOLUTION → INTERACTOR] 0
[INTERACTOR → SOLUTION] 4
[INTERACTOR → SOLUTION] 8 8 5 17 0
[SOLUTION → INTERACTOR] 0
[INTERACTOR → SOLUTION] 4
[INTERACTOR → SOLUTION] 10 10 5 17 0
[SOLUTION → INTERACTOR] 0
[INTERACTOR → SOLUTION] 4
[INTERACTOR → SOLUTION] 12 12 5 17 0
[SOLUTION → INTERACTOR] 0
[INTERACTOR → SOLUTION] 5
[INTERACTOR → SOLUTION] 12 12 6 17 1
[SOLUTION → INTERACTOR] 0
[INTERACTOR → SOLUTION] 9
[INTERACTOR → SOLUTION] 12 12 6 20 3
[SOLUTION → INTERACTOR] 1
[SOLUTION → INTERACTOR] UPGRADE_DC 10
[INTERACTOR → SOLUTION] 89
[INTERACTOR → SOLUTION] 3 9 25 26 14 17 27 28
[INTERACTOR → SOLUTION] 2 11 38 39 29 26 25 40
[INTERACTOR → SOLUTION] 2 4 47 48 41 39 38 49
[INTERACTOR → SOLUTION] 4 3 14 15 0 5 16 17
[INTERACTOR → SOLUTION] 0 5 29 30 18 15 14 26
[INTERACTOR → SOLUTION] 5 0 41 42 31 30 29 39
[INTERACTOR → SOLUTION] 3 5 50 51 43 42 41 48
[INTERACTOR → SOLUTION] 3 12 0 1 2 3 4 5
[INTERACTOR → SOLUTION] 0 8 18 19 6 1 0 15
[INTERACTOR → SOLUTION] 0 3 31 32 20 19 18 30
[INTERACTOR → SOLUTION] 4 4 43 44 33 32 31 42
[INTERACTOR → SOLUTION] 1 2 52 53 45 44 43 51
[INTERACTOR → SOLUTION] 1 6 6 7 8 9 2 1
[INTERACTOR → SOLUTION] 0 11 20 21 10 7 6 19
[INTERACTOR → SOLUTION] 3 6 33 34 22 21 20 32
[INTERACTOR → SOLUTION] 2 10 45 46 35 34 33 44
[INTERACTOR → SOLUTION] 4 10 10 11 12 13 8 7
[INTERACTOR → SOLUTION] 1 8 22 23 24 11 10 21
[INTERACTOR → SOLUTION] 2 9 35 36 37 23 22 34
[INTERACTOR → SOLUTION] C0 2 17 27
[INTERACTOR → SOLUTION] C1 2 2 9
[INTERACTOR → SOLUTION] C2 2 12 13
[INTERACTOR → SOLUTION] C3 2 23 24
[INTERACTOR → SOLUTION] C4 2 45 46
[INTERACTOR → SOLUTION] C31 8 25 40 38 49 5 16 3 4
[SOLUTION → INTERACTOR] START
[SOLUTION → INTERACTOR] BUILD_DC 6
[SOLUTION → INTERACTOR] BUILD_DC 34
[SOLUTION → INTERACTOR] BUILD_CABLE 6 1
[SOLUTION → INTERACTOR] BUILD_CABLE 34 22
[INTERACTOR → SOLUTION] 5
[INTERACTOR → SOLUTION] 0 0 0 0 0
[SOLUTION → INTERACTOR] 0
[INTERACTOR → SOLUTION] 9
[INTERACTOR → SOLUTION] 0 0 1 0 0
[SOLUTION → INTERACTOR] 0
[INTERACTOR → SOLUTION] 6
[INTERACTOR → SOLUTION] 0 1 1 1 0
[SOLUTION → INTERACTOR] 0
[INTERACTOR → SOLUTION] 5
[INTERACTOR → SOLUTION] 0 1 1 1 0
[SOLUTION → INTERACTOR] 0
[INTERACTOR → SOLUTION] 9
[INTERACTOR → SOLUTION] 0 1 2 1 0
[SOLUTION → INTERACTOR] 0
[INTERACTOR → SOLUTION] 2
[INTERACTOR → SOLUTION] 0 1 2 1 0
[SOLUTION → INTERACTOR] 0
[INTERACTOR → SOLUTION] 9
[INTERACTOR → SOLUTION] 0 1 3 1 0
[SOLUTION → INTERACTOR] 0
[INTERACTOR → SOLUTION] 10
[INTERACTOR → SOLUTION] 0 1 4 1 0
[SOLUTION → INTERACTOR] 0
[INTERACTOR → SOLUTION] 9
[INTERACTOR → SOLUTION] 0 1 5 1 0
[SOLUTION → INTERACTOR] 0
[INTERACTOR → SOLUTION] 5
[INTERACTOR → SOLUTION] 0 1 5 1 0
[SOLUTION → INTERACTOR] 0
[INTERACTOR → SOLUTION] 7
[INTERACTOR → SOLUTION] 0 1 5 1 0
[SOLUTION → INTERACTOR] 0
[INTERACTOR → SOLUTION] 5
[INTERACTOR → SOLUTION] 0 1 5 1 0
[SOLUTION → INTERACTOR] 0
[INTERACTOR → SOLUTION] 3
[INTERACTOR → SOLUTION] 0 1 5 1 0
[SOLUTION → INTERACTOR] 0
[INTERACTOR → SOLUTION] 7
[INTERACTOR → SOLUTION] 0 1 5 1 0
[SOLUTION → INTERACTOR] 0
[INTERACTOR → SOLUTION] 7
[INTERACTOR → SOLUTION] 0 1 5 1 0
[SOLUTION → INTERACTOR] 0
[INTERACTOR → SOLUTION] 7
[INTERACTOR → SOLUTION] 0 1 5 1 0
[SOLUTION → INTERACTOR] 0
[INTERACTOR → SOLUTION] 5
[INTERACTOR → SOLUTION] 0 1 5 1 0
[SOLUTION → INTERACTOR] 0
[INTERACTOR → SOLUTION] 3
[INTERACTOR → SOLUTION] 0 1 5 1 0
[SOLUTION → INTERACTOR] 0
[INTERACTOR → SOLUTION] 7
[INTERACTOR → SOLUTION] 0 1 5 1 0
[SOLUTION → INTERACTOR] 0
[INTERACTOR → SOLUTION] 2
[INTERACTOR → SOLUTION] 0 1 5 1 0
[SOLUTION → INTERACTOR] 0
[INTERACTOR → SOLUTION] 5
[INTERACTOR → SOLUTION] 0 1 5 1 0
[SOLUTION → INTERACTOR] 0
[INTERACTOR → SOLUTION] 8
[INTERACTOR → SOLUTION] 1 1 5 1 0
[SOLUTION → INTERACTOR] 1
[SOLUTION → INTERACTOR] BUILD_CABLE 22 21
[INTERACTOR → SOLUTION] 6
[INTERACTOR → SOLUTION] 0 1 5 2 0
[SOLUTION → INTERACTOR] 0
[INTERACTOR → SOLUTION] 6
[INTERACTOR → SOLUTION] 0 2 5 3 0
[SOLUTION → INTERACTOR] 0
[INTERACTOR → SOLUTION] 11
[INTERACTOR → SOLUTION] 1 2 5 3 0
[SOLUTION → INTERACTOR] 1
[SOLUTION → INTERACTOR] BUILD_DC 21
[INTERACTOR → SOLUTION] 5
[INTERACTOR → SOLUTION] 0 1 4 2 0
[SOLUTION → INTERACTOR] 0
[INTERACTOR → SOLUTION] 4
[INTERACTOR → SOLUTION] 0 1 4 2 0
[SOLUTION → INTERACTOR] 0
[INTERACTOR → SOLUTION] 4
[INTERACTOR → SOLUTION] 0 1 4 2 0
[SOLUTION → INTERACTOR] 0
[INTERACTOR → SOLUTION] 8
[INTERACTOR → SOLUTION] 1 2 4 2 0
[SOLUTION → INTERACTOR] 1
[SOLUTION → INTERACTOR] BUILD_CABLE 22 23
[INTERACTOR → SOLUTION] 6
[INTERACTOR → SOLUTION] 0 2 4 4 0
[SOLUTION → INTERACTOR] 0
[INTERACTOR → SOLUTION] 9
[INTERACTOR → SOLUTION] 0 2 5 4 0
[SOLUTION → INTERACTOR] 0
[INTERACTOR → SOLUTION] 8
[INTERACTOR → SOLUTION] 1 3 5 4 0
[SOLUTION → INTERACTOR] 1
[SOLUTION → INTERACTOR] BUILD_DC 23
[INTERACTOR → SOLUTION] 7
[INTERACTOR → SOLUTION] 0 2 4 3 0
[SOLUTION → INTERACTOR] 0
[INTERACTOR → SOLUTION] 8
[INTERACTOR → SOLUTION] 1 4 4 3 0
[SOLUTION → INTERACTOR] 1
[SOLUTION → INTERACTOR] BUILD_CABLE 1 0
[INTERACTOR → SOLUTION] 10
[INTERACTOR → SOLUTION] 0 3 5 3 0
[SOLUTION → INTERACTOR] 0
[INTERACTOR → SOLUTION] 11
[INTERACTOR → SOLUTION] 2 3 5 3 0
[SOLUTION → INTERACTOR] 2
[SOLUTION → INTERACTOR] BUILD_DC 0
[SOLUTION → INTERACTOR] BUILD_CABLE 1 2
[INTERACTOR → SOLUTION] 7
[INTERACTOR → SOLUTION] 0 1 4 2 0
[SOLUTION → INTERACTOR] 0
[INTERACTOR → SOLUTION] 6
[INTERACTOR → SOLUTION] 0 2 4 4 0
[SOLUTION → INTERACTOR] 0
[INTERACTOR → SOLUTION] 9
[INTERACTOR → SOLUTION] 0 2 6 4 0
[SOLUTION → INTERACTOR] 0
[INTERACTOR → SOLUTION] 12
[INTERACTOR → SOLUTION] 0 2 6 5 0
[SOLUTION → INTERACTOR] 0
[INTERACTOR → SOLUTION] 5
[INTERACTOR → SOLUTION] 0 2 6 5 0
[SOLUTION → INTERACTOR] 0
[INTERACTOR → SOLUTION] 7
[INTERACTOR → SOLUTION] 0 2 6 5 0
[SOLUTION → INTERACTOR] 0
[INTERACTOR → SOLUTION] 7
[INTERACTOR → SOLUTION] 0 2 6 5 0
[SOLUTION → INTERACTOR] 0
[INTERACTOR → SOLUTION] 11
[INTERACTOR → SOLUTION] 2 2 6 5 0
[SOLUTION → INTERACTOR] 2
[SOLUTION → INTERACTOR] BUILD_DC 2
[SOLUTION → INTERACTOR] BUILD_CABLE 0 5
[INTERACTOR → SOLUTION] 10
[INTERACTOR → SOLUTION] 0 0 6 4 0
[SOLUTION → INTERACTOR] 0
[INTERACTOR → SOLUTION] 7
[INTERACTOR → SOLUTION] 0 0 6 4 0
[SOLUTION → INTERACTOR] 0
[INTERACTOR → SOLUTION] 3
[INTERACTOR → SOLUTION] 0 0 6 4 1
[SOLUTION → INTERACTOR] 0
[INTERACTOR → SOLUTION] 6
[INTERACTOR → SOLUTION] 0 2 6 6 1
[SOLUTION → INTERACTOR] 0
[INTERACTOR → SOLUTION] 6
[INTERACTOR → SOLUTION] 0 4 6 8 1
[SOLUTION → INTERACTOR] 0
[INTERACTOR → SOLUTION] 10
[INTERACTOR → SOLUTION] 0 4 7 8 1
[SOLUTION → INTERACTOR] 2
[SOLUTION → INTERACTOR] CONVERT 2 0
[SOLUTION → INTERACTOR] BUILD_CABLE 5 16
[INTERACTOR → SOLUTION] 10
[INTERACTOR → SOLUTION] 0 3 4 8 1
[SOLUTION → INTERACTOR] 0
[INTERACTOR → SOLUTION] 7
[INTERACTOR → SOLUTION] 0 3 4 8 1
[SOLUTION → INTERACTOR] 0
[INTERACTOR → SOLUTION] 8
[INTERACTOR → SOLUTION] 2 5 4 8 1
[SOLUTION → INTERACTOR] 2
[SOLUTION → INTERACTOR] BUILD_DC 16
[SOLUTION → INTERACTOR] BUILD_CABLE 5 4
[INTERACTOR → SOLUTION] 10
[INTERACTOR → SOLUTION] 0 3 4 7 1
[SOLUTION → INTERACTOR] 0
[INTERACTOR → SOLUTION] 5
[INTERACTOR → SOLUTION] 0 3 4 7 1
[SOLUTION → INTERACTOR] 0
[INTERACTOR → SOLUTION] 7
[INTERACTOR → SOLUTION] 0 3 4 7 1
[SOLUTION → INTERACTOR] 0
[INTERACTOR → SOLUTION] 2
[INTERACTOR → SOLUTION] 0 3 4 7 1
[SOLUTION → INTERACTOR] 0
[INTERACTOR → SOLUTION] 6
[INTERACTOR → SOLUTION] 0 5 4 9 1
[SOLUTION → INTERACTOR] 2
[SOLUTION → INTERACTOR] CONVERT 1 0
[SOLUTION → INTERACTOR] BUILD_DC 4
[INTERACTOR → SOLUTION] 2
[INTERACTOR → SOLUTION] 0 2 3 8 1
[SOLUTION → INTERACTOR] 0
[INTERACTOR → SOLUTION] 6
[INTERACTOR → SOLUTION] 0 4 3 10 1
[SOLUTION → INTERACTOR] 0
[INTERACTOR → SOLUTION] 7
[INTERACTOR → SOLUTION] 0 4 3 10 1
[SOLUTION → INTERACTOR] 0
[INTERACTOR → SOLUTION] 7
[INTERACTOR → SOLUTION] 0 4 3 10 1
[SOLUTION → INTERACTOR] 0
[INTERACTOR → SOLUTION] 5
[INTERACTOR → SOLUTION] 0 4 3 10 1
[SOLUTION → INTERACTOR] 0
[INTERACTOR → SOLUTION] 7
[INTERACTOR → SOLUTION] 0 4 3 10 1
[SOLUTION → INTERACTOR] 0
[INTERACTOR → SOLUTION] 8
[INTERACTOR → SOLUTION] 2 6 3 10 1
[SOLUTION → INTERACTOR] 2
[SOLUTION → INTERACTOR] BUILD_CABLE 0 15
[SOLUTION → INTERACTOR] BUILD_CABLE 15 18
[INTERACTOR → SOLUTION] 7
[INTERACTOR → SOLUTION] 0 4 3 10 1
[SOLUTION → INTERACTOR] 0
[INTERACTOR → SOLUTION] 7
[INTERACTOR → SOLUTION] 0 4 3 10 1
[SOLUTION → INTERACTOR] 0
[INTERACTOR → SOLUTION] 10
[INTERACTOR → SOLUTION] 0 4 4 10 1
[SOLUTION → INTERACTOR] 0
[INTERACTOR → SOLUTION] 4
[INTERACTOR → SOLUTION] 0 4 4 10 1
[SOLUTION → INTERACTOR] 0
[INTERACTOR → SOLUTION] 4
[INTERACTOR → SOLUTION] 0 4 4 10 1
[SOLUTION → INTERACTOR] 0
[INTERACTOR → SOLUTION] 4
[INTERACTOR → SOLUTION] 0 4 4 10 1
[SOLUTION → INTERACTOR] 0
[INTERACTOR → SOLUTION] 8
[INTERACTOR → SOLUTION] 2 6 4 10 1
[SOLUTION → INTERACTOR] 2
[SOLUTION → INTERACTOR] BUILD_DC 18
[SOLUTION → INTERACTOR] BUILD_CABLE 15 14
[INTERACTOR → SOLUTION] 3
[INTERACTOR → SOLUTION] 1 4 3 9 3
[SOLUTION → INTERACTOR] 2
[SOLUTION → INTERACTOR] BUILD_DC 14
[SOLUTION → INTERACTOR] UPGRADE_DC 6
[INTERACTOR → SOLUTION] 8
[INTERACTOR → SOLUTION] 4 5 2 6 0
[SOLUTION → INTERACTOR] 4
[SOLUTION → INTERACTOR] BUILD_CABLE 14 26
[SOLUTION → INTERACTOR] BUILD_CABLE 26 25
[SOLUTION → INTERACTOR] BUILD_DC 25
[SOLUTION → INTERACTOR] BUILD_CABLE 25 40
[INTERACTOR → SOLUTION] 10
[INTERACTOR → SOLUTION] 0 1 2 5 0
[SOLUTION → INTERACTOR] 0
[INTERACTOR → SOLUTION] 6
[INTERACTOR → SOLUTION] 0 4 2 7 0
[SOLUTION → INTERACTOR] 0
[INTERACTOR → SOLUTION] 3
[INTERACTOR → SOLUTION] 1 4 2 7 3
[SOLUTION → INTERACTOR] 2
[SOLUTION → INTERACTOR] UPGRADE_DC 34
[SOLUTION → INTERACTOR] BUILD_CABLE 40 38
[INTERACTOR → SOLUTION] 11
[INTERACTOR → SOLUTION] 3 3 3 5 0
[SOLUTION → INTERACTOR] 3
[SOLUTION → INTERACTOR] BUILD_DC 38
[SOLUTION → INTERACTOR] BUILD_CABLE 26 29
[SOLUTION → INTERACTOR] BUILD_DC 29
[INTERACTOR → SOLUTION] 9
[INTERACTOR → SOLUTION] 0 0 4 5 0
[SOLUTION → INTERACTOR] 0
[INTERACTOR → SOLUTION] 10
[INTERACTOR → SOLUTION] 0 0 6 5 0
[SOLUTION → INTERACTOR] 1
[SOLUTION → INTERACTOR] CONVERT 2 0
[INTERACTOR → SOLUTION] 4
[INTERACTOR → SOLUTION] 1 0 4 5 0
[SOLUTION → INTERACTOR] 0
[INTERACTOR → SOLUTION] 9
[INTERACTOR → SOLUTION] 1 0 7 7 0
[SOLUTION → INTERACTOR] 1
[SOLUTION → INTERACTOR] CONVERT 2 1
[INTERACTOR → SOLUTION] 2
[INTERACTOR → SOLUTION] 1 1 4 7 0
[SOLUTION → INTERACTOR] 0
[INTERACTOR → SOLUTION] 8
[INTERACTOR → SOLUTION] 5 3 4 7 0
[SOLUTION → INTERACTOR] 0
[INTERACTOR → SOLUTION] 6
[INTERACTOR → SOLUTION] 5 6 4 10 0
[SOLUTION → INTERACTOR] 0
[INTERACTOR → SOLUTION] 6
[INTERACTOR → SOLUTION] 5 9 4 13 0
[SOLUTION → INTERACTOR] 0
[INTERACTOR → SOLUTION] 4
[INTERACTOR → SOLUTION] 5 9 5 13 0
[SOLUTION → INTERACTOR] 0
[INTERACTOR → SOLUTION] 11
[INTERACTOR → SOLUTION] 8 9 8 13 0
[SOLUTION → INTERACTOR] 0
[INTERACTOR → SOLUTION] 8
[INTERACTOR → SOLUTION] 12 11 8 13 0
[SOLUTION → INTERACTOR] 0
[INTERACTOR → SOLUTION] 120
[INTERACTOR → SOLUTION] 4 10 25 26 14 17 27 28
[INTERACTOR → SOLUTION] 2 8 38 39 29 26 25 40
[INTERACTOR → SOLUTION] 2 6 47 48 41 39 38 49
[INTERACTOR → SOLUTION] 1 6 14 15 0 5 16 17
[INTERACTOR → SOLUTION] 3 12 29 30 18 15 14 26
[INTERACTOR → SOLUTION] 3 9 41 42 31 30 29 39
[INTERACTOR → SOLUTION] 0 11 50 51 43 42 41 48
[INTERACTOR → SOLUTION] 3 2 0 1 2 3 4 5
[INTERACTOR → SOLUTION] 0 3 18 19 6 1 0 15
[INTERACTOR → SOLUTION] 5 0 31 32 20 19 18 30
[INTERACTOR → SOLUTION] 3 4 43 44 33 32 31 42
[INTERACTOR → SOLUTION] 1 10 52 53 45 44 43 51
[INTERACTOR → SOLUTION] 0 9 6 7 8 9 2 1
[INTERACTOR → SOLUTION] 0 5 20 21 10 7 6 19
[INTERACTOR → SOLUTION] 4 3 33 34 22 21 20 32
[INTERACTOR → SOLUTION] 1 5 45 46 35 34 33 44
[INTERACTOR → SOLUTION] 4 11 10 11 12 13 8 7
[INTERACTOR → SOLUTION] 2 4 22 23 24 11 10 21
[INTERACTOR → SOLUTION] 2 8 35 36 37 23 22 34
[INTERACTOR → SOLUTION] C0 2 51 52
[INTERACTOR → SOLUTION] C1 2 38 40
[INTERACTOR → SOLUTION] C2 2 47 48
[INTERACTOR → SOLUTION] C3 2 12 13
[INTERACTOR → SOLUTION] C4 2 27 28
[INTERACTOR → SOLUTION] C31 8 8 9 2 3 5 16 35 46
[SOLUTION → INTERACTOR] START
[SOLUTION → INTERACTOR] BUILD_DC 0
[SOLUTION → INTERACTOR] BUILD_DC 41
[SOLUTION → INTERACTOR] BUILD_CABLE 0 15
[SOLUTION → INTERACTOR] BUILD_CABLE 41 39
[INTERACTOR → SOLUTION] 5
[INTERACTOR → SOLUTION] 0 0 0 0 0
[SOLUTION → INTERACTOR] 0
[INTERACTOR → SOLUTION] 9
[INTERACTOR → SOLUTION] 0 0 0 1 0
[SOLUTION → INTERACTOR] 0
[INTERACTOR → SOLUTION] 7
[INTERACTOR → SOLUTION] 0 0 0 1 0
[SOLUTION → INTERACTOR] 0
[INTERACTOR → SOLUTION] 2
[INTERACTOR → SOLUTION] 0 0 0 2 0
[SOLUTION → INTERACTOR] 0
[INTERACTOR → SOLUTION] 4
[INTERACTOR → SOLUTION] 0 0 0 2 0
[SOLUTION → INTERACTOR] 0
[INTERACTOR → SOLUTION] 7
[INTERACTOR → SOLUTION] 0 0 0 2 0
[SOLUTION → INTERACTOR] 0
[INTERACTOR → SOLUTION] 5
[INTERACTOR → SOLUTION] 0 0 0 2 0
[SOLUTION → INTERACTOR] 0
[INTERACTOR → SOLUTION] 8
[INTERACTOR → SOLUTION] 0 0 0 2 0
[SOLUTION → INTERACTOR] 0
[INTERACTOR → SOLUTION] 11
[INTERACTOR → SOLUTION] 1 0 0 2 0
[SOLUTION → INTERACTOR] 0
[INTERACTOR → SOLUTION] 7
[INTERACTOR → SOLUTION] 1 0 0 2 0
[SOLUTION → INTERACTOR] 0
[INTERACTOR → SOLUTION] 7
[INTERACTOR → SOLUTION] 1 0 0 2 0
[SOLUTION → INTERACTOR] 0
[INTERACTOR → SOLUTION] 8
[INTERACTOR → SOLUTION] 1 0 0 2 0
[SOLUTION → INTERACTOR] 0
[INTERACTOR → SOLUTION] 10
[INTERACTOR → SOLUTION] 1 0 0 2 0
[SOLUTION → INTERACTOR] 0
[INTERACTOR → SOLUTION] 7
[INTERACTOR → SOLUTION] 1 0 0 2 0
[SOLUTION → INTERACTOR] 0
[INTERACTOR → SOLUTION] 6
[INTERACTOR → SOLUTION] 1 1 1 2 0
[SOLUTION → INTERACTOR] 1
[SOLUTION → INTERACTOR] BUILD_CABLE 39 29
[INTERACTOR → SOLUTION] 11
[INTERACTOR → SOLUTION] 1 0 1 2 0
[SOLUTION → INTERACTOR] 0
[INTERACTOR → SOLUTION] 12
[INTERACTOR → SOLUTION] 1 0 1 2 0
[SOLUTION → INTERACTOR] 0
[INTERACTOR → SOLUTION] 7
[INTERACTOR → SOLUTION] 1 0 1 2 0
[SOLUTION → INTERACTOR] 0
[INTERACTOR → SOLUTION] 9
[INTERACTOR → SOLUTION] 1 0 1 3 0
[SOLUTION → INTERACTOR] 0
[INTERACTOR → SOLUTION] 7
[INTERACTOR → SOLUTION] 1 0 1 3 0
[SOLUTION → INTERACTOR] 0
[INTERACTOR → SOLUTION] 9
[INTERACTOR → SOLUTION] 1 0 1 4 0
[SOLUTION → INTERACTOR] 0
[INTERACTOR → SOLUTION] 9
[INTERACTOR → SOLUTION] 1 0 1 5 0
[SOLUTION → INTERACTOR] 0
[INTERACTOR → SOLUTION] 6
[INTERACTOR → SOLUTION] 1 1 2 5 0
[SOLUTION → INTERACTOR] 1
[SOLUTION → INTERACTOR] BUILD_DC 29
[INTERACTOR → SOLUTION] 9
[INTERACTOR → SOLUTION] 0 0 1 6 0
[SOLUTION → INTERACTOR] 0
[INTERACTOR → SOLUTION] 9
[INTERACTOR → SOLUTION] 0 0 1 8 0
[SOLUTION → INTERACTOR] 0
[INTERACTOR → SOLUTION] 7
[INTERACTOR → SOLUTION] 0 0 1 8 0
[SOLUTION → INTERACTOR] 0
[INTERACTOR → SOLUTION] 3
[INTERACTOR → SOLUTION] 1 0 1 8 0
[SOLUTION → INTERACTOR] 0
[INTERACTOR → SOLUTION] 6
[INTERACTOR → SOLUTION] 1 1 2 8 0
[SOLUTION → INTERACTOR] 1
[SOLUTION → INTERACTOR] BUILD_CABLE 39 38
[INTERACTOR → SOLUTION] 5
[INTERACTOR → SOLUTION] 0 0 2 8 0
[SOLUTION → INTERACTOR] 0
[INTERACTOR → SOLUTION] 9
[INTERACTOR → SOLUTION] 0 0 2 10 0
[SOLUTION → INTERACTOR] 0
[INTERACTOR → SOLUTION] 8
[INTERACTOR → SOLUTION] 0 0 3 10 0
[SOLUTION → INTERACTOR] 0
[INTERACTOR → SOLUTION] 2
[INTERACTOR → SOLUTION] 0 0 3 11 0
[SOLUTION → INTERACTOR] 0
[INTERACTOR → SOLUTION] 5
[INTERACTOR → SOLUTION] 0 0 3 11 0
[SOLUTION → INTERACTOR] 0
[INTERACTOR → SOLUTION] 7
[INTERACTOR → SOLUTION] 0 0 3 11 0
[SOLUTION → INTERACTOR] 0
[INTERACTOR → SOLUTION] 8
[INTERACTOR → SOLUTION] 0 0 4 11 0
[SOLUTION → INTERACTOR] 0
[INTERACTOR → SOLUTION] 10
[INTERACTOR → SOLUTION] 0 0 4 11 0
[SOLUTION → INTERACTOR] 0
[INTERACTOR → SOLUTION] 8
[INTERACTOR → SOLUTION] 0 0 5 11 0
[SOLUTION → INTERACTOR] 0
[INTERACTOR → SOLUTION] 6
[INTERACTOR → SOLUTION] 0 1 6 11 0
[SOLUTION → INTERACTOR] 0
[INTERACTOR → SOLUTION] 6
[INTERACTOR → SOLUTION] 0 2 7 11 0
[SOLUTION → INTERACTOR] 2
[SOLUTION → INTERACTOR] CONVERT 2 0
[SOLUTION → INTERACTOR] BUILD_DC 38
[INTERACTOR → SOLUTION] 9
[INTERACTOR → SOLUTION] 0 1 2 12 0
[SOLUTION → INTERACTOR] 0
[INTERACTOR → SOLUTION] 11
[INTERACTOR → SOLUTION] 1 1 2 12 0
[SOLUTION → INTERACTOR] 1
[SOLUTION → INTERACTOR] BUILD_CABLE 15 14
[INTERACTOR → SOLUTION] 7
[INTERACTOR → SOLUTION] 0 0 2 12 0
[SOLUTION → INTERACTOR] 0
[INTERACTOR → SOLUTION] 3
[INTERACTOR → SOLUTION] 1 0 2 12 0
[SOLUTION → INTERACTOR] 0
[INTERACTOR → SOLUTION] 3
[INTERACTOR → SOLUTION] 2 0 2 12 0
[SOLUTION → INTERACTOR] 0
[INTERACTOR → SOLUTION] 9
[INTERACTOR → SOLUTION] 2 0 2 14 0
[SOLUTION → INTERACTOR] 0
[INTERACTOR → SOLUTION] 5
[INTERACTOR → SOLUTION] 2 0 2 14 0
[SOLUTION → INTERACTOR] 0
[INTERACTOR → SOLUTION] 9
[INTERACTOR → SOLUTION] 2 0 2 16 0
[SOLUTION → INTERACTOR] 0
[INTERACTOR → SOLUTION] 10
[INTERACTOR → SOLUTION] 2 0 2 16 0
[SOLUTION → INTERACTOR] 0
[INTERACTOR → SOLUTION] 8
[INTERACTOR → SOLUTION] 2 0 4 16 0
[SOLUTION → INTERACTOR] 0
[INTERACTOR → SOLUTION] 3
[INTERACTOR → SOLUTION] 3 0 4 16 0
[SOLUTION → INTERACTOR] 0
[INTERACTOR → SOLUTION] 11
[INTERACTOR → SOLUTION] 4 0 4 16 0
[SOLUTION → INTERACTOR] 0
[INTERACTOR → SOLUTION] 9
[INTERACTOR → SOLUTION] 4 0 4 18 0
[SOLUTION → INTERACTOR] 0
[INTERACTOR → SOLUTION] 5
[INTERACTOR → SOLUTION] 4 0 4 18 0
[SOLUTION → INTERACTOR] 0
[INTERACTOR → SOLUTION] 6
[INTERACTOR → SOLUTION] 4 1 6 18 0
[SOLUTION → INTERACTOR] 1
[SOLUTION → INTERACTOR] BUILD_DC 14
[INTERACTOR → SOLUTION] 5
[INTERACTOR → SOLUTION] 3 0 5 17 0
[SOLUTION → INTERACTOR] 0
[INTERACTOR → SOLUTION] 11
[INTERACTOR → SOLUTION] 4 0 5 17 0
[SOLUTION → INTERACTOR] 0
[INTERACTOR → SOLUTION] 7
[INTERACTOR → SOLUTION] 4 0 5 17 0
[SOLUTION → INTERACTOR] 0
[INTERACTOR → SOLUTION] 10
[INTERACTOR → SOLUTION] 4 0 5 17 1
[SOLUTION → INTERACTOR] 0
[INTERACTOR → SOLUTION] 6
[INTERACTOR → SOLUTION] 4 2 7 17 1
[SOLUTION → INTERACTOR] 4
[SOLUTION → INTERACTOR] BUILD_CABLE 0 1
[SOLUTION → INTERACTOR] BUILD_CABLE 1 2
[SOLUTION → INTERACTOR] CONVERT 2 1
[SOLUTION → INTERACTOR] BUILD_DC 2
[INTERACTOR → SOLUTION] 9
[INTERACTOR → SOLUTION] 2 0 2 18 1
[SOLUTION → INTERACTOR] 0
[INTERACTOR → SOLUTION] 8
[INTERACTOR → SOLUTION] 2 0 4 18 1
[SOLUTION → INTERACTOR] 0
[INTERACTOR → SOLUTION] 10
[INTERACTOR → SOLUTION] 2 0 4 18 2
[SOLUTION → INTERACTOR] 0
[INTERACTOR → SOLUTION] 3
[INTERACTOR → SOLUTION] 3 0 4 18 2
[SOLUTION → INTERACTOR] 0
[INTERACTOR → SOLUTION] 6
[INTERACTOR → SOLUTION] 3 2 6 18 2
[SOLUTION → INTERACTOR] 2
[SOLUTION → INTERACTOR] BUILD_CABLE 1 6
[SOLUTION → INTERACTOR] BUILD_DC 6
[INTERACTOR → SOLUTION] 6
[INTERACTOR → SOLUTION] 1 2 7 17 2
[SOLUTION → INTERACTOR] 3
[SOLUTION → INTERACTOR] BUILD_CABLE 2 9
[SOLUTION → INTERACTOR] CONVERT 2 0
[SOLUTION → INTERACTOR] BUILD_CABLE 9 8
[INTERACTOR → SOLUTION] 9
[INTERACTOR → SOLUTION] 2 0 4 19 2
[SOLUTION → INTERACTOR] 0
[INTERACTOR → SOLUTION] 6
[INTERACTOR → SOLUTION] 2 2 6 19 2
[SOLUTION → INTERACTOR] 2
[SOLUTION → INTERACTOR] BUILD_DC 8
[SOLUTION → INTERACTOR] BUILD_CABLE 0 5
[INTERACTOR → SOLUTION] 2
[INTERACTOR → SOLUTION] 0 0 5 20 2
[SOLUTION → INTERACTOR] 0
[INTERACTOR → SOLUTION] 6
[INTERACTOR → SOLUTION] 0 2 7 20 2
[SOLUTION → INTERACTOR] 2
[SOLUTION → INTERACTOR] CONVERT 2 0
[SOLUTION → INTERACTOR] BUILD_CABLE 5 16
[INTERACTOR → SOLUTION] 6
[INTERACTOR → SOLUTION] 0 3 6 20 2
[SOLUTION → INTERACTOR] 2
[SOLUTION → INTERACTOR] CONVERT 2 0
[SOLUTION → INTERACTOR] BUILD_DC 16
[INTERACTOR → SOLUTION] 9
[INTERACTOR → SOLUTION] 3 2 2 21 2
[SOLUTION → INTERACTOR] 2
[SOLUTION → INTERACTOR] BUILD_CABLE 6 7
[SOLUTION → INTERACTOR] BUILD_CABLE 7 10
[INTERACTOR → SOLUTION] 2
[INTERACTOR → SOLUTION] 1 0 2 23 2
[SOLUTION → INTERACTOR] 0
[INTERACTOR → SOLUTION] 7
[INTERACTOR → SOLUTION] 1 0 2 23 2
[SOLUTION → INTERACTOR] 0
[INTERACTOR → SOLUTION] 3
[INTERACTOR → SOLUTION] 3 0 2 23 2
[SOLUTION → INTERACTOR] 0
[INTERACTOR → SOLUTION] 9
[INTERACTOR → SOLUTION] 6 0 2 25 2
[SOLUTION → INTERACTOR] 2
[SOLUTION → INTERACTOR] CONVERT 0 1
[SOLUTION → INTERACTOR] BUILD_DC 10
[INTERACTOR → SOLUTION] 8
[INTERACTOR → SOLUTION] 2 0 3 24 2
[SOLUTION → INTERACTOR] 0
[INTERACTOR → SOLUTION] 7
[INTERACTOR → SOLUTION] 2 0 3 24 2
[SOLUTION → INTERACTOR] 0
[INTERACTOR → SOLUTION] 2
[INTERACTOR → SOLUTION] 2 0 3 26 2
[SOLUTION → INTERACTOR] 0
[INTERACTOR → SOLUTION] 8
[INTERACTOR → SOLUTION] 2 0 5 26 2
[SOLUTION → INTERACTOR] 0
[INTERACTOR → SOLUTION] 9
[INTERACTOR → SOLUTION] 5 0 5 28 2
[SOLUTION → INTERACTOR] 0
[INTERACTOR → SOLUTION] 10
[INTERACTOR → SOLUTION] 5 0 5 28 3
[SOLUTION → INTERACTOR] 1
[SOLUTION → INTERACTOR] UPGRADE_DC 41
[INTERACTOR → SOLUTION] 7
[INTERACTOR → SOLUTION] 5 0 5 26 0
[SOLUTION → INTERACTOR] 0
[INTERACTOR → SOLUTION] 6
[INTERACTOR → SOLUTION] 5 3 8 26 0
[SOLUTION → INTERACTOR] 5
[SOLUTION → INTERACTOR] BUILD_CABLE 10 21
[SOLUTION → INTERACTOR] BUILD_CABLE 21 22
[SOLUTION → INTERACTOR] BUILD_DC 22
[SOLUTION → INTERACTOR] CONVERT 2 1
[SOLUTION → INTERACTOR] BUILD_CABLE 22 34
[INTERACTOR → SOLUTION] 3
[INTERACTOR → SOLUTION] 3 0 4 25 1
[SOLUTION → INTERACTOR] 0
[INTERACTOR → SOLUTION] 8
[INTERACTOR → SOLUTION] 3 0 7 25 1
[SOLUTION → INTERACTOR] 2
[SOLUTION → INTERACTOR] CONVERT 2 1
[SOLUTION → INTERACTOR] BUILD_CABLE 34 35
[INTERACTOR → SOLUTION] 6
[INTERACTOR → SOLUTION] 2 3 7 25 1
[SOLUTION → INTERACTOR] 4
[SOLUTION → INTERACTOR] BUILD_DC 35
[SOLUTION → INTERACTOR] BUILD_CABLE 34 33
[SOLUTION → INTERACTOR] CONVERT 2 0
[SOLUTION → INTERACTOR] BUILD_DC 33
[INTERACTOR → SOLUTION] 11
[INTERACTOR → SOLUTION] 2 0 2 23 3
[SOLUTION → INTERACTOR] 1
[SOLUTION → INTERACTOR] UPGRADE_DC 29
[INTERACTOR → SOLUTION] 8
[INTERACTOR → SOLUTION] 2 0 7 21 0
[SOLUTION → INTERACTOR] 2
[SOLUTION → INTERACTOR] CONVERT 2 1
[SOLUTION → INTERACTOR] BUILD_CABLE 21 20
[INTERACTOR → SOLUTION] 6
[INTERACTOR → SOLUTION] 1 3 7 21 0
[SOLUTION → INTERACTOR] 3
[SOLUTION → INTERACTOR] BUILD_DC 20
[SOLUTION → INTERACTOR] CONVERT 2 0
[SOLUTION → INTERACTOR] BUILD_CABLE 14 26
[INTERACTOR → SOLUTION] 7
[INTERACTOR → SOLUTION] 0 1 3 20 0
[SOLUTION → INTERACTOR] 0
[INTERACTOR → SOLUTION] 3
[INTERACTOR → SOLUTION] 2 1 3 20 3
[SOLUTION → INTERACTOR] 2
[SOLUTION → INTERACTOR] UPGRADE_DC 38
[SOLUTION → INTERACTOR] BUILD_CABLE 26 25
[INTERACTOR → SOLUTION] 5
[INTERACTOR → SOLUTION] 4 2 3 18 0
[SOLUTION → INTERACTOR] 2
[SOLUTION → INTERACTOR] BUILD_DC 25
[SOLUTION → INTERACTOR] BUILD_CABLE 33 44
[INTERACTOR → SOLUTION] 5
[INTERACTOR → SOLUTION] 5 2 2 17 0
[SOLUTION → INTERACTOR] 2
[SOLUTION → INTERACTOR] BUILD_CABLE 44 43
[SOLUTION → INTERACTOR] BUILD_DC 43
[INTERACTOR → SOLUTION] 8
[INTERACTOR → SOLUTION] 3 0 8 16 0
[SOLUTION → INTERACTOR] 2
[SOLUTION → INTERACTOR] CONVERT 2 1
[SOLUTION → INTERACTOR] BUILD_CABLE 44 45
[INTERACTOR → SOLUTION] 5
[INTERACTOR → SOLUTION] 5 2 5 16 0
[SOLUTION → INTERACTOR] 2
[SOLUTION → INTERACTOR] BUILD_DC 45
[SOLUTION → INTERACTOR] BUILD_CABLE 20 32
[INTERACTOR → SOLUTION] 7
[INTERACTOR → SOLUTION] 3 0 4 15 0
[SOLUTION → INTERACTOR] 0
[INTERACTOR → SOLUTION] 6
[INTERACTOR → SOLUTION] 3 3 8 15 0
[SOLUTION → INTERACTOR] 4
[SOLUTION → INTERACTOR] BUILD_CABLE 32 31
[SOLUTION → INTERACTOR] BUILD_DC 31
[SOLUTION → INTERACTOR] BUILD_CABLE 15 18
[SOLUTION → INTERACTOR] CONVERT 2 0
[INTERACTOR → SOLUTION] 9
[INTERACTOR → SOLUTION] 4 0 4 19 0
[SOLUTION → INTERACTOR] 0
[INTERACTOR → SOLUTION] 7
[INTERACTOR → SOLUTION] 4 0 4 19 0
[SOLUTION → INTERACTOR] 0
[INTERACTOR → SOLUTION] 6
[INTERACTOR → SOLUTION] 4 3 8 19 0
[SOLUTION → INTERACTOR] 5
[SOLUTION → INTERACTOR] BUILD_DC 18
[SOLUTION → INTERACTOR] BUILD_CABLE 22 23
[SOLUTION → INTERACTOR] BUILD_CABLE 23 37
[SOLUTION → INTERACTOR] CONVERT 2 1
[SOLUTION → INTERACTOR] BUILD_DC 37
[INTERACTOR → SOLUTION] 10
[INTERACTOR → SOLUTION] 0 2 3 17 2
[SOLUTION → INTERACTOR] 0
[INTERACTOR → SOLUTION] 5
[INTERACTOR → SOLUTION] 3 5 3 17 2
[SOLUTION → INTERACTOR] 3
[SOLUTION → INTERACTOR] BUILD_CABLE 23 24
[SOLUTION → INTERACTOR] BUILD_DC 24
[SOLUTION → INTERACTOR] BUILD_CABLE 38 49
[INTERACTOR → SOLUTION] 7
[INTERACTOR → SOLUTION] 0 2 2 16 2
[SOLUTION → INTERACTOR] 0
[INTERACTOR → SOLUTION] 7
[INTERACTOR → SOLUTION] 0 2 2 16 2
[SOLUTION → INTERACTOR] 0
[INTERACTOR → SOLUTION] 7
[INTERACTOR → SOLUTION] 0 2 2 16 2
[SOLUTION → INTERACTOR] 0
[INTERACTOR → SOLUTION] 9
[INTERACTOR → SOLUTION] 3 2 2 21 2
[SOLUTION → INTERACTOR] 2
[SOLUTION → INTERACTOR] BUILD_CABLE 49 47
[SOLUTION → INTERACTOR] BUILD_DC 47
[INTERACTOR → SOLUTION] 8
[INTERACTOR → SOLUTION] 1 0 9 20 2
[SOLUTION → INTERACTOR] 5
[SOLUTION → INTERACTOR] CONVERT 2 1
[SOLUTION → INTERACTOR] BUILD_CABLE 14 17
[SOLUTION → INTERACTOR] CONVERT 2 0
[SOLUTION → INTERACTOR] CONVERT 2 1
[SOLUTION → INTERACTOR] BUILD_CABLE 17 27
[INTERACTOR → SOLUTION] 5
[INTERACTOR → SOLUTION] 3 3 3 20 2
[SOLUTION → INTERACTOR] 3
[SOLUTION → INTERACTOR] BUILD_DC 27
[SOLUTION → INTERACTOR] BUILD_CABLE 43 51
[SOLUTION → INTERACTOR] BUILD_CABLE 51 52
[INTERACTOR → SOLUTION] 7
[INTERACTOR → SOLUTION] 0 0 2 19 2
[SOLUTION → INTERACTOR] 0
[INTERACTOR → SOLUTION] 4
[INTERACTOR → SOLUTION] 0 0 5 22 2
[SOLUTION → INTERACTOR] 1
[SOLUTION → INTERACTOR] CONVERT 2 0
[INTERACTOR → SOLUTION] 12
[INTERACTOR → SOLUTION] 1 0 3 26 2
[SOLUTION → INTERACTOR] 0
[INTERACTOR → SOLUTION] 4
[INTERACTOR → SOLUTION] 1 0 6 29 2
[SOLUTION → INTERACTOR] 2
[SOLUTION → INTERACTOR] CONVERT 2 1
[SOLUTION → INTERACTOR] BUILD_DC 52
[INTERACTOR → SOLUTION] 6
[INTERACTOR → SOLUTION] 0 3 8 28 2
[SOLUTION → INTERACTOR] 1
[SOLUTION → INTERACTOR] CONVERT 2 0
[INTERACTOR → SOLUTION] 6
[INTERACTOR → SOLUTION] 1 6 11 28 2
[SOLUTION → INTERACTOR] 0
[INTERACTOR → SOLUTION] 9
[INTERACTOR → SOLUTION] 4 6 11 33 2
[SOLUTION → INTERACTOR] 0
[INTERACTOR → SOLUTION] 10
[INTERACTOR → SOLUTION] 4 9 11 33 5
[SOLUTION → INTERACTOR] 1
[SOLUTION → INTERACTOR] UPGRADE_DC 6
[INTERACTOR → SOLUTION] 8
[INTERACTOR → SOLUTION] 4 9 19 31 2
[SOLUTION → INTERACTOR] 4
[SOLUTION → INTERACTOR] CONVERT 2 4
[SOLUTION → INTERACTOR] CONVERT 2 4
[SOLUTION → INTERACTOR] CONVERT 2 4
[SOLUTION → INTERACTOR] UPGRADE_DC 22
[INTERACTOR → SOLUTION] 9
[INTERACTOR → SOLUTION] 8 9 13 34 2
[SOLUTION → INTERACTOR] 0
[INTERACTOR → SOLUTION] 6
[INTERACTOR → SOLUTION] 8 12 18 34 2
[SOLUTION → INTERACTOR] 3
[SOLUTION → INTERACTOR] CONVERT 2 4
[SOLUTION → INTERACTOR] CONVERT 2 4
[SOLUTION → INTERACTOR] UPGRADE_DC 33
[INTERACTOR → SOLUTION] 3
[INTERACTOR → SOLUTION] 12 12 14 32 6
[SOLUTION → INTERACTOR] 2
[SOLUTION → INTERACTOR] UPGRADE_DC 35
[SOLUTION → INTERACTOR] UPGRADE_DC 10
[INTERACTOR → SOLUTION] 85
[INTERACTOR → SOLUTION] 3 11 25 26 14 17 27 28
[INTERACTOR → SOLUTION] 0 9 38 39 29 26 25 40
[INTERACTOR → SOLUTION] 3 11 47 48 41 39 38 49
[INTERACTOR → SOLUTION] 1 12 14 15 0 5 16 17
[INTERACTOR → SOLUTION] 4 4 29 30 18 15 14 26
[INTERACTOR → SOLUTION] 3 6 41 42 31 30 29 39
[INTERACTOR → SOLUTION] 0 10 50 51 43 42 41 48
[INTERACTOR → SOLUTION] 2 10 0 1 2 3 4 5
[INTERACTOR → SOLUTION] 2 5 18 19 6 1 0 15
[INTERACTOR → SOLUTION] 1 6 31 32 20 19 18 30
[INTERACTOR → SOLUTION] 3 8 43 44 33 32 31 42
[INTERACTOR → SOLUTION] 1 2 52 53 45 44 43 51
[INTERACTOR → SOLUTION] 2 9 6 7 8 9 2 1
[INTERACTOR → SOLUTION] 5 0 20 21 10 7 6 19
[INTERACTOR → SOLUTION] 2 3 33 34 22 21 20 32
[INTERACTOR → SOLUTION] 4 8 45 46 35 34 33 44
[INTERACTOR → SOLUTION] 4 3 10 11 12 13 8 7
[INTERACTOR → SOLUTION] 0 4 22 23 24 11 10 21
[INTERACTOR → SOLUTION] 0 5 35 36 37 23 22 34
[INTERACTOR → SOLUTION] C0 2 51 52
[INTERACTOR → SOLUTION] C1 2 25 28
[INTERACTOR → SOLUTION] C2 2 47 49
[INTERACTOR → SOLUTION] C3 2 23 37
[INTERACTOR → SOLUTION] C4 2 45 53
[INTERACTOR → SOLUTION] C31 8 8 13 11 12 5 16 3 4
[SOLUTION → INTERACTOR] START
[SOLUTION → INTERACTOR] BUILD_DC 22
[SOLUTION → INTERACTOR] BUILD_DC 32
[SOLUTION → INTERACTOR] BUILD_CABLE 22 34
[SOLUTION → INTERACTOR] BUILD_CABLE 32 31
[INTERACTOR → SOLUTION] 9
[INTERACTOR → SOLUTION] 0 0 0 0 0
[SOLUTION → INTERACTOR] 0
[INTERACTOR → SOLUTION] 5
[INTERACTOR → SOLUTION] 1 0 0 0 0
[SOLUTION → INTERACTOR] 0
[INTERACTOR → SOLUTION] 2
[INTERACTOR → SOLUTION] 1 0 0 0 0
[SOLUTION → INTERACTOR] 0
[INTERACTOR → SOLUTION] 7
[INTERACTOR → SOLUTION] 1 0 0 0 0
[SOLUTION → INTERACTOR] 0
[INTERACTOR → SOLUTION] 12
[INTERACTOR → SOLUTION] 1 0 0 0 0
[SOLUTION → INTERACTOR] 0
[INTERACTOR → SOLUTION] 9
[INTERACTOR → SOLUTION] 1 0 0 0 0
[SOLUTION → INTERACTOR] 0
[INTERACTOR → SOLUTION] 2
[INTERACTOR → SOLUTION] 1 0 0 0 0
[SOLUTION → INTERACTOR] 0
[INTERACTOR → SOLUTION] 9
[INTERACTOR → SOLUTION] 1 0 0 0 0
[SOLUTION → INTERACTOR] 0
[INTERACTOR → SOLUTION] 5
[INTERACTOR → SOLUTION] 2 0 0 0 0
[SOLUTION → INTERACTOR] 0
[INTERACTOR → SOLUTION] 5
[INTERACTOR → SOLUTION] 3 0 0 0 0
[SOLUTION → INTERACTOR] 0
[INTERACTOR → SOLUTION] 9
[INTERACTOR → SOLUTION] 3 0 0 0 0
[SOLUTION → INTERACTOR] 0
[INTERACTOR → SOLUTION] 9
[INTERACTOR → SOLUTION] 3 0 0 0 0
[SOLUTION → INTERACTOR] 0
[INTERACTOR → SOLUTION] 11
[INTERACTOR → SOLUTION] 3 0 0 0 0
[SOLUTION → INTERACTOR] 0
[INTERACTOR → SOLUTION] 6
[INTERACTOR → SOLUTION] 3 1 0 0 0
[SOLUTION → INTERACTOR] 1
[SOLUTION → INTERACTOR] BUILD_CABLE 31 30
[INTERACTOR → SOLUTION] 2
[INTERACTOR → SOLUTION] 2 0 0 0 0
[SOLUTION → INTERACTOR] 0
[INTERACTOR → SOLUTION] 2
[INTERACTOR → SOLUTION] 2 0 0 0 0
[SOLUTION → INTERACTOR] 0
[INTERACTOR → SOLUTION] 3
[INTERACTOR → SOLUTION] 2 0 2 0 0
[SOLUTION → INTERACTOR] 0
[INTERACTOR → SOLUTION] 4
[INTERACTOR → SOLUTION] 3 0 2 0 0
[SOLUTION → INTERACTOR] 0
[INTERACTOR → SOLUTION] 7
[INTERACTOR → SOLUTION] 3 0 2 0 0
[SOLUTION → INTERACTOR] 0
[INTERACTOR → SOLUTION] 8
[INTERACTOR → SOLUTION] 3 0 2 1 0
[SOLUTION → INTERACTOR] 0
[INTERACTOR → SOLUTION] 9
[INTERACTOR → SOLUTION] 3 0 2 1 0
[SOLUTION → INTERACTOR] 0
[INTERACTOR → SOLUTION] 7
[INTERACTOR → SOLUTION] 3 0 2 1 0
[SOLUTION → INTERACTOR] 0
[INTERACTOR → SOLUTION] 6
[INTERACTOR → SOLUTION] 3 1 2 1 0
[SOLUTION → INTERACTOR] 1
[SOLUTION → INTERACTOR] BUILD_DC 30
[INTERACTOR → SOLUTION] 6
[INTERACTOR → SOLUTION] 2 2 1 1 0
[SOLUTION → INTERACTOR] 2
[SOLUTION → INTERACTOR] BUILD_CABLE 31 42
[SOLUTION → INTERACTOR] BUILD_DC 42
[INTERACTOR → SOLUTION] 8
[INTERACTOR → SOLUTION] 0 0 0 2 0
[SOLUTION → INTERACTOR] 0
[INTERACTOR → SOLUTION] 6
[INTERACTOR → SOLUTION] 0 2 0 4 0
[SOLUTION → INTERACTOR] 0
[INTERACTOR → SOLUTION] 6
[INTERACTOR → SOLUTION] 0 4 0 6 0
[SOLUTION → INTERACTOR] 0
[INTERACTOR → SOLUTION] 4
[INTERACTOR → SOLUTION] 1 4 0 6 1
[SOLUTION → INTERACTOR] 1
[SOLUTION → INTERACTOR] BUILD_CABLE 34 35
[INTERACTOR → SOLUTION] 5
[INTERACTOR → SOLUTION] 1 3 0 6 1
[SOLUTION → INTERACTOR] 1
[SOLUTION → INTERACTOR] BUILD_CABLE 30 29
[INTERACTOR → SOLUTION] 3
[INTERACTOR → SOLUTION] 0 2 2 6 1
[SOLUTION → INTERACTOR] 0
[INTERACTOR → SOLUTION] 7
[INTERACTOR → SOLUTION] 0 2 2 6 1
[SOLUTION → INTERACTOR] 0
[INTERACTOR → SOLUTION] 9
[INTERACTOR → SOLUTION] 0 2 2 6 1
[SOLUTION → INTERACTOR] 0
[INTERACTOR → SOLUTION] 7
[INTERACTOR → SOLUTION] 0 2 2 6 1
[SOLUTION → INTERACTOR] 0
[INTERACTOR → SOLUTION] 7
[INTERACTOR → SOLUTION] 0 2 2 6 1
[SOLUTION → INTERACTOR] 0
[INTERACTOR → SOLUTION] 5
[INTERACTOR → SOLUTION] 1 2 2 6 1
[SOLUTION → INTERACTOR] 1
[SOLUTION → INTERACTOR] BUILD_DC 35
[INTERACTOR → SOLUTION] 5
[INTERACTOR → SOLUTION] 2 1 1 5 1
[SOLUTION → INTERACTOR] 1
[SOLUTION → INTERACTOR] BUILD_CABLE 29 39
[INTERACTOR → SOLUTION] 4
[INTERACTOR → SOLUTION] 2 0 1 5 2
[SOLUTION → INTERACTOR] 0
[INTERACTOR → SOLUTION] 4
[INTERACTOR → SOLUTION] 3 0 1 5 3
[SOLUTION → INTERACTOR] 1
[SOLUTION → INTERACTOR] UPGRADE_DC 30
[INTERACTOR → SOLUTION] 8
[INTERACTOR → SOLUTION] 3 0 1 5 1
[SOLUTION → INTERACTOR] 0
[INTERACTOR → SOLUTION] 6
[INTERACTOR → SOLUTION] 3 3 1 8 1
[SOLUTION → INTERACTOR] 3
[SOLUTION → INTERACTOR] BUILD_DC 39
[SOLUTION → INTERACTOR] BUILD_CABLE 29 26
[SOLUTION → INTERACTOR] BUILD_CABLE 26 14
[INTERACTOR → SOLUTION] 8
[INTERACTOR → SOLUTION] 0 0 0 9 2
[SOLUTION → INTERACTOR] 0
[INTERACTOR → SOLUTION] 7
[INTERACTOR → SOLUTION] 0 0 0 9 2
[SOLUTION → INTERACTOR] 0
[INTERACTOR → SOLUTION] 10
[INTERACTOR → SOLUTION] 1 0 0 9 2
[SOLUTION → INTERACTOR] 0
[INTERACTOR → SOLUTION] 5
[INTERACTOR → SOLUTION] 3 0 0 9 2
[SOLUTION → INTERACTOR] 0
[INTERACTOR → SOLUTION] 8
[INTERACTOR → SOLUTION] 3 0 0 11 3
[SOLUTION → INTERACTOR] 1
[SOLUTION → INTERACTOR] UPGRADE_DC 42
[INTERACTOR → SOLUTION] 10
[INTERACTOR → SOLUTION] 5 0 0 9 0
[SOLUTION → INTERACTOR] 0
[INTERACTOR → SOLUTION] 5
[INTERACTOR → SOLUTION] 7 0 0 9 0
[SOLUTION → INTERACTOR] 2
[SOLUTION → INTERACTOR] CONVERT 0 1
[SOLUTION → INTERACTOR] BUILD_CABLE 14 15
[INTERACTOR → SOLUTION] 3
[INTERACTOR → SOLUTION] 2 0 2 9 0
[SOLUTION → INTERACTOR] 0
[INTERACTOR → SOLUTION] 8
[INTERACTOR → SOLUTION] 2 0 2 12 1
[SOLUTION → INTERACTOR] 0
[INTERACTOR → SOLUTION] 10
[INTERACTOR → SOLUTION] 4 0 2 12 1
[SOLUTION → INTERACTOR] 0
[INTERACTOR → SOLUTION] 9
[INTERACTOR → SOLUTION] 5 0 2 12 1
[SOLUTION → INTERACTOR] 0
[INTERACTOR → SOLUTION] 10
[INTERACTOR → SOLUTION] 7 0 2 12 1
[SOLUTION → INTERACTOR] 2
[SOLUTION → INTERACTOR] CONVERT 0 1
[SOLUTION → INTERACTOR] BUILD_DC 26
[INTERACTOR → SOLUTION] 5
[INTERACTOR → SOLUTION] 4 0 1 11 1
[SOLUTION → INTERACTOR] 0
[INTERACTOR → SOLUTION] 8
[INTERACTOR → SOLUTION] 4 0 1 14 2
[SOLUTION → INTERACTOR] 0
[INTERACTOR → SOLUTION] 2
[INTERACTOR → SOLUTION] 4 0 1 14 2
[SOLUTION → INTERACTOR] 0
[INTERACTOR → SOLUTION] 4
[INTERACTOR → SOLUTION] 5 0 1 14 5
[SOLUTION → INTERACTOR] 1
[SOLUTION → INTERACTOR] UPGRADE_DC 32
[INTERACTOR → SOLUTION] 10
[INTERACTOR → SOLUTION] 7 0 1 12 2
[SOLUTION → INTERACTOR] 2
[SOLUTION → INTERACTOR] CONVERT 0 1
[SOLUTION → INTERACTOR] BUILD_DC 15
[INTERACTOR → SOLUTION] 10
[INTERACTOR → SOLUTION] 4 0 0 11 2
[SOLUTION → INTERACTOR] 0
[INTERACTOR → SOLUTION] 9
[INTERACTOR → SOLUTION] 6 0 0 11 2
[SOLUTION → INTERACTOR] 0
[INTERACTOR → SOLUTION] 4
[INTERACTOR → SOLUTION] 7 0 0 11 6
[SOLUTION → INTERACTOR] 4
[SOLUTION → INTERACTOR] CONVERT 0 1
[SOLUTION → INTERACTOR] UPGRADE_DC 39
[SOLUTION → INTERACTOR] UPGRADE_DC 22
[SOLUTION → INTERACTOR] BUILD_CABLE 15 0
[INTERACTOR → SOLUTION] 5
[INTERACTOR → SOLUTION] 5 0 1 7 0
[SOLUTION → INTERACTOR] 0
[INTERACTOR → SOLUTION] 2
[INTERACTOR → SOLUTION] 5 0 1 7 0
[SOLUTION → INTERACTOR] 0
[INTERACTOR → SOLUTION] 5
[INTERACTOR → SOLUTION] 8 0 2 7 0
[SOLUTION → INTERACTOR] 2
[SOLUTION → INTERACTOR] CONVERT 0 1
[SOLUTION → INTERACTOR] BUILD_CABLE 0 5
[INTERACTOR → SOLUTION] 9
[INTERACTOR → SOLUTION] 6 0 2 7 0
[SOLUTION → INTERACTOR] 0
[INTERACTOR → SOLUTION] 8
[INTERACTOR → SOLUTION] 6 0 2 11 1
[SOLUTION → INTERACTOR] 0
[INTERACTOR → SOLUTION] 9
[INTERACTOR → SOLUTION] 9 0 2 11 1
[SOLUTION → INTERACTOR] 2
[SOLUTION → INTERACTOR] CONVERT 0 1
[SOLUTION → INTERACTOR] BUILD_DC 5
[INTERACTOR → SOLUTION] 8
[INTERACTOR → SOLUTION] 4 0 1 14 2
[SOLUTION → INTERACTOR] 0
[INTERACTOR → SOLUTION] 12
[INTERACTOR → SOLUTION] 4 2 1 14 2
[SOLUTION → INTERACTOR] 2
[SOLUTION → INTERACTOR] BUILD_CABLE 0 1
[SOLUTION → INTERACTOR] BUILD_DC 1
[INTERACTOR → SOLUTION] 9
[INTERACTOR → SOLUTION] 5 0 1 13 2
[SOLUTION → INTERACTOR] 0
[INTERACTOR → SOLUTION] 3
[INTERACTOR → SOLUTION] 5 0 5 13 2
[SOLUTION → INTERACTOR] 0
[INTERACTOR → SOLUTION] 6
[INTERACTOR → SOLUTION] 5 4 5 19 2
[SOLUTION → INTERACTOR] 4
[SOLUTION → INTERACTOR] BUILD_CABLE 1 2
[SOLUTION → INTERACTOR] BUILD_CABLE 2 3
[SOLUTION → INTERACTOR] BUILD_DC 3
[SOLUTION → INTERACTOR] BUILD_CABLE 2 9
[INTERACTOR → SOLUTION] 5
[INTERACTOR → SOLUTION] 4 0 6 18 2
[SOLUTION → INTERACTOR] 2
[SOLUTION → INTERACTOR] CONVERT 2 1
[SOLUTION → INTERACTOR] BUILD_DC 9
[INTERACTOR → SOLUTION] 4
[INTERACTOR → SOLUTION] 5 0 2 17 6
[SOLUTION → INTERACTOR] 2
[SOLUTION → INTERACTOR] UPGRADE_DC 1
[SOLUTION → INTERACTOR] UPGRADE_DC 35
[INTERACTOR → SOLUTION] 3
[INTERACTOR → SOLUTION] 5 0 6 13 0
[SOLUTION → INTERACTOR] 2
[SOLUTION → INTERACTOR] CONVERT 2 1
[SOLUTION → INTERACTOR] BUILD_CABLE 9 8
[INTERACTOR → SOLUTION] 5
[INTERACTOR → SOLUTION] 8 0 6 13 0
[SOLUTION → INTERACTOR] 4
[SOLUTION → INTERACTOR] CONVERT 0 1
[SOLUTION → INTERACTOR] BUILD_CABLE 8 13
[SOLUTION → INTERACTOR] CONVERT 2 1
[SOLUTION → INTERACTOR] BUILD_DC 13
[INTERACTOR → SOLUTION] 11
[INTERACTOR → SOLUTION] 3 0 2 15 0
[SOLUTION → INTERACTOR] 0
[INTERACTOR → SOLUTION] 5
[INTERACTOR → SOLUTION] 7 0 5 15 0
[SOLUTION → INTERACTOR] 1
[SOLUTION → INTERACTOR] CONVERT 0 1
[INTERACTOR → SOLUTION] 6
[INTERACTOR → SOLUTION] 4 5 5 21 0
[SOLUTION → INTERACTOR] 0
[INTERACTOR → SOLUTION] 4
[INTERACTOR → SOLUTION] 6 5 5 21 4
[SOLUTION → INTERACTOR] 1
[SOLUTION → INTERACTOR] UPGRADE_DC 26
[INTERACTOR → SOLUTION] 7
[INTERACTOR → SOLUTION] 6 5 5 19 1
[SOLUTION → INTERACTOR] 0
[INTERACTOR → SOLUTION] 3
[INTERACTOR → SOLUTION] 6 5 9 19 2
[SOLUTION → INTERACTOR] 0
[INTERACTOR → SOLUTION] 10
[INTERACTOR → SOLUTION] 8 5 13 19 2
[SOLUTION → INTERACTOR] 0
[INTERACTOR → SOLUTION] 12
[INTERACTOR → SOLUTION] 8 7 13 19 2
[SOLUTION → INTERACTOR] 0
[INTERACTOR → SOLUTION] 7
[INTERACTOR → SOLUTION] 8 7 13 19 2
[SOLUTION → INTERACTOR] 0
[INTERACTOR → SOLUTION] 7
[INTERACTOR → SOLUTION] 8 7 13 19 2
[SOLUTION → INTERACTOR] 0
[INTERACTOR → SOLUTION] 101
[INTERACTOR → SOLUTION] 0 2 25 26 14 17 27 28
[INTERACTOR → SOLUTION] 1 10 38 39 29 26 25 40
[INTERACTOR → SOLUTION] 0 4 47 48 41 39 38 49
[INTERACTOR → SOLUTION] 2 10 14 15 0 5 16 17
[INTERACTOR → SOLUTION] 3 11 29 30 18 15 14 26
[INTERACTOR → SOLUTION] 5 0 41 42 31 30 29 39
[INTERACTOR → SOLUTION] 2 6 50 51 43 42 41 48
[INTERACTOR → SOLUTION] 1 4 0 1 2 3 4 5
[INTERACTOR → SOLUTION] 3 6 18 19 6 1 0 15
[INTERACTOR → SOLUTION] 0 12 31 32 20 19 18 30
[INTERACTOR → SOLUTION] 4 8 43 44 33 32 31 42
[INTERACTOR → SOLUTION] 2 11 52 53 45 44 43 51
[INTERACTOR → SOLUTION] 2 8 6 7 8 9 2 1
[INTERACTOR → SOLUTION] 1 5 20 21 10 7 6 19
[INTERACTOR → SOLUTION] 0 5 33 34 22 21 20 32
[INTERACTOR → SOLUTION] 3 9 45 46 35 34 33 44
[INTERACTOR → SOLUTION] 4 9 10 11 12 13 8 7
[INTERACTOR → SOLUTION] 4 3 22 23 24 11 10 21
[INTERACTOR → SOLUTION] 3 3 35 36 37 23 22 34
[INTERACTOR → SOLUTION] C0 2 23 24
[INTERACTOR → SOLUTION] C1 2 17 27
[INTERACTOR → SOLUTION] C2 2 8 9
[INTERACTOR → SOLUTION] C3 2 52 53
[INTERACTOR → SOLUTION] C4 2 35 36
[INTERACTOR → SOLUTION] C31 8 50 51 5 16 25 28 45 46
[SOLUTION → INTERACTOR] START
[SOLUTION → INTERACTOR] BUILD_DC 6
[SOLUTION → INTERACTOR] BUILD_DC 20
[SOLUTION → INTERACTOR] BUILD_CABLE 6 1
[SOLUTION → INTERACTOR] BUILD_CABLE 20 19
[INTERACTOR → SOLUTION] 9
[INTERACTOR → SOLUTION] 0 0 0 0 0
[SOLUTION → INTERACTOR] 0
[INTERACTOR → SOLUTION] 4
[INTERACTOR → SOLUTION] 0 0 0 0 0
[SOLUTION → INTERACTOR] 0
[INTERACTOR → SOLUTION] 7
[INTERACTOR → SOLUTION] 0 0 0 0 0
[SOLUTION → INTERACTOR] 0
[INTERACTOR → SOLUTION] 6
[INTERACTOR → SOLUTION] 0 0 0 1 0
[SOLUTION → INTERACTOR] 0
[INTERACTOR → SOLUTION] 7
[INTERACTOR → SOLUTION] 0 0 0 1 0
[SOLUTION → INTERACTOR] 0
[INTERACTOR → SOLUTION] 11
[INTERACTOR → SOLUTION] 0 0 0 1 0
[SOLUTION → INTERACTOR] 0
[INTERACTOR → SOLUTION] 10
[INTERACTOR → SOLUTION] 0 0 0 1 0
[SOLUTION → INTERACTOR] 0
[INTERACTOR → SOLUTION] 10
[INTERACTOR → SOLUTION] 0 0 0 1 0
[SOLUTION → INTERACTOR] 0
[INTERACTOR → SOLUTION] 10
[INTERACTOR → SOLUTION] 0 0 0 1 0
[SOLUTION → INTERACTOR] 0
[INTERACTOR → SOLUTION] 5
[INTERACTOR → SOLUTION] 1 2 0 1 0
[SOLUTION → INTERACTOR] 1
[SOLUTION → INTERACTOR] BUILD_CABLE 1 0
[INTERACTOR → SOLUTION] 2
[INTERACTOR → SOLUTION] 0 1 0 1 0
[SOLUTION → INTERACTOR] 0
[INTERACTOR → SOLUTION] 9
[INTERACTOR → SOLUTION] 0 1 0 1 0
[SOLUTION → INTERACTOR] 0
[INTERACTOR → SOLUTION] 5
[INTERACTOR → SOLUTION] 1 3 0 1 0
[SOLUTION → INTERACTOR] 1
[SOLUTION → INTERACTOR] BUILD_CABLE 0 5
[INTERACTOR → SOLUTION] 5
[INTERACTOR → SOLUTION] 1 4 0 1 0
[SOLUTION → INTERACTOR] 1
[SOLUTION → INTERACTOR] BUILD_CABLE 5 16
[INTERACTOR → SOLUTION] 3
[INTERACTOR → SOLUTION] 0 3 0 1 0
[SOLUTION → INTERACTOR] 0
[INTERACTOR → SOLUTION] 7
[INTERACTOR → SOLUTION] 0 3 0 1 0
[SOLUTION → INTERACTOR] 0
[INTERACTOR → SOLUTION] 4
[INTERACTOR → SOLUTION] 0 3 0 1 0
[SOLUTION → INTERACTOR] 0
[INTERACTOR → SOLUTION] 8
[INTERACTOR → SOLUTION] 0 3 1 1 0
[SOLUTION → INTERACTOR] 0
[INTERACTOR → SOLUTION] 8
[INTERACTOR → SOLUTION] 0 3 2 1 0
[SOLUTION → INTERACTOR] 0
[INTERACTOR → SOLUTION] 8
[INTERACTOR → SOLUTION] 0 3 3 1 0
[SOLUTION → INTERACTOR] 0
[INTERACTOR → SOLUTION] 10
[INTERACTOR → SOLUTION] 0 3 3 1 0
[SOLUTION → INTERACTOR] 0
[INTERACTOR → SOLUTION] 11
[INTERACTOR → SOLUTION] 0 3 3 1 0
[SOLUTION → INTERACTOR] 0
[INTERACTOR → SOLUTION] 7
[INTERACTOR → SOLUTION] 0 3 3 1 0
[SOLUTION → INTERACTOR] 0
[INTERACTOR → SOLUTION] 11
[INTERACTOR → SOLUTION] 0 3 3 1 0
[SOLUTION → INTERACTOR] 0
[INTERACTOR → SOLUTION] 7
[INTERACTOR → SOLUTION] 0 3 3 1 0
[SOLUTION → INTERACTOR] 0
[INTERACTOR → SOLUTION] 8
[INTERACTOR → SOLUTION] 0 3 4 1 0
[SOLUTION → INTERACTOR] 0
[INTERACTOR → SOLUTION] 11
[INTERACTOR → SOLUTION] 0 3 4 1 0
[SOLUTION → INTERACTOR] 0
[INTERACTOR → SOLUTION] 7
[INTERACTOR → SOLUTION] 0 3 4 1 0
[SOLUTION → INTERACTOR] 0
[INTERACTOR → SOLUTION] 8
[INTERACTOR → SOLUTION] 0 3 5 1 0
[SOLUTION → INTERACTOR] 0
[INTERACTOR → SOLUTION] 8
[INTERACTOR → SOLUTION] 0 3 6 1 0
[SOLUTION → INTERACTOR] 0
[INTERACTOR → SOLUTION] 8
[INTERACTOR → SOLUTION] 0 3 7 1 0
[SOLUTION → INTERACTOR] 2
[SOLUTION → INTERACTOR] CONVERT 2 0
[SOLUTION → INTERACTOR] BUILD_DC 0
[INTERACTOR → SOLUTION] 8
[INTERACTOR → SOLUTION] 0 2 3 0 0
[SOLUTION → INTERACTOR] 0
[INTERACTOR → SOLUTION] 9
[INTERACTOR → SOLUTION] 0 2 3 0 0
[SOLUTION → INTERACTOR] 0
[INTERACTOR → SOLUTION] 3
[INTERACTOR → SOLUTION] 0 2 3 0 0
[SOLUTION → INTERACTOR] 0
[INTERACTOR → SOLUTION] 9
[INTERACTOR → SOLUTION] 0 2 3 0 0
[SOLUTION → INTERACTOR] 0
[INTERACTOR → SOLUTION] 7
[INTERACTOR → SOLUTION] 0 2 3 0 0
[SOLUTION → INTERACTOR] 0
[INTERACTOR → SOLUTION] 2
[INTERACTOR → SOLUTION] 0 2 3 0 0
[SOLUTION → INTERACTOR] 0
[INTERACTOR → SOLUTION] 7
[INTERACTOR → SOLUTION] 0 2 3 0 0
[SOLUTION → INTERACTOR] 0
[INTERACTOR → SOLUTION] 8
[INTERACTOR → SOLUTION] 0 2 4 0 0
[SOLUTION → INTERACTOR] 0
[INTERACTOR → SOLUTION] 7
[INTERACTOR → SOLUTION] 0 2 4 0 0
[SOLUTION → INTERACTOR] 0
[INTERACTOR → SOLUTION] 6
[INTERACTOR → SOLUTION] 0 2 4 2 0
[SOLUTION → INTERACTOR] 0
[INTERACTOR → SOLUTION] 7
[INTERACTOR → SOLUTION] 0 2 4 2 0
[SOLUTION → INTERACTOR] 0
[INTERACTOR → SOLUTION] 10
[INTERACTOR → SOLUTION] 0 2 5 2 0
[SOLUTION → INTERACTOR] 0
[INTERACTOR → SOLUTION] 5
[INTERACTOR → SOLUTION] 1 4 5 2 0
[SOLUTION → INTERACTOR] 1
[SOLUTION → INTERACTOR] BUILD_DC 16
[INTERACTOR → SOLUTION] 7
[INTERACTOR → SOLUTION] 0 3 4 1 0
[SOLUTION → INTERACTOR] 0
[INTERACTOR → SOLUTION] 10
[INTERACTOR → SOLUTION] 0 3 6 1 0
[SOLUTION → INTERACTOR] 2
[SOLUTION → INTERACTOR] CONVERT 2 0
[SOLUTION → INTERACTOR] BUILD_CABLE 1 2
[INTERACTOR → SOLUTION] 10
[INTERACTOR → SOLUTION] 0 2 5 1 0
[SOLUTION → INTERACTOR] 0
[INTERACTOR → SOLUTION] 7
[INTERACTOR → SOLUTION] 0 2 5 1 0
[SOLUTION → INTERACTOR] 0
[INTERACTOR → SOLUTION] 5
[INTERACTOR → SOLUTION] 1 4 5 1 0
[SOLUTION → INTERACTOR] 1
[SOLUTION → INTERACTOR] BUILD_DC 2
[INTERACTOR → SOLUTION] 11
[INTERACTOR → SOLUTION] 0 3 4 0 0
[SOLUTION → INTERACTOR] 0
[INTERACTOR → SOLUTION] 8
[INTERACTOR → SOLUTION] 0 3 6 0 0
[SOLUTION → INTERACTOR] 2
[SOLUTION → INTERACTOR] CONVERT 2 0
[SOLUTION → INTERACTOR] BUILD_CABLE 19 18
[INTERACTOR → SOLUTION] 6
[INTERACTOR → SOLUTION] 0 2 3 2 0
[SOLUTION → INTERACTOR] 0
[INTERACTOR → SOLUTION] 6
[INTERACTOR → SOLUTION] 0 2 3 4 0
[SOLUTION → INTERACTOR] 0
[INTERACTOR → SOLUTION] 7
[INTERACTOR → SOLUTION] 0 2 3 4 0
[SOLUTION → INTERACTOR] 0
[INTERACTOR → SOLUTION] 10
[INTERACTOR → SOLUTION] 0 2 5 4 0
[SOLUTION → INTERACTOR] 0
[INTERACTOR → SOLUTION] 9
[INTERACTOR → SOLUTION] 0 2 5 4 0
[SOLUTION → INTERACTOR] 0
[INTERACTOR → SOLUTION] 8
[INTERACTOR → SOLUTION] 0 2 7 4 0
[SOLUTION → INTERACTOR] 2
[SOLUTION → INTERACTOR] CONVERT 2 0
[SOLUTION → INTERACTOR] BUILD_DC 18
[INTERACTOR → SOLUTION] 7
[INTERACTOR → SOLUTION] 0 1 3 3 0
[SOLUTION → INTERACTOR] 0
[INTERACTOR → SOLUTION] 7
[INTERACTOR → SOLUTION] 0 1 3 3 0
[SOLUTION → INTERACTOR] 0
[INTERACTOR → SOLUTION] 3
[INTERACTOR → SOLUTION] 0 1 3 3 0
[SOLUTION → INTERACTOR] 0
[INTERACTOR → SOLUTION] 4
[INTERACTOR → SOLUTION] 0 3 3 3 0
[SOLUTION → INTERACTOR] 0
[INTERACTOR → SOLUTION] 10
[INTERACTOR → SOLUTION] 0 3 5 3 0
[SOLUTION → INTERACTOR] 0
[INTERACTOR → SOLUTION] 7
[INTERACTOR → SOLUTION] 0 3 5 3 0
[SOLUTION → INTERACTOR] 0
[INTERACTOR → SOLUTION] 3
[INTERACTOR → SOLUTION] 0 3 5 3 0
[SOLUTION → INTERACTOR] 0
[INTERACTOR → SOLUTION] 10
[INTERACTOR → SOLUTION] 0 3 7 3 0
[SOLUTION → INTERACTOR] 2
[SOLUTION → INTERACTOR] CONVERT 2 0
[SOLUTION → INTERACTOR] BUILD_CABLE 20 32
[INTERACTOR → SOLUTION] 2
[INTERACTOR → SOLUTION] 0 2 4 3 0
[SOLUTION → INTERACTOR] 0
[INTERACTOR → SOLUTION] 6
[INTERACTOR → SOLUTION] 0 2 4 6 0
[SOLUTION → INTERACTOR] 0
[INTERACTOR → SOLUTION] 7
[INTERACTOR → SOLUTION] 0 2 4 6 0
[SOLUTION → INTERACTOR] 0
[INTERACTOR → SOLUTION] 3
[INTERACTOR → SOLUTION] 0 2 4 6 0
[SOLUTION → INTERACTOR] 0
[INTERACTOR → SOLUTION] 3
[INTERACTOR → SOLUTION] 0 2 4 6 0
[SOLUTION → INTERACTOR] 0
[INTERACTOR → SOLUTION] 3
[INTERACTOR → SOLUTION] 0 2 4 6 0
[SOLUTION → INTERACTOR] 0
[INTERACTOR → SOLUTION] 5
[INTERACTOR → SOLUTION] 1 4 4 6 0
[SOLUTION → INTERACTOR] 1
[SOLUTION → INTERACTOR] BUILD_CABLE 32 33
[INTERACTOR → SOLUTION] 4
[INTERACTOR → SOLUTION] 0 5 4 6 0
[SOLUTION → INTERACTOR] 0
[INTERACTOR → SOLUTION] 10
[INTERACTOR → SOLUTION] 0 5 6 6 0
[SOLUTION → INTERACTOR] 2
[SOLUTION → INTERACTOR] CONVERT 2 0
[SOLUTION → INTERACTOR] BUILD_DC 33
[INTERACTOR → SOLUTION] 3
[INTERACTOR → SOLUTION] 0 4 2 5 0
[SOLUTION → INTERACTOR] 0
[INTERACTOR → SOLUTION] 7
[INTERACTOR → SOLUTION] 0 4 2 5 0
[SOLUTION → INTERACTOR] 0
[INTERACTOR → SOLUTION] 2
[INTERACTOR → SOLUTION] 0 4 2 5 0
[SOLUTION → INTERACTOR] 0
[INTERACTOR → SOLUTION] 10
[INTERACTOR → SOLUTION] 0 4 4 5 0
[SOLUTION → INTERACTOR] 0
[INTERACTOR → SOLUTION] 5
[INTERACTOR → SOLUTION] 2 6 4 5 0
[SOLUTION → INTERACTOR] 2
[SOLUTION → INTERACTOR] BUILD_CABLE 33 44
[SOLUTION → INTERACTOR] BUILD_CABLE 44 45
[INTERACTOR → SOLUTION] 7
[INTERACTOR → SOLUTION] 0 4 4 5 0
[SOLUTION → INTERACTOR] 0
[INTERACTOR → SOLUTION] 2
[INTERACTOR → SOLUTION] 0 4 4 5 0
[SOLUTION → INTERACTOR] 0
[INTERACTOR → SOLUTION] 12
[INTERACTOR → SOLUTION] 2 4 4 5 0
[SOLUTION → INTERACTOR] 2
[SOLUTION → INTERACTOR] BUILD_DC 45
[SOLUTION → INTERACTOR] BUILD_CABLE 44 43
[INTERACTOR → SOLUTION] 11
[INTERACTOR → SOLUTION] 0 2 4 5 0
[SOLUTION → INTERACTOR] 0
[INTERACTOR → SOLUTION] 7
[INTERACTOR → SOLUTION] 0 2 4 5 0
[SOLUTION → INTERACTOR] 0
[INTERACTOR → SOLUTION] 8
[INTERACTOR → SOLUTION] 0 2 6 5 1
[SOLUTION → INTERACTOR] 2
[SOLUTION → INTERACTOR] CONVERT 2 0
[SOLUTION → INTERACTOR] BUILD_DC 43
[INTERACTOR → SOLUTION] 6
[INTERACTOR → SOLUTION] 0 1 3 7 1
[SOLUTION → INTERACTOR] 0
[INTERACTOR → SOLUTION] 2
[INTERACTOR → SOLUTION] 0 1 3 7 1
[SOLUTION → INTERACTOR] 0
[INTERACTOR → SOLUTION] 6
[INTERACTOR → SOLUTION] 0 1 4 10 1
[SOLUTION → INTERACTOR] 0
[INTERACTOR → SOLUTION] 10
[INTERACTOR → SOLUTION] 0 1 6 10 1
[SOLUTION → INTERACTOR] 2
[SOLUTION → INTERACTOR] CONVERT 2 0
[SOLUTION → INTERACTOR] BUILD_CABLE 43 51
[INTERACTOR → SOLUTION] 6
[INTERACTOR → SOLUTION] 0 0 4 13 1
[SOLUTION → INTERACTOR] 0
[INTERACTOR → SOLUTION] 6
[INTERACTOR → SOLUTION] 0 0 5 16 1
[SOLUTION → INTERACTOR] 0
[INTERACTOR → SOLUTION] 9
[INTERACTOR → SOLUTION] 0 0 5 18 1
[SOLUTION → INTERACTOR] 0
[INTERACTOR → SOLUTION] 9
[INTERACTOR → SOLUTION] 0 0 5 20 1
[SOLUTION → INTERACTOR] 0
[INTERACTOR → SOLUTION] 11
[INTERACTOR → SOLUTION] 0 0 7 21 1
[SOLUTION → INTERACTOR] 1
[SOLUTION → INTERACTOR] CONVERT 2 0
[INTERACTOR → SOLUTION] 6
[INTERACTOR → SOLUTION] 1 0 5 24 1
[SOLUTION → INTERACTOR] 0
[INTERACTOR → SOLUTION] 5
[INTERACTOR → SOLUTION] 3 2 5 24 1
[SOLUTION → INTERACTOR] 0
[INTERACTOR → SOLUTION] 5
[INTERACTOR → SOLUTION] 5 4 5 24 1
[SOLUTION → INTERACTOR] 0
[INTERACTOR → SOLUTION] 4
[INTERACTOR → SOLUTION] 5 6 5 24 1
[SOLUTION → INTERACTOR] 0
[INTERACTOR → SOLUTION] 10
[INTERACTOR → SOLUTION] 5 6 7 24 1
[SOLUTION → INTERACTOR] 0
[INTERACTOR → SOLUTION] 10
[INTERACTOR → SOLUTION] 5 6 9 24 1
[SOLUTION → INTERACTOR] 0
[INTERACTOR → SOLUTION] 8
[INTERACTOR → SOLUTION] 5 6 11 24 3
[SOLUTION → INTERACTOR] 1
[SOLUTION → INTERACTOR] UPGRADE_DC 6
[INTERACTOR → SOLUTION] 87
[INTERACTOR → SOLUTION] 3 9 25 26 14 17 27 28
[INTERACTOR → SOLUTION] 2 3 38 39 29 26 25 40
[INTERACTOR → SOLUTION] 3 4 47 48 41 39 38 49
[INTERACTOR → SOLUTION] 2 11 14 15 0 5 16 17
[INTERACTOR → SOLUTION] 3 4 29 30 18 15 14 26
[INTERACTOR → SOLUTION] 5 0 41 42 31 30 29 39
[INTERACTOR → SOLUTION] 3 3 50 51 43 42 41 48
[INTERACTOR → SOLUTION] 0 2 0 1 2 3 4 5
[INTERACTOR → SOLUTION] 4 10 18 19 6 1 0 15
[INTERACTOR → SOLUTION] 1 6 31 32 20 19 18 30
[INTERACTOR → SOLUTION] 1 8 43 44 33 32 31 42
[INTERACTOR → SOLUTION] 1 9 52 53 45 44 43 51
[INTERACTOR → SOLUTION] 0 10 6 7 8 9 2 1
[INTERACTOR → SOLUTION] 2 11 20 21 10 7 6 19
[INTERACTOR → SOLUTION] 4 12 33 34 22 21 20 32
[INTERACTOR → SOLUTION] 4 8 45 46 35 34 33 44
[INTERACTOR → SOLUTION] 0 5 10 11 12 13 8 7
[INTERACTOR → SOLUTION] 0 5 22 23 24 11 10 21
[INTERACTOR → SOLUTION] 2 6 35 36 37 23 22 34
[INTERACTOR → SOLUTION] C0 2 5 16
[INTERACTOR → SOLUTION] C1 2 45 46
[INTERACTOR → SOLUTION] C2 2 27 28
[INTERACTOR → SOLUTION] C3 2 23 37
[INTERACTOR → SOLUTION] C4 2 52 53
[INTERACTOR → SOLUTION] C31 8 50 51 11 24 3 4 12 13
[SOLUTION → INTERACTOR] START
[SOLUTION → INTERACTOR] BUILD_DC 18
[SOLUTION → INTERACTOR] BUILD_DC 22
[SOLUTION → INTERACTOR] BUILD_CABLE 18 19
[SOLUTION → INTERACTOR] BUILD_CABLE 22 34
[INTERACTOR → SOLUTION] 11
[INTERACTOR → SOLUTION] 0 0 0 0 0
[SOLUTION → INTERACTOR] 0
[INTERACTOR → SOLUTION] 8
[INTERACTOR → SOLUTION] 0 0 0 0 0
[SOLUTION → INTERACTOR] 0
[INTERACTOR → SOLUTION] 10
[INTERACTOR → SOLUTION] 0 0 0 0 1
[SOLUTION → INTERACTOR] 0
[INTERACTOR → SOLUTION] 3
[INTERACTOR → SOLUTION] 0 0 0 0 1
[SOLUTION → INTERACTOR] 0
[INTERACTOR → SOLUTION] 9
[INTERACTOR → SOLUTION] 0 0 0 0 1
[SOLUTION → INTERACTOR] 0
[INTERACTOR → SOLUTION] 8
[INTERACTOR → SOLUTION] 0 0 0 0 1
[SOLUTION → INTERACTOR] 0
[INTERACTOR → SOLUTION] 6
[INTERACTOR → SOLUTION] 0 1 1 0 1
[SOLUTION → INTERACTOR] 0
[INTERACTOR → SOLUTION] 5
[INTERACTOR → SOLUTION] 1 1 1 0 1
[SOLUTION → INTERACTOR] 1
[SOLUTION → INTERACTOR] BUILD_CABLE 34 33
[INTERACTOR → SOLUTION] 2
[INTERACTOR → SOLUTION] 0 0 1 0 1
[SOLUTION → INTERACTOR] 0
[INTERACTOR → SOLUTION] 7
[INTERACTOR → SOLUTION] 0 0 1 0 1
[SOLUTION → INTERACTOR] 0
[INTERACTOR → SOLUTION] 7
[INTERACTOR → SOLUTION] 0 0 1 0 1
[SOLUTION → INTERACTOR] 0
[INTERACTOR → SOLUTION] 3
[INTERACTOR → SOLUTION] 0 0 1 0 1
[SOLUTION → INTERACTOR] 0
[INTERACTOR → SOLUTION] 11
[INTERACTOR → SOLUTION] 0 0 1 0 1
[SOLUTION → INTERACTOR] 0
[INTERACTOR → SOLUTION] 6
[INTERACTOR → SOLUTION] 0 1 2 0 1
[SOLUTION → INTERACTOR] 0
[INTERACTOR → SOLUTION] 3
[INTERACTOR → SOLUTION] 0 1 2 0 1
[SOLUTION → INTERACTOR] 0
[INTERACTOR → SOLUTION] 10
[INTERACTOR → SOLUTION] 0 1 2 0 2
[SOLUTION → INTERACTOR] 0
[INTERACTOR → SOLUTION] 6
[INTERACTOR → SOLUTION] 0 2 3 0 2
[SOLUTION → INTERACTOR] 0
[INTERACTOR → SOLUTION] 12
[INTERACTOR → SOLUTION] 0 2 3 0 3
[SOLUTION → INTERACTOR] 0
[INTERACTOR → SOLUTION] 6
[INTERACTOR → SOLUTION] 0 3 4 0 3
[SOLUTION → INTERACTOR] 0
[INTERACTOR → SOLUTION] 7
[INTERACTOR → SOLUTION] 0 3 4 0 3
[SOLUTION → INTERACTOR] 0
[INTERACTOR → SOLUTION] 9
[INTERACTOR → SOLUTION] 0 3 4 0 3
[SOLUTION → INTERACTOR] 0
[INTERACTOR → SOLUTION] 6
[INTERACTOR → SOLUTION] 0 4 5 0 3
[SOLUTION → INTERACTOR] 0
[INTERACTOR → SOLUTION] 10
[INTERACTOR → SOLUTION] 0 4 5 0 4
[SOLUTION → INTERACTOR] 0
[INTERACTOR → SOLUTION] 11
[INTERACTOR → SOLUTION] 0 4 5 0 4
[SOLUTION → INTERACTOR] 0
[INTERACTOR → SOLUTION] 8
[INTERACTOR → SOLUTION] 0 4 5 0 4
[SOLUTION → INTERACTOR] 0
[INTERACTOR → SOLUTION] 11
[INTERACTOR → SOLUTION] 0 4 5 0 4
[SOLUTION → INTERACTOR] 0
[INTERACTOR → SOLUTION] 5
[INTERACTOR → SOLUTION] 1 4 5 0 4
[SOLUTION → INTERACTOR] 1
[SOLUTION → INTERACTOR] BUILD_CABLE 33 44
[INTERACTOR → SOLUTION] 6
[INTERACTOR → SOLUTION] 0 4 6 0 4
[SOLUTION → INTERACTOR] 0
[INTERACTOR → SOLUTION] 8
[INTERACTOR → SOLUTION] 0 4 6 0 4
[SOLUTION → INTERACTOR] 0
[INTERACTOR → SOLUTION] 10
[INTERACTOR → SOLUTION] 0 4 6 0 5
[SOLUTION → INTERACTOR] 0
[INTERACTOR → SOLUTION] 3
[INTERACTOR → SOLUTION] 0 4 6 0 5
[SOLUTION → INTERACTOR] 0
[INTERACTOR → SOLUTION] 6
[INTERACTOR → SOLUTION] 0 5 7 0 5
[SOLUTION → INTERACTOR] 2
[SOLUTION → INTERACTOR] CONVERT 2 0
[SOLUTION → INTERACTOR] BUILD_CABLE 33 32
[INTERACTOR → SOLUTION] 11
[INTERACTOR → SOLUTION] 0 4 3 0 5
[SOLUTION → INTERACTOR] 0
[INTERACTOR → SOLUTION] 7
[INTERACTOR → SOLUTION] 0 4 3 0 5
[SOLUTION → INTERACTOR] 0
[INTERACTOR → SOLUTION] 6
[INTERACTOR → SOLUTION] 0 5 4 0 5
[SOLUTION → INTERACTOR] 0
[INTERACTOR → SOLUTION] 3
[INTERACTOR → SOLUTION] 0 5 4 0 5
[SOLUTION → INTERACTOR] 0
[INTERACTOR → SOLUTION] 3
[INTERACTOR → SOLUTION] 0 5 4 0 5
[SOLUTION → INTERACTOR] 0
[INTERACTOR → SOLUTION] 4
[INTERACTOR → SOLUTION] 0 5 4 1 5
[SOLUTION → INTERACTOR] 0
[INTERACTOR → SOLUTION] 10
[INTERACTOR → SOLUTION] 0 5 4 1 6
[SOLUTION → INTERACTOR] 0
[INTERACTOR → SOLUTION] 5
[INTERACTOR → SOLUTION] 1 5 4 1 6
[SOLUTION → INTERACTOR] 1
[SOLUTION → INTERACTOR] BUILD_DC 44
[INTERACTOR → SOLUTION] 9
[INTERACTOR → SOLUTION] 0 5 3 0 6
[SOLUTION → INTERACTOR] 0
[INTERACTOR → SOLUTION] 8
[INTERACTOR → SOLUTION] 0 6 3 0 7
[SOLUTION → INTERACTOR] 1
[SOLUTION → INTERACTOR] CONVERT 4 3
[INTERACTOR → SOLUTION] 6
[INTERACTOR → SOLUTION] 0 7 4 1 3
[SOLUTION → INTERACTOR] 2
[SOLUTION → INTERACTOR] CONVERT 1 0
[SOLUTION → INTERACTOR] BUILD_DC 32
[INTERACTOR → SOLUTION] 12
[INTERACTOR → SOLUTION] 0 2 3 0 5
[SOLUTION → INTERACTOR] 0
[INTERACTOR → SOLUTION] 7
[INTERACTOR → SOLUTION] 0 2 3 0 5
[SOLUTION → INTERACTOR] 0
[INTERACTOR → SOLUTION] 8
[INTERACTOR → SOLUTION] 0 4 3 0 6
[SOLUTION → INTERACTOR] 0
[INTERACTOR → SOLUTION] 2
[INTERACTOR → SOLUTION] 0 4 3 0 6
[SOLUTION → INTERACTOR] 0
[INTERACTOR → SOLUTION] 8
[INTERACTOR → SOLUTION] 0 6 3 0 7
[SOLUTION → INTERACTOR] 1
[SOLUTION → INTERACTOR] CONVERT 4 3
[INTERACTOR → SOLUTION] 7
[INTERACTOR → SOLUTION] 0 6 3 1 3
[SOLUTION → INTERACTOR] 0
[INTERACTOR → SOLUTION] 7
[INTERACTOR → SOLUTION] 0 6 3 1 3
[SOLUTION → INTERACTOR] 0
[INTERACTOR → SOLUTION] 11
[INTERACTOR → SOLUTION] 0 6 3 1 3
[SOLUTION → INTERACTOR] 0
[INTERACTOR → SOLUTION] 10
[INTERACTOR → SOLUTION] 0 6 3 1 4
[SOLUTION → INTERACTOR] 0
[INTERACTOR → SOLUTION] 7
[INTERACTOR → SOLUTION] 0 6 3 1 4
[SOLUTION → INTERACTOR] 0
[INTERACTOR → SOLUTION] 6
[INTERACTOR → SOLUTION] 0 8 4 1 4
[SOLUTION → INTERACTOR] 2
[SOLUTION → INTERACTOR] CONVERT 1 0
[SOLUTION → INTERACTOR] BUILD_CABLE 34 35
[INTERACTOR → SOLUTION] 7
[INTERACTOR → SOLUTION] 0 3 4 1 4
[SOLUTION → INTERACTOR] 0
[INTERACTOR → SOLUTION] 10
[INTERACTOR → SOLUTION] 0 3 4 1 5
[SOLUTION → INTERACTOR] 0
[INTERACTOR → SOLUTION] 11
[INTERACTOR → SOLUTION] 0 3 4 1 5
[SOLUTION → INTERACTOR] 0
[INTERACTOR → SOLUTION] 10
[INTERACTOR → SOLUTION] 0 3 4 1 6
[SOLUTION → INTERACTOR] 0
[INTERACTOR → SOLUTION] 5
[INTERACTOR → SOLUTION] 1 3 4 1 6
[SOLUTION → INTERACTOR] 1
[SOLUTION → INTERACTOR] BUILD_DC 35
[INTERACTOR → SOLUTION] 9
[INTERACTOR → SOLUTION] 0 3 3 0 6
[SOLUTION → INTERACTOR] 0
[INTERACTOR → SOLUTION] 6
[INTERACTOR → SOLUTION] 0 5 5 0 6
[SOLUTION → INTERACTOR] 0
[INTERACTOR → SOLUTION] 5
[INTERACTOR → SOLUTION] 1 5 5 0 6
[SOLUTION → INTERACTOR] 1
[SOLUTION → INTERACTOR] BUILD_CABLE 19 6
[INTERACTOR → SOLUTION] 8
[INTERACTOR → SOLUTION] 0 6 5 0 8
[SOLUTION → INTERACTOR] 1
[SOLUTION → INTERACTOR] CONVERT 4 3
[INTERACTOR → SOLUTION] 8
[INTERACTOR → SOLUTION] 0 8 5 1 6
[SOLUTION → INTERACTOR] 2
[SOLUTION → INTERACTOR] CONVERT 1 0
[SOLUTION → INTERACTOR] BUILD_DC 6
[INTERACTOR → SOLUTION] 5
[INTERACTOR → SOLUTION] 1 3 4 0 6
[SOLUTION → INTERACTOR] 1
[SOLUTION → INTERACTOR] BUILD_CABLE 44 43
[INTERACTOR → SOLUTION] 6
[INTERACTOR → SOLUTION] 0 4 6 0 6
[SOLUTION → INTERACTOR] 0
[INTERACTOR → SOLUTION] 4
[INTERACTOR → SOLUTION] 0 4 6 1 6
[SOLUTION → INTERACTOR] 0
[INTERACTOR → SOLUTION] 5
[INTERACTOR → SOLUTION] 1 4 6 1 6
[SOLUTION → INTERACTOR] 1
[SOLUTION → INTERACTOR] BUILD_CABLE 43 51
[INTERACTOR → SOLUTION] 9
[INTERACTOR → SOLUTION] 0 4 6 1 6
[SOLUTION → INTERACTOR] 0
[INTERACTOR → SOLUTION] 6
[INTERACTOR → SOLUTION] 0 6 8 1 6
[SOLUTION → INTERACTOR] 3
[SOLUTION → INTERACTOR] CONVERT 2 0
[SOLUTION → INTERACTOR] BUILD_DC 51
[SOLUTION → INTERACTOR] CONVERT 4 3
[INTERACTOR → SOLUTION] 4
[INTERACTOR → SOLUTION] 0 5 3 2 3
[SOLUTION → INTERACTOR] 1
[SOLUTION → INTERACTOR] UPGRADE_DC 44
[INTERACTOR → SOLUTION] 7
[INTERACTOR → SOLUTION] 0 5 3 0 0
[SOLUTION → INTERACTOR] 0
[INTERACTOR → SOLUTION] 6
[INTERACTOR → SOLUTION] 0 7 5 0 0
[SOLUTION → INTERACTOR] 2
[SOLUTION → INTERACTOR] CONVERT 1 0
[SOLUTION → INTERACTOR] BUILD_CABLE 22 23
[INTERACTOR → SOLUTION] 7
[INTERACTOR → SOLUTION] 0 3 5 0 0
[SOLUTION → INTERACTOR] 0
[INTERACTOR → SOLUTION] 3
[INTERACTOR → SOLUTION] 0 3 5 1 0
[SOLUTION → INTERACTOR] 0
[INTERACTOR → SOLUTION] 6
[INTERACTOR → SOLUTION] 0 5 7 1 0
[SOLUTION → INTERACTOR] 2
[SOLUTION → INTERACTOR] CONVERT 2 0
[SOLUTION → INTERACTOR] BUILD_CABLE 23 24
[INTERACTOR → SOLUTION] 10
[INTERACTOR → SOLUTION] 1 4 4 1 2
[SOLUTION → INTERACTOR] 1
[SOLUTION → INTERACTOR] BUILD_DC 24
[INTERACTOR → SOLUTION] 9
[INTERACTOR → SOLUTION] 0 6 3 0 2
[SOLUTION → INTERACTOR] 1
[SOLUTION → INTERACTOR] CONVERT 1 0
[INTERACTOR → SOLUTION] 5
[INTERACTOR → SOLUTION] 3 3 3 0 2
[SOLUTION → INTERACTOR] 0
[INTERACTOR → SOLUTION] 6
[INTERACTOR → SOLUTION] 3 5 5 0 2
[SOLUTION → INTERACTOR] 0
[INTERACTOR → SOLUTION] 10
[INTERACTOR → SOLUTION] 4 5 5 0 4
[SOLUTION → INTERACTOR] 0
[INTERACTOR → SOLUTION] 8
[INTERACTOR → SOLUTION] 4 8 5 0 7
[SOLUTION → INTERACTOR] 1
[SOLUTION → INTERACTOR] CONVERT 1 3
[INTERACTOR → SOLUTION] 11
[INTERACTOR → SOLUTION] 4 5 6 1 7
[SOLUTION → INTERACTOR] 0
[INTERACTOR → SOLUTION] 4
[INTERACTOR → SOLUTION] 4 5 6 2 7
[SOLUTION → INTERACTOR] 2
[SOLUTION → INTERACTOR] UPGRADE_DC 18
[SOLUTION → INTERACTOR] CONVERT 2 3
[INTERACTOR → SOLUTION] 2
[INTERACTOR → SOLUTION] 4 5 3 1 4
[SOLUTION → INTERACTOR] 0
[INTERACTOR → SOLUTION] 12
[INTERACTOR → SOLUTION] 4 5 3 1 6
[SOLUTION → INTERACTOR] 0
[INTERACTOR → SOLUTION] 11
[INTERACTOR → SOLUTION] 4 5 4 1 6
[SOLUTION → INTERACTOR] 0
[INTERACTOR → SOLUTION] 100
[INTERACTOR → SOLUTION] 0 12 25 26 14 17 27 28
[INTERACTOR → SOLUTION] 2 5 38 39 29 26 25 40
[INTERACTOR → SOLUTION] 1 10 47 48 41 39 38 49
[INTERACTOR → SOLUTION] 0 3 14 15 0 5 16 17
[INTERACTOR → SOLUTION] 2 3 29 30 18 15 14 26
[INTERACTOR → SOLUTION] 4 10 41 42 31 30 29 39
[INTERACTOR → SOLUTION] 3 11 50 51 43 42 41 48
[INTERACTOR → SOLUTION] 1 11 0 1 2 3 4 5
[INTERACTOR → SOLUTION] 5 0 18 19 6 1 0 15
[INTERACTOR → SOLUTION] 3 9 31 32 20 19 18 30
[INTERACTOR → SOLUTION] 0 9 43 44 33 32 31 42
[INTERACTOR → SOLUTION] 0 8 52 53 45 44 43 51
[INTERACTOR → SOLUTION] 2 8 6 7 8 9 2 1
[INTERACTOR → SOLUTION] 3 6 20 21 10 7 6 19
[INTERACTOR → SOLUTION] 4 4 33 34 22 21 20 32
[INTERACTOR → SOLUTION] 1 6 45 46 35 34 33 44
[INTERACTOR → SOLUTION] 4 5 10 11 12 13 8 7
[INTERACTOR → SOLUTION] 3 4 22 23 24 11 10 21
[INTERACTOR → SOLUTION] 2 2 35 36 37 23 22 34
[INTERACTOR → SOLUTION] C0 2 27 28
[INTERACTOR → SOLUTION] C1 2 38 49
[INTERACTOR → SOLUTION] C2 2 11 12
[INTERACTOR → SOLUTION] C3 2 16 17
[INTERACTOR → SOLUTION] C4 2 2 3
[INTERACTOR → SOLUTION] C31 8 35 46 23 24 52 53 4 5
[SOLUTION → INTERACTOR] START
[SOLUTION → INTERACTOR] BUILD_DC 6
[SOLUTION → INTERACTOR] BUILD_DC 44
[SOLUTION → INTERACTOR] BUILD_CABLE 6 7
[SOLUTION → INTERACTOR] BUILD_CABLE 44 33
[INTERACTOR → SOLUTION] 8
[INTERACTOR → SOLUTION] 1 0 1 0 0
[SOLUTION → INTERACTOR] 0
[INTERACTOR → SOLUTION] 8
[INTERACTOR → SOLUTION] 2 0 2 0 0
[SOLUTION → INTERACTOR] 0
[INTERACTOR → SOLUTION] 6
[INTERACTOR → SOLUTION] 2 1 2 1 0
[SOLUTION → INTERACTOR] 1
[SOLUTION → INTERACTOR] BUILD_CABLE 7 10
[INTERACTOR → SOLUTION] 5
[INTERACTOR → SOLUTION] 1 0 2 1 0
[SOLUTION → INTERACTOR] 0
[INTERACTOR → SOLUTION] 12
[INTERACTOR → SOLUTION] 1 0 2 1 0
[SOLUTION → INTERACTOR] 0
[INTERACTOR → SOLUTION] 10
[INTERACTOR → SOLUTION] 1 0 2 1 0
[SOLUTION → INTERACTOR] 0
[INTERACTOR → SOLUTION] 5
[INTERACTOR → SOLUTION] 1 0 2 1 0
[SOLUTION → INTERACTOR] 0
[INTERACTOR → SOLUTION] 6
[INTERACTOR → SOLUTION] 1 1 2 2 0
[SOLUTION → INTERACTOR] 1
[SOLUTION → INTERACTOR] BUILD_DC 10
[INTERACTOR → SOLUTION] 9
[INTERACTOR → SOLUTION] 1 0 1 1 0
[SOLUTION → INTERACTOR] 0
[INTERACTOR → SOLUTION] 8
[INTERACTOR → SOLUTION] 2 0 2 1 0
[SOLUTION → INTERACTOR] 0
[INTERACTOR → SOLUTION] 5
[INTERACTOR → SOLUTION] 2 0 2 1 1
[SOLUTION → INTERACTOR] 0
[INTERACTOR → SOLUTION] 4
[INTERACTOR → SOLUTION] 2 0 2 2 1
[SOLUTION → INTERACTOR] 0
[INTERACTOR → SOLUTION] 5
[INTERACTOR → SOLUTION] 2 0 2 2 2
[SOLUTION → INTERACTOR] 0
[INTERACTOR → SOLUTION] 5
[INTERACTOR → SOLUTION] 2 0 2 2 3
[SOLUTION → INTERACTOR] 1
[SOLUTION → INTERACTOR] UPGRADE_DC 44
[INTERACTOR → SOLUTION] 4
[INTERACTOR → SOLUTION] 2 0 2 1 0
[SOLUTION → INTERACTOR] 0
[INTERACTOR → SOLUTION] 9
[INTERACTOR → SOLUTION] 4 0 2 1 0
[SOLUTION → INTERACTOR] 0
[INTERACTOR → SOLUTION] 11
[INTERACTOR → SOLUTION] 4 0 2 1 0
[SOLUTION → INTERACTOR] 0
[INTERACTOR → SOLUTION] 7
[INTERACTOR → SOLUTION] 4 0 2 1 0
[SOLUTION → INTERACTOR] 0
[INTERACTOR → SOLUTION] 6
[INTERACTOR → SOLUTION] 4 2 2 3 0
[SOLUTION → INTERACTOR] 2
[SOLUTION → INTERACTOR] BUILD_CABLE 33 32
[SOLUTION → INTERACTOR] BUILD_DC 32
[INTERACTOR → SOLUTION] 4
[INTERACTOR → SOLUTION] 2 0 1 3 1
[SOLUTION → INTERACTOR] 0
[INTERACTOR → SOLUTION] 5
[INTERACTOR → SOLUTION] 2 0 1 3 2
[SOLUTION → INTERACTOR] 0
[INTERACTOR → SOLUTION] 8
[INTERACTOR → SOLUTION] 4 0 2 3 2
[SOLUTION → INTERACTOR] 0
[INTERACTOR → SOLUTION] 10
[INTERACTOR → SOLUTION] 4 0 2 3 2
[SOLUTION → INTERACTOR] 0
[INTERACTOR → SOLUTION] 7
[INTERACTOR → SOLUTION] 4 0 2 3 2
[SOLUTION → INTERACTOR] 0
[INTERACTOR → SOLUTION] 6
[INTERACTOR → SOLUTION] 4 2 2 5 2
[SOLUTION → INTERACTOR] 2
[SOLUTION → INTERACTOR] BUILD_CABLE 7 8
[SOLUTION → INTERACTOR] BUILD_DC 8
[INTERACTOR → SOLUTION] 10
[INTERACTOR → SOLUTION] 2 0 1 4 2
[SOLUTION → INTERACTOR] 0
[INTERACTOR → SOLUTION] 4
[INTERACTOR → SOLUTION] 2 0 1 5 3
[SOLUTION → INTERACTOR] 1
[SOLUTION → INTERACTOR] UPGRADE_DC 10
[INTERACTOR → SOLUTION] 8
[INTERACTOR → SOLUTION] 4 0 3 3 0
[SOLUTION → INTERACTOR] 0
[INTERACTOR → SOLUTION] 6
[INTERACTOR → SOLUTION] 4 2 3 6 0
[SOLUTION → INTERACTOR] 2
[SOLUTION → INTERACTOR] BUILD_CABLE 33 34
[SOLUTION → INTERACTOR] BUILD_DC 34
[INTERACTOR → SOLUTION] 6
[INTERACTOR → SOLUTION] 2 3 2 8 0
[SOLUTION → INTERACTOR] 2
[SOLUTION → INTERACTOR] BUILD_CABLE 34 35
[SOLUTION → INTERACTOR] BUILD_CABLE 35 46
[INTERACTOR → SOLUTION] 5
[INTERACTOR → SOLUTION] 0 1 2 8 3
[SOLUTION → INTERACTOR] 1
[SOLUTION → INTERACTOR] UPGRADE_DC 32
[INTERACTOR → SOLUTION] 9
[INTERACTOR → SOLUTION] 4 1 2 8 0
[SOLUTION → INTERACTOR] 1
[SOLUTION → INTERACTOR] BUILD_DC 46
[INTERACTOR → SOLUTION] 10
[INTERACTOR → SOLUTION] 3 0 1 7 0
[SOLUTION → INTERACTOR] 0
[INTERACTOR → SOLUTION] 12
[INTERACTOR → SOLUTION] 3 0 1 7 0
[SOLUTION → INTERACTOR] 0
[INTERACTOR → SOLUTION] 7
[INTERACTOR → SOLUTION] 3 0 1 7 0
[SOLUTION → INTERACTOR] 0
[INTERACTOR → SOLUTION] 6
[INTERACTOR → SOLUTION] 3 4 1 10 0
[SOLUTION → INTERACTOR] 3
[SOLUTION → INTERACTOR] BUILD_CABLE 44 45
[SOLUTION → INTERACTOR] BUILD_CABLE 45 53
[SOLUTION → INTERACTOR] BUILD_DC 53
[INTERACTOR → SOLUTION] 7
[INTERACTOR → SOLUTION] 0 1 0 9 0
[SOLUTION → INTERACTOR] 0
[INTERACTOR → SOLUTION] 9
[INTERACTOR → SOLUTION] 4 1 0 11 0
[SOLUTION → INTERACTOR] 1
[SOLUTION → INTERACTOR] BUILD_CABLE 34 22
[INTERACTOR → SOLUTION] 2
[INTERACTOR → SOLUTION] 3 0 1 11 0
[SOLUTION → INTERACTOR] 0
[INTERACTOR → SOLUTION] 6
[INTERACTOR → SOLUTION] 3 4 1 14 0
[SOLUTION → INTERACTOR] 3
[SOLUTION → INTERACTOR] BUILD_CABLE 22 23
[SOLUTION → INTERACTOR] BUILD_DC 23
[SOLUTION → INTERACTOR] BUILD_CABLE 6 1
[INTERACTOR → SOLUTION] 7
[INTERACTOR → SOLUTION] 0 1 0 13 0
[SOLUTION → INTERACTOR] 0
[INTERACTOR → SOLUTION] 7
[INTERACTOR → SOLUTION] 0 1 0 13 0
[SOLUTION → INTERACTOR] 0
[INTERACTOR → SOLUTION] 8
[INTERACTOR → SOLUTION] 3 1 2 13 0
[SOLUTION → INTERACTOR] 1
[SOLUTION → INTERACTOR] BUILD_CABLE 1 2
[INTERACTOR → SOLUTION] 8
[INTERACTOR → SOLUTION] 5 0 4 13 0
[SOLUTION → INTERACTOR] 0
[INTERACTOR → SOLUTION] 6
[INTERACTOR → SOLUTION] 5 4 4 16 0
[SOLUTION → INTERACTOR] 4
[SOLUTION → INTERACTOR] BUILD_DC 2
[SOLUTION → INTERACTOR] BUILD_CABLE 1 0
[SOLUTION → INTERACTOR] BUILD_DC 0
[SOLUTION → INTERACTOR] BUILD_CABLE 0 5
[INTERACTOR → SOLUTION] 7
[INTERACTOR → SOLUTION] 1 0 2 14 0
[SOLUTION → INTERACTOR] 0
[INTERACTOR → SOLUTION] 11
[INTERACTOR → SOLUTION] 1 2 2 14 0
[SOLUTION → INTERACTOR] 1
[SOLUTION → INTERACTOR] BUILD_CABLE 5 4
[INTERACTOR → SOLUTION] 7
[INTERACTOR → SOLUTION] 0 1 2 14 0
[SOLUTION → INTERACTOR] 0
[INTERACTOR → SOLUTION] 7
[INTERACTOR → SOLUTION] 0 1 2 14 0
[SOLUTION → INTERACTOR] 0
[INTERACTOR → SOLUTION] 6
[INTERACTOR → SOLUTION] 0 5 2 17 0
[SOLUTION → INTERACTOR] 0
[INTERACTOR → SOLUTION] 7
[INTERACTOR → SOLUTION] 0 5 2 17 0
[SOLUTION → INTERACTOR] 0
[INTERACTOR → SOLUTION] 5
[INTERACTOR → SOLUTION] 0 5 2 17 3
[SOLUTION → INTERACTOR] 1
[SOLUTION → INTERACTOR] UPGRADE_DC 6
[INTERACTOR → SOLUTION] 8
[INTERACTOR → SOLUTION] 3 5 6 15 0
[SOLUTION → INTERACTOR] 3
[SOLUTION → INTERACTOR] BUILD_DC 4
[SOLUTION → INTERACTOR] BUILD_CABLE 32 31
[SOLUTION → INTERACTOR] BUILD_CABLE 31 30
[INTERACTOR → SOLUTION] 9
[INTERACTOR → SOLUTION] 4 2 5 16 0
[SOLUTION → INTERACTOR] 2
[SOLUTION → INTERACTOR] BUILD_DC 30
[SOLUTION → INTERACTOR] BUILD_CABLE 31 42
[INTERACTOR → SOLUTION] 10
[INTERACTOR → SOLUTION] 2 0 4 15 1
[SOLUTION → INTERACTOR] 0
[INTERACTOR → SOLUTION] 10
[INTERACTOR → SOLUTION] 2 0 4 15 2
[SOLUTION → INTERACTOR] 0
[INTERACTOR → SOLUTION] 4
[INTERACTOR → SOLUTION] 2 0 4 18 5
[SOLUTION → INTERACTOR] 1
[SOLUTION → INTERACTOR] UPGRADE_DC 8
[INTERACTOR → SOLUTION] 10
[INTERACTOR → SOLUTION] 2 0 4 16 3
[SOLUTION → INTERACTOR] 1
[SOLUTION → INTERACTOR] UPGRADE_DC 34
[INTERACTOR → SOLUTION] 8
[INTERACTOR → SOLUTION] 5 0 9 14 0
[SOLUTION → INTERACTOR] 2
[SOLUTION → INTERACTOR] CONVERT 2 1
[SOLUTION → INTERACTOR] BUILD_DC 42
[INTERACTOR → SOLUTION] 8
[INTERACTOR → SOLUTION] 7 0 10 13 0
[SOLUTION → INTERACTOR] 6
[SOLUTION → INTERACTOR] CONVERT 0 1
[SOLUTION → INTERACTOR] BUILD_CABLE 30 29
[SOLUTION → INTERACTOR] CONVERT 2 1
[SOLUTION → INTERACTOR] BUILD_CABLE 29 39
[SOLUTION → INTERACTOR] CONVERT 2 1
[SOLUTION → INTERACTOR] BUILD_DC 39
[INTERACTOR → SOLUTION] 6
[INTERACTOR → SOLUTION] 1 5 3 16 0
[SOLUTION → INTERACTOR] 1
[SOLUTION → INTERACTOR] BUILD_CABLE 29 26
[INTERACTOR → SOLUTION] 7
[INTERACTOR → SOLUTION] 0 4 3 16 0
[SOLUTION → INTERACTOR] 0
[INTERACTOR → SOLUTION] 7
[INTERACTOR → SOLUTION] 0 4 3 16 0
[SOLUTION → INTERACTOR] 0
[INTERACTOR → SOLUTION] 6
[INTERACTOR → SOLUTION] 0 9 3 20 0
[SOLUTION → INTERACTOR] 2
[SOLUTION → INTERACTOR] CONVERT 1 0
[SOLUTION → INTERACTOR] BUILD_DC 26
[INTERACTOR → SOLUTION] 9
[INTERACTOR → SOLUTION] 5 5 2 22 0
[SOLUTION → INTERACTOR] 5
[SOLUTION → INTERACTOR] BUILD_CABLE 42 43
[SOLUTION → INTERACTOR] BUILD_CABLE 43 51
[SOLUTION → INTERACTOR] BUILD_DC 51
[SOLUTION → INTERACTOR] BUILD_CABLE 39 41
[SOLUTION → INTERACTOR] BUILD_CABLE 41 48
[INTERACTOR → SOLUTION] 8
[INTERACTOR → SOLUTION] 4 0 6 21 0
[SOLUTION → INTERACTOR] 2
[SOLUTION → INTERACTOR] CONVERT 2 1
[SOLUTION → INTERACTOR] BUILD_DC 48
[INTERACTOR → SOLUTION] 5
[INTERACTOR → SOLUTION] 3 0 4 20 4
[SOLUTION → INTERACTOR] 1
[SOLUTION → INTERACTOR] UPGRADE_DC 39
[INTERACTOR → SOLUTION] 4
[INTERACTOR → SOLUTION] 3 0 4 21 5
[SOLUTION → INTERACTOR] 1
[SOLUTION → INTERACTOR] UPGRADE_DC 42
[INTERACTOR → SOLUTION] 9
[INTERACTOR → SOLUTION] 9 0 4 22 2
[SOLUTION → INTERACTOR] 2
[SOLUTION → INTERACTOR] CONVERT 0 1
[SOLUTION → INTERACTOR] BUILD_CABLE 8 13
[INTERACTOR → SOLUTION] 8
[INTERACTOR → SOLUTION] 9 0 9 22 2
[SOLUTION → INTERACTOR] 6
[SOLUTION → INTERACTOR] CONVERT 0 1
[SOLUTION → INTERACTOR] BUILD_CABLE 13 12
[SOLUTION → INTERACTOR] CONVERT 2 1
[SOLUTION → INTERACTOR] BUILD_DC 12
[SOLUTION → INTERACTOR] CONVERT 2 1
[SOLUTION → INTERACTOR] BUILD_CABLE 5 16
[INTERACTOR → SOLUTION] 4
[INTERACTOR → SOLUTION] 3 0 3 24 6
[SOLUTION → INTERACTOR] 2
[SOLUTION → INTERACTOR] UPGRADE_DC 30
[SOLUTION → INTERACTOR] UPGRADE_DC 51
[INTERACTOR → SOLUTION] 6
[INTERACTOR → SOLUTION] 3 5 3 24 0
[SOLUTION → INTERACTOR] 3
[SOLUTION → INTERACTOR] BUILD_DC 16
[SOLUTION → INTERACTOR] BUILD_CABLE 26 25
[SOLUTION → INTERACTOR] BUILD_CABLE 25 40
[INTERACTOR → SOLUTION] 11
[INTERACTOR → SOLUTION] 0 5 2 28 0
[SOLUTION → INTERACTOR] 0
[INTERACTOR → SOLUTION] 10
[INTERACTOR → SOLUTION] 0 8 2 28 6
[SOLUTION → INTERACTOR] 4
[SOLUTION → INTERACTOR] CONVERT 1 0
[SOLUTION → INTERACTOR] BUILD_DC 40
[SOLUTION → INTERACTOR] UPGRADE_DC 26
[SOLUTION → INTERACTOR] UPGRADE_DC 2
[INTERACTOR → SOLUTION] 8
[INTERACTOR → SOLUTION] 5 4 7 23 0
[SOLUTION → INTERACTOR] 6
[SOLUTION → INTERACTOR] BUILD_CABLE 39 38
[SOLUTION → INTERACTOR] BUILD_CABLE 38 49
[SOLUTION → INTERACTOR] BUILD_DC 49
[SOLUTION → INTERACTOR] BUILD_CABLE 25 28
[SOLUTION → INTERACTOR] CONVERT 2 1
[SOLUTION → INTERACTOR] BUILD_DC 28
[INTERACTOR → SOLUTION] 5
[INTERACTOR → SOLUTION] 0 0 8 21 5
[SOLUTION → INTERACTOR] 4
[SOLUTION → INTERACTOR] CONVERT 2 0
[SOLUTION → INTERACTOR] CONVERT 2 1
[SOLUTION → INTERACTOR] UPGRADE_DC 48
[SOLUTION → INTERACTOR] BUILD_CABLE 35 36
[INTERACTOR → SOLUTION] 8
[INTERACTOR → SOLUTION] 5 0 10 19 2
[SOLUTION → INTERACTOR] 3
[SOLUTION → INTERACTOR] CONVERT 0 1
[SOLUTION → INTERACTOR] BUILD_DC 36
[SOLUTION → INTERACTOR] CONVERT 2 1
[INTERACTOR → SOLUTION] 10
[INTERACTOR → SOLUTION] 2 6 7 18 8
[SOLUTION → INTERACTOR] 2
[SOLUTION → INTERACTOR] UPGRADE_DC 46
[SOLUTION → INTERACTOR] UPGRADE_DC 53
[INTERACTOR → SOLUTION] 9
[INTERACTOR → SOLUTION] 8 6 7 18 2
[SOLUTION → INTERACTOR] 0
[INTERACTOR → SOLUTION] 8
[INTERACTOR → SOLUTION] 14 6 13 18 2
[SOLUTION → INTERACTOR] 0
[INTERACTOR → SOLUTION] 7
[INTERACTOR → SOLUTION] 14 6 13 18 2
[SOLUTION → INTERACTOR] 0
[INTERACTOR → SOLUTION] 11
[INTERACTOR → SOLUTION] 14 10 13 24 2
[SOLUTION → INTERACTOR] 0
[INTERACTOR → SOLUTION] 5
[INTERACTOR → SOLUTION] 14 10 18 24 7
[SOLUTION → INTERACTOR] 5
[SOLUTION → INTERACTOR] UPGRADE_DC 40
[SOLUTION → INTERACTOR] CONVERT 2 4
[SOLUTION → INTERACTOR] UPGRADE_DC 12
[SOLUTION → INTERACTOR] CONVERT 2 4
[SOLUTION → INTERACTOR] UPGRADE_DC 0
[INTERACTOR → SOLUTION] 8
[INTERACTOR → SOLUTION] 20 10 20 18 0
[SOLUTION → INTERACTOR] 8
[SOLUTION → INTERACTOR] CONVERT 0 4
[SOLUTION → INTERACTOR] CONVERT 0 4
[SOLUTION → INTERACTOR] CONVERT 0 4
[SOLUTION → INTERACTOR] CONVERT 2 4
[SOLUTION → INTERACTOR] CONVERT 2 4
[SOLUTION → INTERACTOR] UPGRADE_DC 23
[SOLUTION → INTERACTOR] CONVERT 2 4
[SOLUTION → INTERACTOR] UPGRADE_DC 49
[INTERACTOR → SOLUTION] 8
[INTERACTOR → SOLUTION] 20 10 20 14 0
[SOLUTION → INTERACTOR] 8
[SOLUTION → INTERACTOR] CONVERT 0 4
[SOLUTION → INTERACTOR] CONVERT 0 4
[SOLUTION → INTERACTOR] CONVERT 0 4
[SOLUTION → INTERACTOR] CONVERT 2 4
[SOLUTION → INTERACTOR] CONVERT 2 4
[SOLUTION → INTERACTOR] UPGRADE_DC 16
[SOLUTION → INTERACTOR] CONVERT 2 4
[SOLUTION → INTERACTOR] UPGRADE_DC 4
[INTERACTOR → SOLUTION] 6
[INTERACTOR → SOLUTION] 14 16 14 14 0
[SOLUTION → INTERACTOR] 1
[SOLUTION → INTERACTOR] CONVERT 1 4
[INTERACTOR → SOLUTION] 8
[INTERACTOR → SOLUTION] 20 14 20 14 1
[SOLUTION → INTERACTOR] 8
[SOLUTION → INTERACTOR] CONVERT 0 4
[SOLUTION → INTERACTOR] CONVERT 0 4
[SOLUTION → INTERACTOR] CONVERT 0 4
[SOLUTION → INTERACTOR] CONVERT 2 4
[SOLUTION → INTERACTOR] UPGRADE_DC 36
[SOLUTION → INTERACTOR] CONVERT 2 4
[SOLUTION → INTERACTOR] CONVERT 2 4
[SOLUTION → INTERACTOR] UPGRADE_DC 28
[INTERACTOR → SOLUTION] 5
[INTERACTOR → SOLUTION] 14 14 20 10 7
[SOLUTION → INTERACTOR] 5
[SOLUTION → INTERACTOR] UPGRADE_DC 44
[SOLUTION → INTERACTOR] CONVERT 2 4
[SOLUTION → INTERACTOR] CONVERT 2 4
[SOLUTION → INTERACTOR] UPGRADE_DC 10
[SOLUTION → INTERACTOR] CONVERT 2 4
[INTERACTOR → SOLUTION] 5
[INTERACTOR → SOLUTION] 14 14 20 4 9
[SOLUTION → INTERACTOR] 5
[SOLUTION → INTERACTOR] CONVERT 2 3
[SOLUTION → INTERACTOR] UPGRADE_DC 32
[SOLUTION → INTERACTOR] CONVERT 2 3
[SOLUTION → INTERACTOR] CONVERT 2 3
[SOLUTION → INTERACTOR] UPGRADE_DC 6
[INTERACTOR → SOLUTION] 10
[INTERACTOR → SOLUTION] 14 20 14 1 7
[SOLUTION → INTERACTOR] 4
[SOLUTION → INTERACTOR] CONVERT 1 3
[SOLUTION → INTERACTOR] CONVERT 1 3
[SOLUTION → INTERACTOR] CONVERT 1 3
[SOLUTION → INTERACTOR] UPGRADE_DC 39
[INTERACTOR → SOLUTION] 8
[INTERACTOR → SOLUTION] 21 14 21 1 3
[SOLUTION → INTERACTOR] 9
[SOLUTION → INTERACTOR] CONVERT 0 3
[SOLUTION → INTERACTOR] CONVERT 0 3
[SOLUTION → INTERACTOR] CONVERT 0 4
[SOLUTION → INTERACTOR] CONVERT 0 3
[SOLUTION → INTERACTOR] CONVERT 2 4
[SOLUTION → INTERACTOR] CONVERT 2 3
[SOLUTION → INTERACTOR] UPGRADE_DC 8
[SOLUTION → INTERACTOR] CONVERT 2 4
[SOLUTION → INTERACTOR] CONVERT 2 4
[INTERACTOR → SOLUTION] 8
[INTERACTOR → SOLUTION] 20 14 21 2 3
[SOLUTION → INTERACTOR] 8
[SOLUTION → INTERACTOR] CONVERT 0 3
[SOLUTION → INTERACTOR] CONVERT 0 4
[SOLUTION → INTERACTOR] CONVERT 0 3
[SOLUTION → INTERACTOR] CONVERT 2 4
[SOLUTION → INTERACTOR] CONVERT 2 3
[SOLUTION → INTERACTOR] UPGRADE_DC 42
[SOLUTION → INTERACTOR] CONVERT 2 4
[SOLUTION → INTERACTOR] CONVERT 2 4
[INTERACTOR → SOLUTION] 8
[INTERACTOR → SOLUTION] 21 14 21 2 3
[SOLUTION → INTERACTOR] 9
[SOLUTION → INTERACTOR] CONVERT 0 3
[SOLUTION → INTERACTOR] CONVERT 0 4
[SOLUTION → INTERACTOR] CONVERT 0 3
[SOLUTION → INTERACTOR] CONVERT 0 4
[SOLUTION → INTERACTOR] CONVERT 2 3
[SOLUTION → INTERACTOR] UPGRADE_DC 34
[SOLUTION → INTERACTOR] CONVERT 2 4
[SOLUTION → INTERACTOR] CONVERT 2 4
[SOLUTION → INTERACTOR] CONVERT 2 3
[INTERACTOR → SOLUTION] 6
[INTERACTOR → SOLUTION] 13 22 13 9 3
[SOLUTION → INTERACTOR] 5
[SOLUTION → INTERACTOR] CONVERT 1 4
[SOLUTION → INTERACTOR] CONVERT 1 4
[SOLUTION → INTERACTOR] UPGRADE_DC 30
[SOLUTION → INTERACTOR] CONVERT 1 4
[SOLUTION → INTERACTOR] CONVERT 1 4
[INTERACTOR → SOLUTION] 6
[INTERACTOR → SOLUTION] 13 22 13 12 3
[SOLUTION → INTERACTOR] 5
[SOLUTION → INTERACTOR] CONVERT 1 4
[SOLUTION → INTERACTOR] CONVERT 1 4
[SOLUTION → INTERACTOR] UPGRADE_DC 2
[SOLUTION → INTERACTOR] CONVERT 1 4
[SOLUTION → INTERACTOR] CONVERT 1 4
[INTERACTOR → SOLUTION] 6
[INTERACTOR → SOLUTION] 13 22 13 15 3
[SOLUTION → INTERACTOR] 5
[SOLUTION → INTERACTOR] CONVERT 1 4
[SOLUTION → INTERACTOR] CONVERT 1 4
[SOLUTION → INTERACTOR] UPGRADE_DC 51
[SOLUTION → INTERACTOR] CONVERT 1 4
[SOLUTION → INTERACTOR] CONVERT 1 4
[INTERACTOR → SOLUTION] 10
[INTERACTOR → SOLUTION] 13 21 13 12 12
[SOLUTION → INTERACTOR] 9
[SOLUTION → INTERACTOR] UPGRADE_DC 26
[SOLUTION → INTERACTOR] UPGRADE_DC 46
[SOLUTION → INTERACTOR] CONVERT 1 4
[SOLUTION → INTERACTOR] UPGRADE_DC 53
[SOLUTION → INTERACTOR] CONVERT 1 4
[SOLUTION → INTERACTOR] CONVERT 1 4
[SOLUTION → INTERACTOR] CONVERT 1 4
[SOLUTION → INTERACTOR] UPGRADE_DC 48
[SOLUTION → INTERACTOR] CONVERT 0 3
[INTERACTOR → SOLUTION] 10
[INTERACTOR → SOLUTION] 11 21 13 1 9
[SOLUTION → INTERACTOR] 5
[SOLUTION → INTERACTOR] CONVERT 1 3
[SOLUTION → INTERACTOR] CONVERT 1 3
[SOLUTION → INTERACTOR] CONVERT 1 3
[SOLUTION → INTERACTOR] CONVERT 1 3
[SOLUTION → INTERACTOR] UPGRADE_DC 40
[INTERACTOR → SOLUTION] 7
[INTERACTOR → SOLUTION] 11 13 13 2 5
[SOLUTION → INTERACTOR] 0
[INTERACTOR → SOLUTION] 2
[INTERACTOR → SOLUTION] 11 13 20 2 5
[SOLUTION → INTERACTOR] 4
[SOLUTION → INTERACTOR] CONVERT 2 3
[SOLUTION → INTERACTOR] CONVERT 2 3
[SOLUTION → INTERACTOR] CONVERT 2 3
[SOLUTION → INTERACTOR] UPGRADE_DC 12
[INTERACTOR → SOLUTION] 85
[INTERACTOR → SOLUTION] 2 9 25 26 14 17 27 28
[INTERACTOR → SOLUTION] 3 10 38 39 29 26 25 40
[INTERACTOR → SOLUTION] 1 8 47 48 41 39 38 49
[INTERACTOR → SOLUTION] 3 5 14 15 0 5 16 17
[INTERACTOR → SOLUTION] 0 6 29 30 18 15 14 26
[INTERACTOR → SOLUTION] 4 8 41 42 31 30 29 39
[INTERACTOR → SOLUTION] 0 11 50 51 43 42 41 48
[INTERACTOR → SOLUTION] 1 6 0 1 2 3 4 5
[INTERACTOR → SOLUTION] 0 3 18 19 6 1 0 15
[INTERACTOR → SOLUTION] 4 4 31 32 20 19 18 30
[INTERACTOR → SOLUTION] 3 9 43 44 33 32 31 42
[INTERACTOR → SOLUTION] 1 3 52 53 45 44 43 51
[INTERACTOR → SOLUTION] 2 4 6 7 8 9 2 1
[INTERACTOR → SOLUTION] 2 5 20 21 10 7 6 19
[INTERACTOR → SOLUTION] 5 0 33 34 22 21 20 32
[INTERACTOR → SOLUTION] 2 2 45 46 35 34 33 44
[INTERACTOR → SOLUTION] 3 10 10 11 12 13 8 7
[INTERACTOR → SOLUTION] 0 11 22 23 24 11 10 21
[INTERACTOR → SOLUTION] 4 12 35 36 37 23 22 34
[INTERACTOR → SOLUTION] C0 2 45 46
[INTERACTOR → SOLUTION] C1 2 36 37
[INTERACTOR → SOLUTION] C2 2 47 48
[INTERACTOR → SOLUTION] C3 2 12 13
[INTERACTOR → SOLUTION] C4 2 8 9
[INTERACTOR → SOLUTION] C31 8 50 51 25 28 11 24 2 3
[SOLUTION → INTERACTOR] START
[SOLUTION → INTERACTOR] BUILD_DC 0
[SOLUTION → INTERACTOR] BUILD_DC 14
[SOLUTION → INTERACTOR] BUILD_CABLE 0 15
[SOLUTION → INTERACTOR] BUILD_CABLE 14 26
[INTERACTOR → SOLUTION] 5
[INTERACTOR → SOLUTION] 0 0 0 2 0
[SOLUTION → INTERACTOR] 0
[INTERACTOR → SOLUTION] 6
[INTERACTOR → SOLUTION] 1 1 0 2 0
[SOLUTION → INTERACTOR] 1
[SOLUTION → INTERACTOR] BUILD_CABLE 26 25
[INTERACTOR → SOLUTION] 6
[INTERACTOR → SOLUTION] 1 1 0 2 0
[SOLUTION → INTERACTOR] 1
[SOLUTION → INTERACTOR] BUILD_CABLE 25 28
[INTERACTOR → SOLUTION] 8
[INTERACTOR → SOLUTION] 0 0 0 2 0
[SOLUTION → INTERACTOR] 0
[INTERACTOR → SOLUTION] 8
[INTERACTOR → SOLUTION] 0 0 0 2 0
[SOLUTION → INTERACTOR] 0
[INTERACTOR → SOLUTION] 8
[INTERACTOR → SOLUTION] 0 0 0 2 0
[SOLUTION → INTERACTOR] 0
[INTERACTOR → SOLUTION] 8
[INTERACTOR → SOLUTION] 0 0 0 2 0
[SOLUTION → INTERACTOR] 0
[INTERACTOR → SOLUTION] 11
[INTERACTOR → SOLUTION] 0 0 0 2 0
[SOLUTION → INTERACTOR] 0
[INTERACTOR → SOLUTION] 7
[INTERACTOR → SOLUTION] 0 0 0 2 0
[SOLUTION → INTERACTOR] 0
[INTERACTOR → SOLUTION] 12
[INTERACTOR → SOLUTION] 0 0 0 2 0
[SOLUTION → INTERACTOR] 0
[INTERACTOR → SOLUTION] 7
[INTERACTOR → SOLUTION] 0 0 0 2 0
[SOLUTION → INTERACTOR] 0
[INTERACTOR → SOLUTION] 8
[INTERACTOR → SOLUTION] 0 0 0 2 0
[SOLUTION → INTERACTOR] 0
[INTERACTOR → SOLUTION] 5
[INTERACTOR → SOLUTION] 0 0 0 4 0
[SOLUTION → INTERACTOR] 0
[INTERACTOR → SOLUTION] 4
[INTERACTOR → SOLUTION] 0 0 0 4 0
[SOLUTION → INTERACTOR] 0
[INTERACTOR → SOLUTION] 5
[INTERACTOR → SOLUTION] 0 0 0 6 0
[SOLUTION → INTERACTOR] 0
[INTERACTOR → SOLUTION] 8
[INTERACTOR → SOLUTION] 0 0 0 6 0
[SOLUTION → INTERACTOR] 0
[INTERACTOR → SOLUTION] 5
[INTERACTOR → SOLUTION] 0 0 0 8 0
[SOLUTION → INTERACTOR] 0
[INTERACTOR → SOLUTION] 8
[INTERACTOR → SOLUTION] 0 0 0 8 0
[SOLUTION → INTERACTOR] 0
[INTERACTOR → SOLUTION] 7
[INTERACTOR → SOLUTION] 0 0 0 8 0
[SOLUTION → INTERACTOR] 0
[INTERACTOR → SOLUTION] 5
[INTERACTOR → SOLUTION] 0 0 0 10 0
[SOLUTION → INTERACTOR] 0
[INTERACTOR → SOLUTION] 7
[INTERACTOR → SOLUTION] 0 0 0 10 0
[SOLUTION → INTERACTOR] 0
[INTERACTOR → SOLUTION] 11
[INTERACTOR → SOLUTION] 0 0 0 10 0
[SOLUTION → INTERACTOR] 0
[INTERACTOR → SOLUTION] 6
[INTERACTOR → SOLUTION] 1 1 0 10 0
[SOLUTION → INTERACTOR] 1
[SOLUTION → INTERACTOR] BUILD_CABLE 26 29
[INTERACTOR → SOLUTION] 5
[INTERACTOR → SOLUTION] 0 0 0 12 0
[SOLUTION → INTERACTOR] 0
[INTERACTOR → SOLUTION] 3
[INTERACTOR → SOLUTION] 1 0 0 12 0
[SOLUTION → INTERACTOR] 0
[INTERACTOR → SOLUTION] 2
[INTERACTOR → SOLUTION] 1 0 0 12 0
[SOLUTION → INTERACTOR] 0
[INTERACTOR → SOLUTION] 10
[INTERACTOR → SOLUTION] 1 0 0 12 0
[SOLUTION → INTERACTOR] 0
[INTERACTOR → SOLUTION] 6
[INTERACTOR → SOLUTION] 2 1 0 12 0
[SOLUTION → INTERACTOR] 1
[SOLUTION → INTERACTOR] BUILD_CABLE 29 30
[INTERACTOR → SOLUTION] 5
[INTERACTOR → SOLUTION] 1 0 0 14 0
[SOLUTION → INTERACTOR] 0
[INTERACTOR → SOLUTION] 10
[INTERACTOR → SOLUTION] 1 0 0 14 0
[SOLUTION → INTERACTOR] 0
[INTERACTOR → SOLUTION] 5
[INTERACTOR → SOLUTION] 1 0 0 16 0
[SOLUTION → INTERACTOR] 0
[INTERACTOR → SOLUTION] 12
[INTERACTOR → SOLUTION] 1 0 0 16 0
[SOLUTION → INTERACTOR] 0
[INTERACTOR → SOLUTION] 8
[INTERACTOR → SOLUTION] 1 0 0 16 0
[SOLUTION → INTERACTOR] 0
[INTERACTOR → SOLUTION] 6
[INTERACTOR → SOLUTION] 2 1 0 16 0
[SOLUTION → INTERACTOR] 1
[SOLUTION → INTERACTOR] BUILD_CABLE 29 39
[INTERACTOR → SOLUTION] 7
[INTERACTOR → SOLUTION] 1 0 0 16 0
[SOLUTION → INTERACTOR] 0
[INTERACTOR → SOLUTION] 5
[INTERACTOR → SOLUTION] 1 0 0 18 0
[SOLUTION → INTERACTOR] 0
[INTERACTOR → SOLUTION] 5
[INTERACTOR → SOLUTION] 1 0 0 20 0
[SOLUTION → INTERACTOR] 0
[INTERACTOR → SOLUTION] 7
[INTERACTOR → SOLUTION] 1 0 0 20 0
[SOLUTION → INTERACTOR] 0
[INTERACTOR → SOLUTION] 5
[INTERACTOR → SOLUTION] 1 0 0 22 0
[SOLUTION → INTERACTOR] 0
[INTERACTOR → SOLUTION] 12
[INTERACTOR → SOLUTION] 1 0 0 22 0
[SOLUTION → INTERACTOR] 0
[INTERACTOR → SOLUTION] 5
[INTERACTOR → SOLUTION] 1 0 0 24 0
[SOLUTION → INTERACTOR] 0
[INTERACTOR → SOLUTION] 7
[INTERACTOR → SOLUTION] 1 0 0 24 0
[SOLUTION → INTERACTOR] 0
[INTERACTOR → SOLUTION] 7
[INTERACTOR → SOLUTION] 1 0 0 24 0
[SOLUTION → INTERACTOR] 0
[INTERACTOR → SOLUTION] 4
[INTERACTOR → SOLUTION] 1 0 0 24 0
[SOLUTION → INTERACTOR] 0
[INTERACTOR → SOLUTION] 5
[INTERACTOR → SOLUTION] 1 0 0 26 0
[SOLUTION → INTERACTOR] 0
[INTERACTOR → SOLUTION] 6
[INTERACTOR → SOLUTION] 2 1 0 26 0
[SOLUTION → INTERACTOR] 1
[SOLUTION → INTERACTOR] BUILD_CABLE 30 31
[INTERACTOR → SOLUTION] 6
[INTERACTOR → SOLUTION] 2 1 0 26 0
[SOLUTION → INTERACTOR] 1
[SOLUTION → INTERACTOR] BUILD_CABLE 39 41
[INTERACTOR → SOLUTION] 7
[INTERACTOR → SOLUTION] 1 0 0 26 0
[SOLUTION → INTERACTOR] 0
[INTERACTOR → SOLUTION] 5
[INTERACTOR → SOLUTION] 1 0 0 28 0
[SOLUTION → INTERACTOR] 0
[INTERACTOR → SOLUTION] 8
[INTERACTOR → SOLUTION] 1 0 0 28 0
[SOLUTION → INTERACTOR] 0
[INTERACTOR → SOLUTION] 5
[INTERACTOR → SOLUTION] 1 0 0 30 0
[SOLUTION → INTERACTOR] 0
[INTERACTOR → SOLUTION] 12
[INTERACTOR → SOLUTION] 1 0 0 30 0
[SOLUTION → INTERACTOR] 0
[INTERACTOR → SOLUTION] 3
[INTERACTOR → SOLUTION] 2 0 0 30 0
[SOLUTION → INTERACTOR] 0
[INTERACTOR → SOLUTION] 6
[INTERACTOR → SOLUTION] 3 1 0 30 0
[SOLUTION → INTERACTOR] 1
[SOLUTION → INTERACTOR] BUILD_CABLE 31 42
[INTERACTOR → SOLUTION] 5
[INTERACTOR → SOLUTION] 2 0 0 32 0
[SOLUTION → INTERACTOR] 0
[INTERACTOR → SOLUTION] 5
[INTERACTOR → SOLUTION] 2 0 0 34 0
[SOLUTION → INTERACTOR] 0
[INTERACTOR → SOLUTION] 8
[INTERACTOR → SOLUTION] 2 0 0 34 0
[SOLUTION → INTERACTOR] 0
[INTERACTOR → SOLUTION] 5
[INTERACTOR → SOLUTION] 2 0 0 36 0
[SOLUTION → INTERACTOR] 0
[INTERACTOR → SOLUTION] 6
[INTERACTOR → SOLUTION] 3 1 0 36 0
[SOLUTION → INTERACTOR] 1
[SOLUTION → INTERACTOR] BUILD_CABLE 15 18
[INTERACTOR → SOLUTION] 5
[INTERACTOR → SOLUTION] 2 0 0 38 0
[SOLUTION → INTERACTOR] 0
[INTERACTOR → SOLUTION] 8
[INTERACTOR → SOLUTION] 2 0 0 38 0
[SOLUTION → INTERACTOR] 0
[INTERACTOR → SOLUTION] 5
[INTERACTOR → SOLUTION] 2 0 0 40 0
[SOLUTION → INTERACTOR] 0
[INTERACTOR → SOLUTION] 9
[INTERACTOR → SOLUTION] 2 0 1 40 0
[SOLUTION → INTERACTOR] 0
[INTERACTOR → SOLUTION] 8
[INTERACTOR → SOLUTION] 2 0 1 40 0
[SOLUTION → INTERACTOR] 0
[INTERACTOR → SOLUTION] 7
[INTERACTOR → SOLUTION] 2 0 1 40 0
[SOLUTION → INTERACTOR] 0
[INTERACTOR → SOLUTION] 9
[INTERACTOR → SOLUTION] 2 0 2 40 0
[SOLUTION → INTERACTOR] 0
[INTERACTOR → SOLUTION] 9
[INTERACTOR → SOLUTION] 2 0 3 40 0
[SOLUTION → INTERACTOR] 0
[INTERACTOR → SOLUTION] 8
[INTERACTOR → SOLUTION] 2 0 3 40 0
[SOLUTION → INTERACTOR] 0
[INTERACTOR → SOLUTION] 9
[INTERACTOR → SOLUTION] 2 0 4 40 0
[SOLUTION → INTERACTOR] 0
[INTERACTOR → SOLUTION] 8
[INTERACTOR → SOLUTION] 2 0 4 40 0
[SOLUTION → INTERACTOR] 0
[INTERACTOR → SOLUTION] 6
[INTERACTOR → SOLUTION] 3 1 4 40 0
[SOLUTION → INTERACTOR] 1
[SOLUTION → INTERACTOR] BUILD_DC 29
[INTERACTOR → SOLUTION] 2
[INTERACTOR → SOLUTION] 2 0 3 39 0
[SOLUTION → INTERACTOR] 0
[INTERACTOR → SOLUTION] 8
[INTERACTOR → SOLUTION] 2 0 3 39 1
[SOLUTION → INTERACTOR] 0
[INTERACTOR → SOLUTION] 9
[INTERACTOR → SOLUTION] 2 0 4 39 1
[SOLUTION → INTERACTOR] 0
[INTERACTOR → SOLUTION] 8
[INTERACTOR → SOLUTION] 2 0 4 39 2
[SOLUTION → INTERACTOR] 0
[INTERACTOR → SOLUTION] 12
[INTERACTOR → SOLUTION] 2 0 4 39 2
[SOLUTION → INTERACTOR] 0
[INTERACTOR → SOLUTION] 7
[INTERACTOR → SOLUTION] 2 0 4 39 2
[SOLUTION → INTERACTOR] 0
[INTERACTOR → SOLUTION] 7
[INTERACTOR → SOLUTION] 2 0 4 39 2
[SOLUTION → INTERACTOR] 0
[INTERACTOR → SOLUTION] 7
[INTERACTOR → SOLUTION] 2 0 4 39 2
[SOLUTION → INTERACTOR] 0
[INTERACTOR → SOLUTION] 6
[INTERACTOR → SOLUTION] 4 1 4 39 2
[SOLUTION → INTERACTOR] 1
[SOLUTION → INTERACTOR] BUILD_DC 31
[INTERACTOR → SOLUTION] 7
[INTERACTOR → SOLUTION] 3 0 3 38 2
[SOLUTION → INTERACTOR] 0
[INTERACTOR → SOLUTION] 6
[INTERACTOR → SOLUTION] 5 1 3 38 2
[SOLUTION → INTERACTOR] 1
[SOLUTION → INTERACTOR] BUILD_DC 41
[INTERACTOR → SOLUTION] 8
[INTERACTOR → SOLUTION] 4 1 2 37 5
[SOLUTION → INTERACTOR] 2
[SOLUTION → INTERACTOR] BUILD_DC 18
[SOLUTION → INTERACTOR] UPGRADE_DC 14
[INTERACTOR → SOLUTION] 9
[INTERACTOR → SOLUTION] 3 0 3 35 2
[SOLUTION → INTERACTOR] 0
[INTERACTOR → SOLUTION] 8
[INTERACTOR → SOLUTION] 3 1 3 35 5
[SOLUTION → INTERACTOR] 2
[SOLUTION → INTERACTOR] BUILD_DC 25
[SOLUTION → INTERACTOR] UPGRADE_DC 29
[INTERACTOR → SOLUTION] 87
[INTERACTOR → SOLUTION] 5 0 25 26 14 17 27 28
[INTERACTOR → SOLUTION] 1 5 38 39 29 26 25 40
[INTERACTOR → SOLUTION] 3 5 47 48 41 39 38 49
[INTERACTOR → SOLUTION] 3 8 14 15 0 5 16 17
[INTERACTOR → SOLUTION] 0 3 29 30 18 15 14 26
[INTERACTOR → SOLUTION] 0 10 41 42 31 30 29 39
[INTERACTOR → SOLUTION] 2 9 50 51 43 42 41 48
[INTERACTOR → SOLUTION] 0 8 0 1 2 3 4 5
[INTERACTOR → SOLUTION] 2 11 18 19 6 1 0 15
[INTERACTOR → SOLUTION] 0 4 31 32 20 19 18 30
[INTERACTOR → SOLUTION] 4 3 43 44 33 32 31 42
[INTERACTOR → SOLUTION] 1 2 52 53 45 44 43 51
[INTERACTOR → SOLUTION] 2 6 6 7 8 9 2 1
[INTERACTOR → SOLUTION] 4 11 20 21 10 7 6 19
[INTERACTOR → SOLUTION] 3 6 33 34 22 21 20 32
[INTERACTOR → SOLUTION] 3 10 45 46 35 34 33 44
[INTERACTOR → SOLUTION] 1 4 10 11 12 13 8 7
[INTERACTOR → SOLUTION] 4 9 22 23 24 11 10 21
[INTERACTOR → SOLUTION] 2 12 35 36 37 23 22 34
[INTERACTOR → SOLUTION] C0 2 25 28
[INTERACTOR → SOLUTION] C1 2 8 9
[INTERACTOR → SOLUTION] C2 2 12 13
[INTERACTOR → SOLUTION] C3 2 51 52
[INTERACTOR → SOLUTION] C4 2 36 37
[INTERACTOR → SOLUTION] C31 8 17 27 5 16 2 3 45 46
[SOLUTION → INTERACTOR] START
[SOLUTION → INTERACTOR] BUILD_DC 1
[SOLUTION → INTERACTOR] BUILD_DC 39
[SOLUTION → INTERACTOR] BUILD_CABLE 1 0
[SOLUTION → INTERACTOR] BUILD_CABLE 39 41
[INTERACTOR → SOLUTION] 9
[INTERACTOR → SOLUTION] 0 0 0 0 0
[SOLUTION → INTERACTOR] 0
[INTERACTOR → SOLUTION] 7
[INTERACTOR → SOLUTION] 0 0 0 0 0
[SOLUTION → INTERACTOR] 0
[INTERACTOR → SOLUTION] 7
[INTERACTOR → SOLUTION] 0 0 0 0 0
[SOLUTION → INTERACTOR] 0
[INTERACTOR → SOLUTION] 6
[INTERACTOR → SOLUTION] 0 0 1 0 0
[SOLUTION → INTERACTOR] 0
[INTERACTOR → SOLUTION] 2
[INTERACTOR → SOLUTION] 0 0 1 0 0
[SOLUTION → INTERACTOR] 0
[INTERACTOR → SOLUTION] 4
[INTERACTOR → SOLUTION] 0 0 1 0 0
[SOLUTION → INTERACTOR] 0
[INTERACTOR → SOLUTION] 9
[INTERACTOR → SOLUTION] 0 0 1 0 0
[SOLUTION → INTERACTOR] 0
[INTERACTOR → SOLUTION] 10
[INTERACTOR → SOLUTION] 1 0 1 0 0
[SOLUTION → INTERACTOR] 0
[INTERACTOR → SOLUTION] 9
[INTERACTOR → SOLUTION] 1 0 1 0 0
[SOLUTION → INTERACTOR] 0
[INTERACTOR → SOLUTION] 4
[INTERACTOR → SOLUTION] 1 0 1 0 0
[SOLUTION → INTERACTOR] 0
[INTERACTOR → SOLUTION] 3
[INTERACTOR → SOLUTION] 1 0 1 0 0
[SOLUTION → INTERACTOR] 0
[INTERACTOR → SOLUTION] 4
[INTERACTOR → SOLUTION] 1 0 1 0 0
[SOLUTION → INTERACTOR] 0
[INTERACTOR → SOLUTION] 4
[INTERACTOR → SOLUTION] 1 0 1 0 0
[SOLUTION → INTERACTOR] 0
[INTERACTOR → SOLUTION] 8
[INTERACTOR → SOLUTION] 2 0 1 0 0
[SOLUTION → INTERACTOR] 0
[INTERACTOR → SOLUTION] 4
[INTERACTOR → SOLUTION] 2 0 1 0 0
[SOLUTION → INTERACTOR] 0
[INTERACTOR → SOLUTION] 9
[INTERACTOR → SOLUTION] 2 0 1 0 0
[SOLUTION → INTERACTOR] 0
[INTERACTOR → SOLUTION] 8
[INTERACTOR → SOLUTION] 3 0 1 0 0
[SOLUTION → INTERACTOR] 0
[INTERACTOR → SOLUTION] 8
[INTERACTOR → SOLUTION] 4 0 1 0 0
[SOLUTION → INTERACTOR] 0
[INTERACTOR → SOLUTION] 6
[INTERACTOR → SOLUTION] 4 0 2 0 0
[SOLUTION → INTERACTOR] 0
[INTERACTOR → SOLUTION] 10
[INTERACTOR → SOLUTION] 5 0 2 0 0
[SOLUTION → INTERACTOR] 0
[INTERACTOR → SOLUTION] 6
[INTERACTOR → SOLUTION] 5 0 3 0 0
[SOLUTION → INTERACTOR] 0
[INTERACTOR → SOLUTION] 9
[INTERACTOR → SOLUTION] 5 0 3 0 0
[SOLUTION → INTERACTOR] 0
[INTERACTOR → SOLUTION] 4
[INTERACTOR → SOLUTION] 5 0 3 0 0
[SOLUTION → INTERACTOR] 0
[INTERACTOR → SOLUTION] 3
[INTERACTOR → SOLUTION] 5 0 3 0 0
[SOLUTION → INTERACTOR] 0
[INTERACTOR → SOLUTION] 7
[INTERACTOR → SOLUTION] 5 0 3 0 0
[SOLUTION → INTERACTOR] 0
[INTERACTOR → SOLUTION] 10
[INTERACTOR → SOLUTION] 6 0 3 0 0
[SOLUTION → INTERACTOR] 0
[INTERACTOR → SOLUTION] 4
[INTERACTOR → SOLUTION] 6 0 3 0 0
[SOLUTION → INTERACTOR] 0
[INTERACTOR → SOLUTION] 10
[INTERACTOR → SOLUTION] 7 0 3 0 0
[SOLUTION → INTERACTOR] 2
[SOLUTION → INTERACTOR] CONVERT 0 1
[SOLUTION → INTERACTOR] BUILD_CABLE 0 5
[INTERACTOR → SOLUTION] 5
[INTERACTOR → SOLUTION] 2 1 3 1 0
[SOLUTION → INTERACTOR] 1
[SOLUTION → INTERACTOR] BUILD_DC 5
[INTERACTOR → SOLUTION] 7
[INTERACTOR → SOLUTION] 1 0 2 0 0
[SOLUTION → INTERACTOR] 0
[INTERACTOR → SOLUTION] 5
[INTERACTOR → SOLUTION] 1 1 2 1 0
[SOLUTION → INTERACTOR] 1
[SOLUTION → INTERACTOR] BUILD_CABLE 0 15
[INTERACTOR → SOLUTION] 5
[INTERACTOR → SOLUTION] 0 1 2 2 0
[SOLUTION → INTERACTOR] 0
[INTERACTOR → SOLUTION] 6
[INTERACTOR → SOLUTION] 0 1 3 2 0
[SOLUTION → INTERACTOR] 0
[INTERACTOR → SOLUTION] 9
[INTERACTOR → SOLUTION] 0 1 3 2 0
[SOLUTION → INTERACTOR] 0
[INTERACTOR → SOLUTION] 7
[INTERACTOR → SOLUTION] 0 1 3 2 0
[SOLUTION → INTERACTOR] 0
[INTERACTOR → SOLUTION] 4
[INTERACTOR → SOLUTION] 0 1 3 2 0
[SOLUTION → INTERACTOR] 0
[INTERACTOR → SOLUTION] 11
[INTERACTOR → SOLUTION] 0 1 4 2 0
[SOLUTION → INTERACTOR] 0
[INTERACTOR → SOLUTION] 6
[INTERACTOR → SOLUTION] 0 1 5 2 0
[SOLUTION → INTERACTOR] 0
[INTERACTOR → SOLUTION] 6
[INTERACTOR → SOLUTION] 0 1 6 2 0
[SOLUTION → INTERACTOR] 2
[SOLUTION → INTERACTOR] CONVERT 2 0
[SOLUTION → INTERACTOR] BUILD_DC 15
[INTERACTOR → SOLUTION] 3
[INTERACTOR → SOLUTION] 1 0 2 1 0
[SOLUTION → INTERACTOR] 0
[INTERACTOR → SOLUTION] 4
[INTERACTOR → SOLUTION] 1 0 2 1 0
[SOLUTION → INTERACTOR] 0
[INTERACTOR → SOLUTION] 6
[INTERACTOR → SOLUTION] 1 0 3 1 0
[SOLUTION → INTERACTOR] 0
[INTERACTOR → SOLUTION] 9
[INTERACTOR → SOLUTION] 1 0 3 1 0
[SOLUTION → INTERACTOR] 0
[INTERACTOR → SOLUTION] 4
[INTERACTOR → SOLUTION] 1 0 3 1 0
[SOLUTION → INTERACTOR] 0
[INTERACTOR → SOLUTION] 4
[INTERACTOR → SOLUTION] 1 0 3 1 0
[SOLUTION → INTERACTOR] 0
[INTERACTOR → SOLUTION] 6
[INTERACTOR → SOLUTION] 1 0 4 1 0
[SOLUTION → INTERACTOR] 0
[INTERACTOR → SOLUTION] 4
[INTERACTOR → SOLUTION] 1 0 4 1 0
[SOLUTION → INTERACTOR] 0
[INTERACTOR → SOLUTION] 5
[INTERACTOR → SOLUTION] 1 1 4 2 0
[SOLUTION → INTERACTOR] 1
[SOLUTION → INTERACTOR] BUILD_CABLE 41 42
[INTERACTOR → SOLUTION] 5
[INTERACTOR → SOLUTION] 0 1 4 3 0
[SOLUTION → INTERACTOR] 0
[INTERACTOR → SOLUTION] 8
[INTERACTOR → SOLUTION] 2 1 4 5 0
[SOLUTION → INTERACTOR] 1
[SOLUTION → INTERACTOR] BUILD_DC 42
[INTERACTOR → SOLUTION] 7
[INTERACTOR → SOLUTION] 1 0 3 4 0
[SOLUTION → INTERACTOR] 0
[INTERACTOR → SOLUTION] 5
[INTERACTOR → SOLUTION] 1 1 3 5 0
[SOLUTION → INTERACTOR] 1
[SOLUTION → INTERACTOR] BUILD_CABLE 41 48
[INTERACTOR → SOLUTION] 2
[INTERACTOR → SOLUTION] 0 0 3 5 0
[SOLUTION → INTERACTOR] 0
[INTERACTOR → SOLUTION] 10
[INTERACTOR → SOLUTION] 2 0 3 5 0
[SOLUTION → INTERACTOR] 0
[INTERACTOR → SOLUTION] 3
[INTERACTOR → SOLUTION] 3 0 3 5 1
[SOLUTION → INTERACTOR] 0
[INTERACTOR → SOLUTION] 7
[INTERACTOR → SOLUTION] 3 0 3 5 1
[SOLUTION → INTERACTOR] 0
[INTERACTOR → SOLUTION] 8
[INTERACTOR → SOLUTION] 5 0 3 7 1
[SOLUTION → INTERACTOR] 0
[INTERACTOR → SOLUTION] 7
[INTERACTOR → SOLUTION] 5 0 3 7 1
[SOLUTION → INTERACTOR] 0
[INTERACTOR → SOLUTION] 8
[INTERACTOR → SOLUTION] 7 0 3 9 1
[SOLUTION → INTERACTOR] 2
[SOLUTION → INTERACTOR] CONVERT 0 1
[SOLUTION → INTERACTOR] BUILD_DC 48
[INTERACTOR → SOLUTION] 6
[INTERACTOR → SOLUTION] 3 0 3 8 1
[SOLUTION → INTERACTOR] 0
[INTERACTOR → SOLUTION] 10
[INTERACTOR → SOLUTION] 5 0 3 8 1
[SOLUTION → INTERACTOR] 0
[INTERACTOR → SOLUTION] 9
[INTERACTOR → SOLUTION] 5 0 5 8 1
[SOLUTION → INTERACTOR] 0
[INTERACTOR → SOLUTION] 5
[INTERACTOR → SOLUTION] 5 1 5 10 1
[SOLUTION → INTERACTOR] 1
[SOLUTION → INTERACTOR] BUILD_CABLE 1 2
[INTERACTOR → SOLUTION] 9
[INTERACTOR → SOLUTION] 4 0 7 10 1
[SOLUTION → INTERACTOR] 2
[SOLUTION → INTERACTOR] CONVERT 2 1
[SOLUTION → INTERACTOR] BUILD_CABLE 2 3
[INTERACTOR → SOLUTION] 11
[INTERACTOR → SOLUTION] 3 0 6 10 1
[SOLUTION → INTERACTOR] 2
[SOLUTION → INTERACTOR] CONVERT 2 1
[SOLUTION → INTERACTOR] BUILD_DC 3
[INTERACTOR → SOLUTION] 6
[INTERACTOR → SOLUTION] 2 0 3 9 1
[SOLUTION → INTERACTOR] 0
[INTERACTOR → SOLUTION] 5
[INTERACTOR → SOLUTION] 2 1 3 11 1
[SOLUTION → INTERACTOR] 1
[SOLUTION → INTERACTOR] BUILD_CABLE 5 16
[INTERACTOR → SOLUTION] 6
[INTERACTOR → SOLUTION] 1 0 4 11 1
[SOLUTION → INTERACTOR] 0
[INTERACTOR → SOLUTION] 7
[INTERACTOR → SOLUTION] 1 0 4 11 1
[SOLUTION → INTERACTOR] 0
[INTERACTOR → SOLUTION] 3
[INTERACTOR → SOLUTION] 2 0 4 11 2
[SOLUTION → INTERACTOR] 0
[INTERACTOR → SOLUTION] 9
[INTERACTOR → SOLUTION] 2 0 6 11 2
[SOLUTION → INTERACTOR] 2
[SOLUTION → INTERACTOR] CONVERT 2 1
[SOLUTION → INTERACTOR] BUILD_CABLE 16 17
[INTERACTOR → SOLUTION] 7
[INTERACTOR → SOLUTION] 1 0 3 11 2
[SOLUTION → INTERACTOR] 0
[INTERACTOR → SOLUTION] 8
[INTERACTOR → SOLUTION] 4 0 3 13 2
[SOLUTION → INTERACTOR] 0
[INTERACTOR → SOLUTION] 8
[INTERACTOR → SOLUTION] 7 0 3 15 2
[SOLUTION → INTERACTOR] 2
[SOLUTION → INTERACTOR] CONVERT 0 1
[SOLUTION → INTERACTOR] BUILD_DC 17
[INTERACTOR → SOLUTION] 6
[INTERACTOR → SOLUTION] 3 0 3 14 2
[SOLUTION → INTERACTOR] 0
[INTERACTOR → SOLUTION] 9
[INTERACTOR → SOLUTION] 3 0 5 14 2
[SOLUTION → INTERACTOR] 0
[INTERACTOR → SOLUTION] 4
[INTERACTOR → SOLUTION] 3 0 5 14 2
[SOLUTION → INTERACTOR] 0
[INTERACTOR → SOLUTION] 6
[INTERACTOR → SOLUTION] 3 0 6 14 2
[SOLUTION → INTERACTOR] 1
[SOLUTION → INTERACTOR] CONVERT 2 1
[INTERACTOR → SOLUTION] 8
[INTERACTOR → SOLUTION] 6 1 3 17 2
[SOLUTION → INTERACTOR] 0
[INTERACTOR → SOLUTION] 7
[INTERACTOR → SOLUTION] 6 1 3 17 2
[SOLUTION → INTERACTOR] 0
[INTERACTOR → SOLUTION] 9
[INTERACTOR → SOLUTION] 6 1 5 17 2
[SOLUTION → INTERACTOR] 0
[INTERACTOR → SOLUTION] 4
[INTERACTOR → SOLUTION] 6 1 5 17 2
[SOLUTION → INTERACTOR] 0
[INTERACTOR → SOLUTION] 9
[INTERACTOR → SOLUTION] 6 1 7 17 2
[SOLUTION → INTERACTOR] 0
[INTERACTOR → SOLUTION] 6
[INTERACTOR → SOLUTION] 6 1 8 17 2
[SOLUTION → INTERACTOR] 0
[INTERACTOR → SOLUTION] 7
[INTERACTOR → SOLUTION] 6 1 8 17 2
[SOLUTION → INTERACTOR] 0
[INTERACTOR → SOLUTION] 3
[INTERACTOR → SOLUTION] 7 1 8 17 3
[SOLUTION → INTERACTOR] 1
[SOLUTION → INTERACTOR] UPGRADE_DC 1
[INTERACTOR → SOLUTION] 11
[INTERACTOR → SOLUTION] 7 1 11 15 0
[SOLUTION → INTERACTOR] 0
[INTERACTOR → SOLUTION] 90
[INTERACTOR → SOLUTION] 1 6 25 26 14 17 27 28
[INTERACTOR → SOLUTION] 0 10 38 39 29 26 25 40
[INTERACTOR → SOLUTION] 2 3 47 48 41 39 38 49
[INTERACTOR → SOLUTION] 4 3 14 15 0 5 16 17
[INTERACTOR → SOLUTION] 1 5 29 30 18 15 14 26
[INTERACTOR → SOLUTION] 2 8 41 42 31 30 29 39
[INTERACTOR → SOLUTION] 4 11 50 51 43 42 41 48
[INTERACTOR → SOLUTION] 3 11 0 1 2 3 4 5
[INTERACTOR → SOLUTION] 0 2 18 19 6 1 0 15
[INTERACTOR → SOLUTION] 1 10 31 32 20 19 18 30
[INTERACTOR → SOLUTION] 5 0 43 44 33 32 31 42
[INTERACTOR → SOLUTION] 0 4 52 53 45 44 43 51
[INTERACTOR → SOLUTION] 2 5 6 7 8 9 2 1
[INTERACTOR → SOLUTION] 0 12 20 21 10 7 6 19
[INTERACTOR → SOLUTION] 3 9 33 34 22 21 20 32
[INTERACTOR → SOLUTION] 3 8 45 46 35 34 33 44
[INTERACTOR → SOLUTION] 3 4 10 11 12 13 8 7
[INTERACTOR → SOLUTION] 2 9 22 23 24 11 10 21
[INTERACTOR → SOLUTION] 4 6 35 36 37 23 22 34
[INTERACTOR → SOLUTION] C0 2 47 49
[INTERACTOR → SOLUTION] C1 2 45 46
[INTERACTOR → SOLUTION] C2 2 35 36
[INTERACTOR → SOLUTION] C3 2 23 24
[INTERACTOR → SOLUTION] C4 2 51 52
[INTERACTOR → SOLUTION] C31 8 12 13 38 40 48 50 5 16
[SOLUTION → INTERACTOR] START
[SOLUTION → INTERACTOR] BUILD_DC 21
[SOLUTION → INTERACTOR] BUILD_DC 26
[SOLUTION → INTERACTOR] BUILD_CABLE 21 22
[SOLUTION → INTERACTOR] BUILD_CABLE 26 29
[INTERACTOR → SOLUTION] 9
[INTERACTOR → SOLUTION] 0 0 1 1 0
[SOLUTION → INTERACTOR] 0
[INTERACTOR → SOLUTION] 9
[INTERACTOR → SOLUTION] 0 0 2 2 0
[SOLUTION → INTERACTOR] 0
[INTERACTOR → SOLUTION] 7
[INTERACTOR → SOLUTION] 0 0 2 2 0
[SOLUTION → INTERACTOR] 0
[INTERACTOR → SOLUTION] 7
[INTERACTOR → SOLUTION] 0 0 2 2 0
[SOLUTION → INTERACTOR] 0
[INTERACTOR → SOLUTION] 8
[INTERACTOR → SOLUTION] 0 0 2 2 0
[SOLUTION → INTERACTOR] 0
[INTERACTOR → SOLUTION] 9
[INTERACTOR → SOLUTION] 0 0 3 3 0
[SOLUTION → INTERACTOR] 0
[INTERACTOR → SOLUTION] 8
[INTERACTOR → SOLUTION] 0 0 3 3 0
[SOLUTION → INTERACTOR] 0
[INTERACTOR → SOLUTION] 7
[INTERACTOR → SOLUTION] 0 0 3 3 0
[SOLUTION → INTERACTOR] 0
[INTERACTOR → SOLUTION] 6
[INTERACTOR → SOLUTION] 0 1 3 3 0
[SOLUTION → INTERACTOR] 0
[INTERACTOR → SOLUTION] 4
[INTERACTOR → SOLUTION] 0 1 3 3 0
[SOLUTION → INTERACTOR] 0
[INTERACTOR → SOLUTION] 5
[INTERACTOR → SOLUTION] 0 2 3 3 0
[SOLUTION → INTERACTOR] 0
[INTERACTOR → SOLUTION] 6
[INTERACTOR → SOLUTION] 0 3 3 3 0
[SOLUTION → INTERACTOR] 0
[INTERACTOR → SOLUTION] 8
[INTERACTOR → SOLUTION] 0 3 3 3 0
[SOLUTION → INTERACTOR] 0
[INTERACTOR → SOLUTION] 9
[INTERACTOR → SOLUTION] 0 3 4 4 0
[SOLUTION → INTERACTOR] 0
[INTERACTOR → SOLUTION] 8
[INTERACTOR → SOLUTION] 0 3 4 4 0
[SOLUTION → INTERACTOR] 0
[INTERACTOR → SOLUTION] 6
[INTERACTOR → SOLUTION] 0 4 4 4 0
[SOLUTION → INTERACTOR] 0
[INTERACTOR → SOLUTION] 8
[INTERACTOR → SOLUTION] 0 4 4 4 0
[SOLUTION → INTERACTOR] 0
[INTERACTOR → SOLUTION] 6
[INTERACTOR → SOLUTION] 0 5 4 4 0
[SOLUTION → INTERACTOR] 0
[INTERACTOR → SOLUTION] 11
[INTERACTOR → SOLUTION] 0 5 4 4 0
[SOLUTION → INTERACTOR] 0
[INTERACTOR → SOLUTION] 9
[INTERACTOR → SOLUTION] 0 5 5 5 0
[SOLUTION → INTERACTOR] 0
[INTERACTOR → SOLUTION] 11
[INTERACTOR → SOLUTION] 0 5 5 5 0
[SOLUTION → INTERACTOR] 0
[INTERACTOR → SOLUTION] 9
[INTERACTOR → SOLUTION] 0 5 6 6 0
[SOLUTION → INTERACTOR] 0
[INTERACTOR → SOLUTION] 9
[INTERACTOR → SOLUTION] 0 5 7 7 0
[SOLUTION → INTERACTOR] 2
[SOLUTION → INTERACTOR] CONVERT 2 0
[SOLUTION → INTERACTOR] BUILD_CABLE 22 34
[INTERACTOR → SOLUTION] 7
[INTERACTOR → SOLUTION] 0 4 3 7 0
[SOLUTION → INTERACTOR] 0
[INTERACTOR → SOLUTION] 7
[INTERACTOR → SOLUTION] 0 4 3 7 0
[SOLUTION → INTERACTOR] 0
[INTERACTOR → SOLUTION] 10
[INTERACTOR → SOLUTION] 1 4 3 7 0
[SOLUTION → INTERACTOR] 1
[SOLUTION → INTERACTOR] BUILD_DC 34
[INTERACTOR → SOLUTION] 9
[INTERACTOR → SOLUTION] 0 3 3 8 0
[SOLUTION → INTERACTOR] 0
[INTERACTOR → SOLUTION] 10
[INTERACTOR → SOLUTION] 1 3 3 8 0
[SOLUTION → INTERACTOR] 1
[SOLUTION → INTERACTOR] BUILD_CABLE 29 30
[INTERACTOR → SOLUTION] 2
[INTERACTOR → SOLUTION] 0 2 3 8 0
[SOLUTION → INTERACTOR] 0
[INTERACTOR → SOLUTION] 4
[INTERACTOR → SOLUTION] 0 2 3 8 0
[SOLUTION → INTERACTOR] 0
[INTERACTOR → SOLUTION] 10
[INTERACTOR → SOLUTION] 1 2 3 8 0
[SOLUTION → INTERACTOR] 1
[SOLUTION → INTERACTOR] BUILD_DC 30
[INTERACTOR → SOLUTION] 11
[INTERACTOR → SOLUTION] 0 1 2 7 0
[SOLUTION → INTERACTOR] 0
[INTERACTOR → SOLUTION] 7
[INTERACTOR → SOLUTION] 0 1 2 7 0
[SOLUTION → INTERACTOR] 0
[INTERACTOR → SOLUTION] 9
[INTERACTOR → SOLUTION] 0 1 3 9 0
[SOLUTION → INTERACTOR] 0
[INTERACTOR → SOLUTION] 6
[INTERACTOR → SOLUTION] 0 2 3 9 1
[SOLUTION → INTERACTOR] 0
[INTERACTOR → SOLUTION] 5
[INTERACTOR → SOLUTION] 0 4 3 9 1
[SOLUTION → INTERACTOR] 0
[INTERACTOR → SOLUTION] 6
[INTERACTOR → SOLUTION] 0 5 3 9 2
[SOLUTION → INTERACTOR] 0
[INTERACTOR → SOLUTION] 4
[INTERACTOR → SOLUTION] 0 5 3 9 2
[SOLUTION → INTERACTOR] 0
[INTERACTOR → SOLUTION] 4
[INTERACTOR → SOLUTION] 0 5 3 9 2
[SOLUTION → INTERACTOR] 0
[INTERACTOR → SOLUTION] 6
[INTERACTOR → SOLUTION] 0 6 3 9 3
[SOLUTION → INTERACTOR] 1
[SOLUTION → INTERACTOR] UPGRADE_DC 34
[INTERACTOR → SOLUTION] 3
[INTERACTOR → SOLUTION] 0 6 3 7 0
[SOLUTION → INTERACTOR] 0
[INTERACTOR → SOLUTION] 4
[INTERACTOR → SOLUTION] 0 6 3 7 0
[SOLUTION → INTERACTOR] 0
[INTERACTOR → SOLUTION] 7
[INTERACTOR → SOLUTION] 0 6 3 7 0
[SOLUTION → INTERACTOR] 0
[INTERACTOR → SOLUTION] 6
[INTERACTOR → SOLUTION] 0 7 3 7 2
[SOLUTION → INTERACTOR] 2
[SOLUTION → INTERACTOR] CONVERT 1 0
[SOLUTION → INTERACTOR] BUILD_CABLE 29 39
[INTERACTOR → SOLUTION] 8
[INTERACTOR → SOLUTION] 0 2 4 9 2
[SOLUTION → INTERACTOR] 0
[INTERACTOR → SOLUTION] 3
[INTERACTOR → SOLUTION] 0 2 4 9 2
[SOLUTION → INTERACTOR] 0
[INTERACTOR → SOLUTION] 5
[INTERACTOR → SOLUTION] 0 4 4 9 2
[SOLUTION → INTERACTOR] 0
[INTERACTOR → SOLUTION] 7
[INTERACTOR → SOLUTION] 0 4 4 9 2
[SOLUTION → INTERACTOR] 0
[INTERACTOR → SOLUTION] 10
[INTERACTOR → SOLUTION] 1 5 4 9 2
[SOLUTION → INTERACTOR] 1
[SOLUTION → INTERACTOR] BUILD_DC 39
[INTERACTOR → SOLUTION] 3
[INTERACTOR → SOLUTION] 0 4 4 8 2
[SOLUTION → INTERACTOR] 0
[INTERACTOR → SOLUTION] 6
[INTERACTOR → SOLUTION] 0 5 4 8 4
[SOLUTION → INTERACTOR] 1
[SOLUTION → INTERACTOR] UPGRADE_DC 26
[INTERACTOR → SOLUTION] 12
[INTERACTOR → SOLUTION] 1 5 4 6 1
[SOLUTION → INTERACTOR] 1
[SOLUTION → INTERACTOR] BUILD_CABLE 22 23
[INTERACTOR → SOLUTION] 9
[INTERACTOR → SOLUTION] 0 4 5 9 1
[SOLUTION → INTERACTOR] 0
[INTERACTOR → SOLUTION] 3
[INTERACTOR → SOLUTION] 0 4 6 9 1
[SOLUTION → INTERACTOR] 0
[INTERACTOR → SOLUTION] 6
[INTERACTOR → SOLUTION] 0 6 6 9 3
[SOLUTION → INTERACTOR] 1
[SOLUTION → INTERACTOR] UPGRADE_DC 30
[INTERACTOR → SOLUTION] 9
[INTERACTOR → SOLUTION] 0 6 7 10 0
[SOLUTION → INTERACTOR] 2
[SOLUTION → INTERACTOR] CONVERT 2 0
[SOLUTION → INTERACTOR] BUILD_DC 23
[INTERACTOR → SOLUTION] 4
[INTERACTOR → SOLUTION] 0 5 2 9 0
[SOLUTION → INTERACTOR] 0
[INTERACTOR → SOLUTION] 8
[INTERACTOR → SOLUTION] 0 5 5 11 0
[SOLUTION → INTERACTOR] 0
[INTERACTOR → SOLUTION] 11
[INTERACTOR → SOLUTION] 0 5 5 11 0
[SOLUTION → INTERACTOR] 0
[INTERACTOR → SOLUTION] 4
[INTERACTOR → SOLUTION] 0 5 5 11 0
[SOLUTION → INTERACTOR] 0
[INTERACTOR → SOLUTION] 5
[INTERACTOR → SOLUTION] 0 9 5 11 0
[SOLUTION → INTERACTOR] 2
[SOLUTION → INTERACTOR] CONVERT 1 0
[SOLUTION → INTERACTOR] BUILD_CABLE 39 41
[INTERACTOR → SOLUTION] 7
[INTERACTOR → SOLUTION] 0 4 5 11 0
[SOLUTION → INTERACTOR] 0
[INTERACTOR → SOLUTION] 8
[INTERACTOR → SOLUTION] 0 4 8 13 0
[SOLUTION → INTERACTOR] 2
[SOLUTION → INTERACTOR] CONVERT 2 0
[SOLUTION → INTERACTOR] BUILD_CABLE 41 48
[INTERACTOR → SOLUTION] 9
[INTERACTOR → SOLUTION] 0 3 6 16 0
[SOLUTION → INTERACTOR] 0
[INTERACTOR → SOLUTION] 7
[INTERACTOR → SOLUTION] 0 3 6 16 0
[SOLUTION → INTERACTOR] 0
[INTERACTOR → SOLUTION] 7
[INTERACTOR → SOLUTION] 0 3 6 16 0
[SOLUTION → INTERACTOR] 0
[INTERACTOR → SOLUTION] 10
[INTERACTOR → SOLUTION] 3 5 6 16 0
[SOLUTION → INTERACTOR] 3
[SOLUTION → INTERACTOR] BUILD_DC 48
[SOLUTION → INTERACTOR] BUILD_CABLE 41 42
[SOLUTION → INTERACTOR] BUILD_DC 42
[INTERACTOR → SOLUTION] 9
[INTERACTOR → SOLUTION] 0 2 6 17 0
[SOLUTION → INTERACTOR] 2
[SOLUTION → INTERACTOR] CONVERT 2 0
[SOLUTION → INTERACTOR] BUILD_CABLE 26 25
[INTERACTOR → SOLUTION] 9
[INTERACTOR → SOLUTION] 0 1 5 20 0
[SOLUTION → INTERACTOR] 0
[INTERACTOR → SOLUTION] 8
[INTERACTOR → SOLUTION] 0 1 9 22 0
[SOLUTION → INTERACTOR] 3
[SOLUTION → INTERACTOR] CONVERT 2 0
[SOLUTION → INTERACTOR] BUILD_CABLE 25 40
[SOLUTION → INTERACTOR] CONVERT 2 0
[INTERACTOR → SOLUTION] 2
[INTERACTOR → SOLUTION] 1 0 3 22 0
[SOLUTION → INTERACTOR] 0
[INTERACTOR → SOLUTION] 3
[INTERACTOR → SOLUTION] 1 0 5 22 0
[SOLUTION → INTERACTOR] 0
[INTERACTOR → SOLUTION] 4
[INTERACTOR → SOLUTION] 1 0 5 22 0
[SOLUTION → INTERACTOR] 0
[INTERACTOR → SOLUTION] 3
[INTERACTOR → SOLUTION] 1 0 7 22 0
[SOLUTION → INTERACTOR] 2
[SOLUTION → INTERACTOR] CONVERT 2 1
[SOLUTION → INTERACTOR] BUILD_DC 40
[INTERACTOR → SOLUTION] 8
[INTERACTOR → SOLUTION] 0 0 7 23 0
[SOLUTION → INTERACTOR] 1
[SOLUTION → INTERACTOR] CONVERT 2 0
[INTERACTOR → SOLUTION] 7
[INTERACTOR → SOLUTION] 1 0 4 23 0
[SOLUTION → INTERACTOR] 0
[INTERACTOR → SOLUTION] 5
[INTERACTOR → SOLUTION] 1 4 4 23 0
[SOLUTION → INTERACTOR] 1
[SOLUTION → INTERACTOR] BUILD_CABLE 25 28
[INTERACTOR → SOLUTION] 8
[INTERACTOR → SOLUTION] 0 3 8 25 0
[SOLUTION → INTERACTOR] 2
[SOLUTION → INTERACTOR] CONVERT 2 0
[SOLUTION → INTERACTOR] BUILD_DC 28
[INTERACTOR → SOLUTION] 10
[INTERACTOR → SOLUTION] 4 4 4 24 0
[SOLUTION → INTERACTOR] 4
[SOLUTION → INTERACTOR] BUILD_CABLE 21 10
[SOLUTION → INTERACTOR] BUILD_CABLE 10 7
[SOLUTION → INTERACTOR] BUILD_DC 7
[SOLUTION → INTERACTOR] BUILD_CABLE 10 11
[INTERACTOR → SOLUTION] 4
[INTERACTOR → SOLUTION] 0 0 3 24 0
[SOLUTION → INTERACTOR] 0
[INTERACTOR → SOLUTION] 9
[INTERACTOR → SOLUTION] 0 0 5 27 0
[SOLUTION → INTERACTOR] 0
[INTERACTOR → SOLUTION] 7
[INTERACTOR → SOLUTION] 0 0 5 27 0
[SOLUTION → INTERACTOR] 0
[INTERACTOR → SOLUTION] 8
[INTERACTOR → SOLUTION] 0 0 9 29 0
[SOLUTION → INTERACTOR] 3
[SOLUTION → INTERACTOR] CONVERT 2 0
[SOLUTION → INTERACTOR] CONVERT 2 1
[SOLUTION → INTERACTOR] BUILD_DC 11
[INTERACTOR → SOLUTION] 5
[INTERACTOR → SOLUTION] 0 4 3 28 0
[SOLUTION → INTERACTOR] 0
[INTERACTOR → SOLUTION] 6
[INTERACTOR → SOLUTION] 0 7 3 28 3
[SOLUTION → INTERACTOR] 2
[SOLUTION → INTERACTOR] CONVERT 1 0
[SOLUTION → INTERACTOR] UPGRADE_DC 39
[INTERACTOR → SOLUTION] 9
[INTERACTOR → SOLUTION] 1 4 6 29 0
[SOLUTION → INTERACTOR] 0
[INTERACTOR → SOLUTION] 7
[INTERACTOR → SOLUTION] 1 4 6 29 0
[SOLUTION → INTERACTOR] 0
[INTERACTOR → SOLUTION] 9
[INTERACTOR → SOLUTION] 1 4 9 32 0
[SOLUTION → INTERACTOR] 0
[INTERACTOR → SOLUTION] 9
[INTERACTOR → SOLUTION] 1 4 12 35 0
[SOLUTION → INTERACTOR] 0
[INTERACTOR → SOLUTION] 7
[INTERACTOR → SOLUTION] 1 4 12 35 0
[SOLUTION → INTERACTOR] 0
[INTERACTOR → SOLUTION] 114
[INTERACTOR → SOLUTION] 0 5 25 26 14 17 27 28
[INTERACTOR → SOLUTION] 1 4 38 39 29 26 25 40
[INTERACTOR → SOLUTION] 1 9 47 48 41 39 38 49
[INTERACTOR → SOLUTION] 3 5 14 15 0 5 16 17
[INTERACTOR → SOLUTION] 1 11 29 30 18 15 14 26
[INTERACTOR → SOLUTION] 5 0 41 42 31 30 29 39
[INTERACTOR → SOLUTION] 2 10 50 51 43 42 41 48
[INTERACTOR → SOLUTION] 0 3 0 1 2 3 4 5
[INTERACTOR → SOLUTION] 0 6 18 19 6 1 0 15
[INTERACTOR → SOLUTION] 4 10 31 32 20 19 18 30
[INTERACTOR → SOLUTION] 4 9 43 44 33 32 31 42
[INTERACTOR → SOLUTION] 3 8 52 53 45 44 43 51
[INTERACTOR → SOLUTION] 4 2 6 7 8 9 2 1
[INTERACTOR → SOLUTION] 2 8 20 21 10 7 6 19
[INTERACTOR → SOLUTION] 2 6 33 34 22 21 20 32
[INTERACTOR → SOLUTION] 2 3 45 46 35 34 33 44
[INTERACTOR → SOLUTION] 3 12 10 11 12 13 8 7
[INTERACTOR → SOLUTION] 3 4 22 23 24 11 10 21
[INTERACTOR → SOLUTION] 0 11 35 36 37 23 22 34
[INTERACTOR → SOLUTION] C0 2 47 48
[INTERACTOR → SOLUTION] C1 2 51 52
[INTERACTOR → SOLUTION] C2 2 27 28
[INTERACTOR → SOLUTION] C3 2 35 36
[INTERACTOR → SOLUTION] C4 2 4 5
[INTERACTOR → SOLUTION] C31 8 38 49 11 24 16 17 23 37
[SOLUTION → INTERACTOR] START
[SOLUTION → INTERACTOR] BUILD_DC 10
[SOLUTION → INTERACTOR] BUILD_DC 26
[SOLUTION → INTERACTOR] BUILD_CABLE 10 21
[SOLUTION → INTERACTOR] BUILD_CABLE 26 14
[INTERACTOR → SOLUTION] 4
[INTERACTOR → SOLUTION] 0 1 0 1 0
[SOLUTION → INTERACTOR] 0
[INTERACTOR → SOLUTION] 2
[INTERACTOR → SOLUTION] 0 1 0 1 0
[SOLUTION → INTERACTOR] 0
[INTERACTOR → SOLUTION] 9
[INTERACTOR → SOLUTION] 0 1 0 1 0
[SOLUTION → INTERACTOR] 0
[INTERACTOR → SOLUTION] 7
[INTERACTOR → SOLUTION] 0 1 0 1 0
[SOLUTION → INTERACTOR] 0
[INTERACTOR → SOLUTION] 8
[INTERACTOR → SOLUTION] 0 1 1 1 0
[SOLUTION → INTERACTOR] 0
[INTERACTOR → SOLUTION] 10
[INTERACTOR → SOLUTION] 0 1 1 1 0
[SOLUTION → INTERACTOR] 0
[INTERACTOR → SOLUTION] 8
[INTERACTOR → SOLUTION] 0 1 2 1 0
[SOLUTION → INTERACTOR] 0
[INTERACTOR → SOLUTION] 2
[INTERACTOR → SOLUTION] 0 1 2 1 0
[SOLUTION → INTERACTOR] 0
[INTERACTOR → SOLUTION] 8
[INTERACTOR → SOLUTION] 0 1 3 1 0
[SOLUTION → INTERACTOR] 0
[INTERACTOR → SOLUTION] 7
[INTERACTOR → SOLUTION] 0 1 3 1 0
[SOLUTION → INTERACTOR] 0
[INTERACTOR → SOLUTION] 9
[INTERACTOR → SOLUTION] 0 1 3 1 0
[SOLUTION → INTERACTOR] 0
[INTERACTOR → SOLUTION] 5
[INTERACTOR → SOLUTION] 1 1 3 1 0
[SOLUTION → INTERACTOR] 1
[SOLUTION → INTERACTOR] BUILD_CABLE 14 17
[INTERACTOR → SOLUTION] 7
[INTERACTOR → SOLUTION] 0 0 3 1 0
[SOLUTION → INTERACTOR] 0
[INTERACTOR → SOLUTION] 4
[INTERACTOR → SOLUTION] 0 1 3 2 0
[SOLUTION → INTERACTOR] 0
[INTERACTOR → SOLUTION] 4
[INTERACTOR → SOLUTION] 0 2 3 3 0
[SOLUTION → INTERACTOR] 0
[INTERACTOR → SOLUTION] 3
[INTERACTOR → SOLUTION] 0 2 3 3 0
[SOLUTION → INTERACTOR] 0
[INTERACTOR → SOLUTION] 8
[INTERACTOR → SOLUTION] 0 2 4 3 0
[SOLUTION → INTERACTOR] 0
[INTERACTOR → SOLUTION] 12
[INTERACTOR → SOLUTION] 0 2 4 4 0
[SOLUTION → INTERACTOR] 0
[INTERACTOR → SOLUTION] 8
[INTERACTOR → SOLUTION] 0 2 5 4 0
[SOLUTION → INTERACTOR] 0
[INTERACTOR → SOLUTION] 8
[INTERACTOR → SOLUTION] 0 2 6 4 0
[SOLUTION → INTERACTOR] 0
[INTERACTOR → SOLUTION] 9
[INTERACTOR → SOLUTION] 0 2 6 4 0
[SOLUTION → INTERACTOR] 0
[INTERACTOR → SOLUTION] 7
[INTERACTOR → SOLUTION] 0 2 6 4 0
[SOLUTION → INTERACTOR] 0
[INTERACTOR → SOLUTION] 12
[INTERACTOR → SOLUTION] 0 2 6 5 0
[SOLUTION → INTERACTOR] 0
[INTERACTOR → SOLUTION] 11
[INTERACTOR → SOLUTION] 0 3 6 5 0
[SOLUTION → INTERACTOR] 0
[INTERACTOR → SOLUTION] 11
[INTERACTOR → SOLUTION] 0 4 6 5 0
[SOLUTION → INTERACTOR] 0
[INTERACTOR → SOLUTION] 6
[INTERACTOR → SOLUTION] 0 4 6 5 0
[SOLUTION → INTERACTOR] 0
[INTERACTOR → SOLUTION] 6
[INTERACTOR → SOLUTION] 0 4 6 5 0
[SOLUTION → INTERACTOR] 0
[INTERACTOR → SOLUTION] 8
[INTERACTOR → SOLUTION] 0 4 7 5 0
[SOLUTION → INTERACTOR] 2
[SOLUTION → INTERACTOR] CONVERT 2 0
[SOLUTION → INTERACTOR] BUILD_DC 17
[INTERACTOR → SOLUTION] 8
[INTERACTOR → SOLUTION] 0 3 3 4 0
[SOLUTION → INTERACTOR] 0
[INTERACTOR → SOLUTION] 8
[INTERACTOR → SOLUTION] 0 3 4 4 0
[SOLUTION → INTERACTOR] 0
[INTERACTOR → SOLUTION] 6
[INTERACTOR → SOLUTION] 0 3 4 4 0
[SOLUTION → INTERACTOR] 0
[INTERACTOR → SOLUTION] 7
[INTERACTOR → SOLUTION] 0 3 4 4 0
[SOLUTION → INTERACTOR] 0
[INTERACTOR → SOLUTION] 12
[INTERACTOR → SOLUTION] 0 3 4 5 0
[SOLUTION → INTERACTOR] 0
[INTERACTOR → SOLUTION] 12
[INTERACTOR → SOLUTION] 0 3 4 6 0
[SOLUTION → INTERACTOR] 0
[INTERACTOR → SOLUTION] 7
[INTERACTOR → SOLUTION] 0 3 4 6 0
[SOLUTION → INTERACTOR] 0
[INTERACTOR → SOLUTION] 4
[INTERACTOR → SOLUTION] 0 4 4 7 0
[SOLUTION → INTERACTOR] 0
[INTERACTOR → SOLUTION] 8
[INTERACTOR → SOLUTION] 0 4 5 7 0
[SOLUTION → INTERACTOR] 0
[INTERACTOR → SOLUTION] 2
[INTERACTOR → SOLUTION] 0 4 5 7 0
[SOLUTION → INTERACTOR] 0
[INTERACTOR → SOLUTION] 7
[INTERACTOR → SOLUTION] 0 4 5 7 0
[SOLUTION → INTERACTOR] 0
[INTERACTOR → SOLUTION] 9
[INTERACTOR → SOLUTION] 0 4 5 7 0
[SOLUTION → INTERACTOR] 0
[INTERACTOR → SOLUTION] 6
[INTERACTOR → SOLUTION] 0 4 5 7 0
[SOLUTION → INTERACTOR] 0
[INTERACTOR → SOLUTION] 11
[INTERACTOR → SOLUTION] 0 5 5 7 0
[SOLUTION → INTERACTOR] 0
[INTERACTOR → SOLUTION] 7
[INTERACTOR → SOLUTION] 0 5 5 7 0
[SOLUTION → INTERACTOR] 0
[INTERACTOR → SOLUTION] 4
[INTERACTOR → SOLUTION] 0 6 5 8 0
[SOLUTION → INTERACTOR] 2
[SOLUTION → INTERACTOR] CONVERT 1 0
[SOLUTION → INTERACTOR] BUILD_CABLE 21 20
[INTERACTOR → SOLUTION] 4
[INTERACTOR → SOLUTION] 0 3 5 9 0
[SOLUTION → INTERACTOR] 0
[INTERACTOR → SOLUTION] 7
[INTERACTOR → SOLUTION] 0 3 5 9 0
[SOLUTION → INTERACTOR] 0
[INTERACTOR → SOLUTION] 4
[INTERACTOR → SOLUTION] 0 4 5 10 0
[SOLUTION → INTERACTOR] 0
[INTERACTOR → SOLUTION] 5
[INTERACTOR → SOLUTION] 2 4 5 11 0
[SOLUTION → INTERACTOR] 2
[SOLUTION → INTERACTOR] BUILD_DC 20
[SOLUTION → INTERACTOR] BUILD_CABLE 14 15
[INTERACTOR → SOLUTION] 9
[INTERACTOR → SOLUTION] 0 2 4 10 0
[SOLUTION → INTERACTOR] 0
[INTERACTOR → SOLUTION] 5
[INTERACTOR → SOLUTION] 2 2 4 11 0
[SOLUTION → INTERACTOR] 2
[SOLUTION → INTERACTOR] BUILD_DC 15
[SOLUTION → INTERACTOR] BUILD_CABLE 21 22
[INTERACTOR → SOLUTION] 12
[INTERACTOR → SOLUTION] 0 0 3 11 0
[SOLUTION → INTERACTOR] 0
[INTERACTOR → SOLUTION] 10
[INTERACTOR → SOLUTION] 0 0 3 11 1
[SOLUTION → INTERACTOR] 0
[INTERACTOR → SOLUTION] 7
[INTERACTOR → SOLUTION] 0 0 3 11 1
[SOLUTION → INTERACTOR] 0
[INTERACTOR → SOLUTION] 7
[INTERACTOR → SOLUTION] 0 0 3 11 1
[SOLUTION → INTERACTOR] 0
[INTERACTOR → SOLUTION] 10
[INTERACTOR → SOLUTION] 0 0 3 11 2
[SOLUTION → INTERACTOR] 0
[INTERACTOR → SOLUTION] 10
[INTERACTOR → SOLUTION] 0 0 3 11 3
[SOLUTION → INTERACTOR] 1
[SOLUTION → INTERACTOR] UPGRADE_DC 20
[INTERACTOR → SOLUTION] 4
[INTERACTOR → SOLUTION] 0 1 3 10 0
[SOLUTION → INTERACTOR] 0
[INTERACTOR → SOLUTION] 5
[INTERACTOR → SOLUTION] 2 1 3 12 0
[SOLUTION → INTERACTOR] 1
[SOLUTION → INTERACTOR] BUILD_DC 22
[INTERACTOR → SOLUTION] 12
[INTERACTOR → SOLUTION] 1 0 2 12 0
[SOLUTION → INTERACTOR] 0
[INTERACTOR → SOLUTION] 9
[INTERACTOR → SOLUTION] 1 0 2 12 0
[SOLUTION → INTERACTOR] 0
[INTERACTOR → SOLUTION] 5
[INTERACTOR → SOLUTION] 3 0 2 14 0
[SOLUTION → INTERACTOR] 0
[INTERACTOR → SOLUTION] 5
[INTERACTOR → SOLUTION] 5 0 2 16 0
[SOLUTION → INTERACTOR] 0
[INTERACTOR → SOLUTION] 10
[INTERACTOR → SOLUTION] 5 0 2 16 2
[SOLUTION → INTERACTOR] 0
[INTERACTOR → SOLUTION] 8
[INTERACTOR → SOLUTION] 5 0 5 16 2
[SOLUTION → INTERACTOR] 0
[INTERACTOR → SOLUTION] 9
[INTERACTOR → SOLUTION] 5 0 5 16 2
[SOLUTION → INTERACTOR] 0
[INTERACTOR → SOLUTION] 10
[INTERACTOR → SOLUTION] 5 0 5 16 4
[SOLUTION → INTERACTOR] 1
[SOLUTION → INTERACTOR] UPGRADE_DC 15
[INTERACTOR → SOLUTION] 6
[INTERACTOR → SOLUTION] 7 0 8 14 1
[SOLUTION → INTERACTOR] 4
[SOLUTION → INTERACTOR] CONVERT 0 1
[SOLUTION → INTERACTOR] BUILD_CABLE 10 11
[SOLUTION → INTERACTOR] CONVERT 2 1
[SOLUTION → INTERACTOR] BUILD_CABLE 11 24
[INTERACTOR → SOLUTION] 6
[INTERACTOR → SOLUTION] 4 0 8 14 1
[SOLUTION → INTERACTOR] 2
[SOLUTION → INTERACTOR] CONVERT 2 1
[SOLUTION → INTERACTOR] BUILD_DC 24
[INTERACTOR → SOLUTION] 10
[INTERACTOR → SOLUTION] 3 0 4 13 3
[SOLUTION → INTERACTOR] 1
[SOLUTION → INTERACTOR] UPGRADE_DC 22
[INTERACTOR → SOLUTION] 6
[INTERACTOR → SOLUTION] 5 0 8 11 0
[SOLUTION → INTERACTOR] 2
[SOLUTION → INTERACTOR] CONVERT 2 1
[SOLUTION → INTERACTOR] BUILD_CABLE 22 23
[INTERACTOR → SOLUTION] 8
[INTERACTOR → SOLUTION] 4 0 8 11 0
[SOLUTION → INTERACTOR] 2
[SOLUTION → INTERACTOR] CONVERT 2 1
[SOLUTION → INTERACTOR] BUILD_CABLE 23 37
[INTERACTOR → SOLUTION] 8
[INTERACTOR → SOLUTION] 3 0 8 11 0
[SOLUTION → INTERACTOR] 2
[SOLUTION → INTERACTOR] CONVERT 2 1
[SOLUTION → INTERACTOR] BUILD_DC 37
[INTERACTOR → SOLUTION] 3
[INTERACTOR → SOLUTION] 2 0 4 10 0
[SOLUTION → INTERACTOR] 0
[INTERACTOR → SOLUTION] 8
[INTERACTOR → SOLUTION] 2 0 7 10 0
[SOLUTION → INTERACTOR] 2
[SOLUTION → INTERACTOR] CONVERT 2 1
[SOLUTION → INTERACTOR] BUILD_CABLE 26 25
[INTERACTOR → SOLUTION] 7
[INTERACTOR → SOLUTION] 1 0 4 10 0
[SOLUTION → INTERACTOR] 0
[INTERACTOR → SOLUTION] 10
[INTERACTOR → SOLUTION] 1 0 4 10 2
[SOLUTION → INTERACTOR] 0
[INTERACTOR → SOLUTION] 9
[INTERACTOR → SOLUTION] 1 0 4 10 2
[SOLUTION → INTERACTOR] 0
[INTERACTOR → SOLUTION] 7
[INTERACTOR → SOLUTION] 1 0 4 10 2
[SOLUTION → INTERACTOR] 0
[INTERACTOR → SOLUTION] 6
[INTERACTOR → SOLUTION] 3 0 8 10 2
[SOLUTION → INTERACTOR] 2
[SOLUTION → INTERACTOR] CONVERT 2 1
[SOLUTION → INTERACTOR] BUILD_CABLE 25 40
[INTERACTOR → SOLUTION] 5
[INTERACTOR → SOLUTION] 4 0 5 13 2
[SOLUTION → INTERACTOR] 0
[INTERACTOR → SOLUTION] 7
[INTERACTOR → SOLUTION] 4 0 5 13 2
[SOLUTION → INTERACTOR] 0
[INTERACTOR → SOLUTION] 7
[INTERACTOR → SOLUTION] 4 0 5 13 2
[SOLUTION → INTERACTOR] 0
[INTERACTOR → SOLUTION] 8
[INTERACTOR → SOLUTION] 4 0 8 13 2
[SOLUTION → INTERACTOR] 2
[SOLUTION → INTERACTOR] CONVERT 2 1
[SOLUTION → INTERACTOR] BUILD_DC 40
[INTERACTOR → SOLUTION] 3
[INTERACTOR → SOLUTION] 3 0 4 12 2
[SOLUTION → INTERACTOR] 0
[INTERACTOR → SOLUTION] 6
[INTERACTOR → SOLUTION] 5 0 8 12 2
[SOLUTION → INTERACTOR] 2
[SOLUTION → INTERACTOR] CONVERT 2 1
[SOLUTION → INTERACTOR] BUILD_CABLE 40 38
[INTERACTOR → SOLUTION] 4
[INTERACTOR → SOLUTION] 4 2 5 16 2
[SOLUTION → INTERACTOR] 2
[SOLUTION → INTERACTOR] BUILD_CABLE 38 49
[SOLUTION → INTERACTOR] BUILD_DC 49
[INTERACTOR → SOLUTION] 4
[INTERACTOR → SOLUTION] 2 2 4 19 2
[SOLUTION → INTERACTOR] 2
[SOLUTION → INTERACTOR] BUILD_CABLE 38 39
[SOLUTION → INTERACTOR] BUILD_DC 39
[INTERACTOR → SOLUTION] 5
[INTERACTOR → SOLUTION] 2 0 3 21 2
[SOLUTION → INTERACTOR] 0
[INTERACTOR → SOLUTION] 3
[INTERACTOR → SOLUTION] 2 0 3 21 2
[SOLUTION → INTERACTOR] 0
[INTERACTOR → SOLUTION] 6
[INTERACTOR → SOLUTION] 4 0 7 21 2
[SOLUTION → INTERACTOR] 2
[SOLUTION → INTERACTOR] CONVERT 2 1
[SOLUTION → INTERACTOR] BUILD_CABLE 10 7
[INTERACTOR → SOLUTION] 7
[INTERACTOR → SOLUTION] 3 0 4 21 2
[SOLUTION → INTERACTOR] 0
[INTERACTOR → SOLUTION] 8
[INTERACTOR → SOLUTION] 3 0 7 21 2
[SOLUTION → INTERACTOR] 2
[SOLUTION → INTERACTOR] CONVERT 2 1
[SOLUTION → INTERACTOR] BUILD_CABLE 7 6
[INTERACTOR → SOLUTION] 12
[INTERACTOR → SOLUTION] 2 0 4 22 2
[SOLUTION → INTERACTOR] 0
[INTERACTOR → SOLUTION] 3
[INTERACTOR → SOLUTION] 2 0 4 22 2
[SOLUTION → INTERACTOR] 0
[INTERACTOR → SOLUTION] 5
[INTERACTOR → SOLUTION] 4 0 4 25 2
[SOLUTION → INTERACTOR] 0
[INTERACTOR → SOLUTION] 7
[INTERACTOR → SOLUTION] 4 0 4 25 2
[SOLUTION → INTERACTOR] 0
[INTERACTOR → SOLUTION] 11
[INTERACTOR → SOLUTION] 7 3 4 25 2
[SOLUTION → INTERACTOR] 3
[SOLUTION → INTERACTOR] BUILD_DC 6
[SOLUTION → INTERACTOR] BUILD_CABLE 20 32
[SOLUTION → INTERACTOR] BUILD_CABLE 32 33
[INTERACTOR → SOLUTION] 9
[INTERACTOR → SOLUTION] 4 2 3 24 2
[SOLUTION → INTERACTOR] 2
[SOLUTION → INTERACTOR] BUILD_DC 33
[SOLUTION → INTERACTOR] BUILD_CABLE 32 31
[INTERACTOR → SOLUTION] 9
[INTERACTOR → SOLUTION] 2 2 2 23 3
[SOLUTION → INTERACTOR] 3
[SOLUTION → INTERACTOR] BUILD_DC 31
[SOLUTION → INTERACTOR] UPGRADE_DC 6
[SOLUTION → INTERACTOR] BUILD_CABLE 31 42
[INTERACTOR → SOLUTION] 6
[INTERACTOR → SOLUTION] 4 0 6 20 0
[SOLUTION → INTERACTOR] 2
[SOLUTION → INTERACTOR] CONVERT 2 1
[SOLUTION → INTERACTOR] BUILD_CABLE 42 43
[INTERACTOR → SOLUTION] 7
[INTERACTOR → SOLUTION] 3 0 3 20 0
[SOLUTION → INTERACTOR] 0
[INTERACTOR → SOLUTION] 5
[INTERACTOR → SOLUTION] 5 0 3 23 0
[SOLUTION → INTERACTOR] 0
[INTERACTOR → SOLUTION] 5
[INTERACTOR → SOLUTION] 7 0 3 26 0
[SOLUTION → INTERACTOR] 2
[SOLUTION → INTERACTOR] CONVERT 0 1
[SOLUTION → INTERACTOR] BUILD_DC 43
[INTERACTOR → SOLUTION] 9
[INTERACTOR → SOLUTION] 3 2 2 25 3
[SOLUTION → INTERACTOR] 3
[SOLUTION → INTERACTOR] UPGRADE_DC 43
[SOLUTION → INTERACTOR] BUILD_CABLE 25 28
[SOLUTION → INTERACTOR] BUILD_DC 28
[INTERACTOR → SOLUTION] 6
[INTERACTOR → SOLUTION] 5 0 6 22 0
[SOLUTION → INTERACTOR] 1
[SOLUTION → INTERACTOR] CONVERT 2 1
[INTERACTOR → SOLUTION] 7
[INTERACTOR → SOLUTION] 5 1 4 22 0
[SOLUTION → INTERACTOR] 0
[INTERACTOR → SOLUTION] 11
[INTERACTOR → SOLUTION] 8 4 4 22 0
[SOLUTION → INTERACTOR] 0
[INTERACTOR → SOLUTION] 3
[INTERACTOR → SOLUTION] 8 4 5 22 0
[SOLUTION → INTERACTOR] 0
[INTERACTOR → SOLUTION] 5
[INTERACTOR → SOLUTION] 11 4 5 25 0
[SOLUTION → INTERACTOR] 0
[INTERACTOR → SOLUTION] 10
[INTERACTOR → SOLUTION] 11 4 7 25 3
[SOLUTION → INTERACTOR] 1
[SOLUTION → INTERACTOR] UPGRADE_DC 33
[INTERACTOR → SOLUTION] 7
[INTERACTOR → SOLUTION] 11 4 7 23 0
[SOLUTION → INTERACTOR] 0
[INTERACTOR → SOLUTION] 11
[INTERACTOR → SOLUTION] 14 7 7 23 0
[SOLUTION → INTERACTOR] 0
[INTERACTOR → SOLUTION] 5
[INTERACTOR → SOLUTION] 17 7 7 26 0
[SOLUTION → INTERACTOR] 1
[SOLUTION → INTERACTOR] CONVERT 0 4
[INTERACTOR → SOLUTION] 5
[INTERACTOR → SOLUTION] 17 7 7 29 1
[SOLUTION → INTERACTOR] 1
[SOLUTION → INTERACTOR] CONVERT 0 4
[INTERACTOR → SOLUTION] 119
[INTERACTOR → SOLUTION] 1 6 25 26 14 17 27 28
[INTERACTOR → SOLUTION] 4 12 38 39 29 26 25 40
[INTERACTOR → SOLUTION] 0 3 47 48 41 39 38 49
[INTERACTOR → SOLUTION] 1 9 14 15 0 5 16 17
[INTERACTOR → SOLUTION] 2 9 29 30 18 15 14 26
[INTERACTOR → SOLUTION] 2 3 41 42 31 30 29 39
[INTERACTOR → SOLUTION] 0 4 50 51 43 42 41 48
[INTERACTOR → SOLUTION] 2 10 0 1 2 3 4 5
[INTERACTOR → SOLUTION] 0 2 18 19 6 1 0 15
[INTERACTOR → SOLUTION] 1 11 31 32 20 19 18 30
[INTERACTOR → SOLUTION] 3 5 43 44 33 32 31 42
[INTERACTOR → SOLUTION] 4 8 52 53 45 44 43 51
[INTERACTOR → SOLUTION] 3 10 6 7 8 9 2 1
[INTERACTOR → SOLUTION] 3 4 20 21 10 7 6 19
[INTERACTOR → SOLUTION] 5 0 33 34 22 21 20 32
[INTERACTOR → SOLUTION] 4 5 45 46 35 34 33 44
[INTERACTOR → SOLUTION] 2 11 10 11 12 13 8 7
[INTERACTOR → SOLUTION] 3 6 22 23 24 11 10 21
[INTERACTOR → SOLUTION] 0 8 35 36 37 23 22 34
[INTERACTOR → SOLUTION] C0 2 27 28
[INTERACTOR → SOLUTION] C1 2 11 24
[INTERACTOR → SOLUTION] C2 2 3 4
[INTERACTOR → SOLUTION] C3 2 5 16
[INTERACTOR → SOLUTION] C4 2 35 36
[INTERACTOR → SOLUTION] C31 8 38 49 45 46 8 13 47 48
[SOLUTION → INTERACTOR] START
[SOLUTION → INTERACTOR] BUILD_DC 14
[SOLUTION → INTERACTOR] BUILD_DC 22
[SOLUTION → INTERACTOR] BUILD_CABLE 14 26
[SOLUTION → INTERACTOR] BUILD_CABLE 22 23
[INTERACTOR → SOLUTION] 8
[INTERACTOR → SOLUTION] 1 0 0 0 0
[SOLUTION → INTERACTOR] 0
[INTERACTOR → SOLUTION] 6
[INTERACTOR → SOLUTION] 1 1 0 1 0
[SOLUTION → INTERACTOR] 1
[SOLUTION → INTERACTOR] BUILD_CABLE 26 29
[INTERACTOR → SOLUTION] 5
[INTERACTOR → SOLUTION] 0 0 0 1 0
[SOLUTION → INTERACTOR] 0
[INTERACTOR → SOLUTION] 7
[INTERACTOR → SOLUTION] 0 0 0 1 0
[SOLUTION → INTERACTOR] 0
[INTERACTOR → SOLUTION] 3
[INTERACTOR → SOLUTION] 0 0 0 1 0
[SOLUTION → INTERACTOR] 0
[INTERACTOR → SOLUTION] 8
[INTERACTOR → SOLUTION] 1 0 0 1 0
[SOLUTION → INTERACTOR] 0
[INTERACTOR → SOLUTION] 2
[INTERACTOR → SOLUTION] 1 0 0 1 0
[SOLUTION → INTERACTOR] 0
[INTERACTOR → SOLUTION] 10
[INTERACTOR → SOLUTION] 1 0 0 1 0
[SOLUTION → INTERACTOR] 0
[INTERACTOR → SOLUTION] 2
[INTERACTOR → SOLUTION] 1 0 0 1 0
[SOLUTION → INTERACTOR] 0
[INTERACTOR → SOLUTION] 8
[INTERACTOR → SOLUTION] 2 0 0 1 0
[SOLUTION → INTERACTOR] 0
[INTERACTOR → SOLUTION] 6
[INTERACTOR → SOLUTION] 2 1 0 2 0
[SOLUTION → INTERACTOR] 1
[SOLUTION → INTERACTOR] BUILD_CABLE 29 30
[INTERACTOR → SOLUTION] 8
[INTERACTOR → SOLUTION] 2 0 0 2 0
[SOLUTION → INTERACTOR] 0
[INTERACTOR → SOLUTION] 6
[INTERACTOR → SOLUTION] 2 1 0 3 0
[SOLUTION → INTERACTOR] 1
[SOLUTION → INTERACTOR] BUILD_CABLE 30 31
[INTERACTOR → SOLUTION] 11
[INTERACTOR → SOLUTION] 1 0 0 3 0
[SOLUTION → INTERACTOR] 0
[INTERACTOR → SOLUTION] 3
[INTERACTOR → SOLUTION] 1 0 0 3 0
[SOLUTION → INTERACTOR] 0
[INTERACTOR → SOLUTION] 12
[INTERACTOR → SOLUTION] 1 0 0 3 0
[SOLUTION → INTERACTOR] 0
[INTERACTOR → SOLUTION] 3
[INTERACTOR → SOLUTION] 1 0 0 3 0
[SOLUTION → INTERACTOR] 0
[INTERACTOR → SOLUTION] 11
[INTERACTOR → SOLUTION] 1 0 0 3 0
[SOLUTION → INTERACTOR] 0
[INTERACTOR → SOLUTION] 9
[INTERACTOR → SOLUTION] 1 1 1 3 0
[SOLUTION → INTERACTOR] 1
[SOLUTION → INTERACTOR] BUILD_DC 30
[INTERACTOR → SOLUTION] 5
[INTERACTOR → SOLUTION] 0 0 0 2 0
[SOLUTION → INTERACTOR] 0
[INTERACTOR → SOLUTION] 8
[INTERACTOR → SOLUTION] 1 0 0 2 0
[SOLUTION → INTERACTOR] 0
[INTERACTOR → SOLUTION] 12
[INTERACTOR → SOLUTION] 1 0 0 2 0
[SOLUTION → INTERACTOR] 0
[INTERACTOR → SOLUTION] 5
[INTERACTOR → SOLUTION] 1 0 0 2 0
[SOLUTION → INTERACTOR] 0
[INTERACTOR → SOLUTION] 5
[INTERACTOR → SOLUTION] 1 0 0 2 0
[SOLUTION → INTERACTOR] 0
[INTERACTOR → SOLUTION] 7
[INTERACTOR → SOLUTION] 1 0 0 2 0
[SOLUTION → INTERACTOR] 0
[INTERACTOR → SOLUTION] 9
[INTERACTOR → SOLUTION] 1 1 2 2 0
[SOLUTION → INTERACTOR] 1
[SOLUTION → INTERACTOR] BUILD_CABLE 31 42
[INTERACTOR → SOLUTION] 10
[INTERACTOR → SOLUTION] 0 0 2 2 0
[SOLUTION → INTERACTOR] 0
[INTERACTOR → SOLUTION] 9
[INTERACTOR → SOLUTION] 0 1 4 2 0
[SOLUTION → INTERACTOR] 0
[INTERACTOR → SOLUTION] 3
[INTERACTOR → SOLUTION] 0 1 5 2 0
[SOLUTION → INTERACTOR] 0
[INTERACTOR → SOLUTION] 7
[INTERACTOR → SOLUTION] 0 1 5 2 0
[SOLUTION → INTERACTOR] 0
[INTERACTOR → SOLUTION] 4
[INTERACTOR → SOLUTION] 0 1 5 2 0
[SOLUTION → INTERACTOR] 0
[INTERACTOR → SOLUTION] 9
[INTERACTOR → SOLUTION] 0 2 7 2 0
[SOLUTION → INTERACTOR] 2
[SOLUTION → INTERACTOR] CONVERT 2 0
[SOLUTION → INTERACTOR] BUILD_DC 42
[INTERACTOR → SOLUTION] 6
[INTERACTOR → SOLUTION] 0 2 2 2 0
[SOLUTION → INTERACTOR] 0
[INTERACTOR → SOLUTION] 9
[INTERACTOR → SOLUTION] 0 3 4 2 0
[SOLUTION → INTERACTOR] 0
[INTERACTOR → SOLUTION] 5
[INTERACTOR → SOLUTION] 0 3 4 3 0
[SOLUTION → INTERACTOR] 0
[INTERACTOR → SOLUTION] 4
[INTERACTOR → SOLUTION] 1 3 4 3 0
[SOLUTION → INTERACTOR] 1
[SOLUTION → INTERACTOR] BUILD_CABLE 42 41
[INTERACTOR → SOLUTION] 9
[INTERACTOR → SOLUTION] 0 3 6 3 0
[SOLUTION → INTERACTOR] 0
[INTERACTOR → SOLUTION] 7
[INTERACTOR → SOLUTION] 0 3 6 3 0
[SOLUTION → INTERACTOR] 0
[INTERACTOR → SOLUTION] 2
[INTERACTOR → SOLUTION] 0 3 6 3 0
[SOLUTION → INTERACTOR] 0
[INTERACTOR → SOLUTION] 4
[INTERACTOR → SOLUTION] 1 3 6 3 0
[SOLUTION → INTERACTOR] 1
[SOLUTION → INTERACTOR] BUILD_CABLE 41 48
[INTERACTOR → SOLUTION] 7
[INTERACTOR → SOLUTION] 0 2 6 3 0
[SOLUTION → INTERACTOR] 0
[INTERACTOR → SOLUTION] 7
[INTERACTOR → SOLUTION] 0 2 6 3 0
[SOLUTION → INTERACTOR] 0
[INTERACTOR → SOLUTION] 5
[INTERACTOR → SOLUTION] 0 2 6 4 0
[SOLUTION → INTERACTOR] 0
[INTERACTOR → SOLUTION] 11
[INTERACTOR → SOLUTION] 0 3 6 4 0
[SOLUTION → INTERACTOR] 0
[INTERACTOR → SOLUTION] 6
[INTERACTOR → SOLUTION] 0 4 6 5 0
[SOLUTION → INTERACTOR] 0
[INTERACTOR → SOLUTION] 11
[INTERACTOR → SOLUTION] 0 5 6 5 0
[SOLUTION → INTERACTOR] 0
[INTERACTOR → SOLUTION] 6
[INTERACTOR → SOLUTION] 0 6 6 6 0
[SOLUTION → INTERACTOR] 0
[INTERACTOR → SOLUTION] 10
[INTERACTOR → SOLUTION] 0 6 6 6 0
[SOLUTION → INTERACTOR] 0
[INTERACTOR → SOLUTION] 10
[INTERACTOR → SOLUTION] 0 6 6 6 0
[SOLUTION → INTERACTOR] 0
[INTERACTOR → SOLUTION] 11
[INTERACTOR → SOLUTION] 0 7 6 6 0
[SOLUTION → INTERACTOR] 2
[SOLUTION → INTERACTOR] CONVERT 1 0
[SOLUTION → INTERACTOR] BUILD_DC 48
[INTERACTOR → SOLUTION] 8
[INTERACTOR → SOLUTION] 1 2 5 5 0
[SOLUTION → INTERACTOR] 1
[SOLUTION → INTERACTOR] BUILD_CABLE 29 39
[INTERACTOR → SOLUTION] 4
[INTERACTOR → SOLUTION] 2 1 5 5 0
[SOLUTION → INTERACTOR] 1
[SOLUTION → INTERACTOR] BUILD_DC 39
[INTERACTOR → SOLUTION] 10
[INTERACTOR → SOLUTION] 1 0 4 4 0
[SOLUTION → INTERACTOR] 0
[INTERACTOR → SOLUTION] 8
[INTERACTOR → SOLUTION] 2 0 4 4 0
[SOLUTION → INTERACTOR] 0
[INTERACTOR → SOLUTION] 6
[INTERACTOR → SOLUTION] 2 1 4 5 0
[SOLUTION → INTERACTOR] 1
[SOLUTION → INTERACTOR] BUILD_CABLE 42 43
[INTERACTOR → SOLUTION] 6
[INTERACTOR → SOLUTION] 1 1 4 6 0
[SOLUTION → INTERACTOR] 1
[SOLUTION → INTERACTOR] BUILD_CABLE 43 44
[INTERACTOR → SOLUTION] 12
[INTERACTOR → SOLUTION] 0 0 4 6 1
[SOLUTION → INTERACTOR] 0
[INTERACTOR → SOLUTION] 7
[INTERACTOR → SOLUTION] 0 0 4 6 1
[SOLUTION → INTERACTOR] 0
[INTERACTOR → SOLUTION] 5
[INTERACTOR → SOLUTION] 0 0 4 7 1
[SOLUTION → INTERACTOR] 0
[INTERACTOR → SOLUTION] 7
[INTERACTOR → SOLUTION] 0 0 4 7 1
[SOLUTION → INTERACTOR] 0
[INTERACTOR → SOLUTION] 4
[INTERACTOR → SOLUTION] 2 0 4 7 1
[SOLUTION → INTERACTOR] 0
[INTERACTOR → SOLUTION] 5
[INTERACTOR → SOLUTION] 2 0 4 8 1
[SOLUTION → INTERACTOR] 0
[INTERACTOR → SOLUTION] 6
[INTERACTOR → SOLUTION] 2 1 4 9 1
[SOLUTION → INTERACTOR] 1
[SOLUTION → INTERACTOR] BUILD_DC 44
[INTERACTOR → SOLUTION] 4
[INTERACTOR → SOLUTION] 3 0 3 8 1
[SOLUTION → INTERACTOR] 0
[INTERACTOR → SOLUTION] 6
[INTERACTOR → SOLUTION] 3 1 3 9 1
[SOLUTION → INTERACTOR] 1
[SOLUTION → INTERACTOR] BUILD_CABLE 43 51
[INTERACTOR → SOLUTION] 9
[INTERACTOR → SOLUTION] 2 1 5 9 1
[SOLUTION → INTERACTOR] 1
[SOLUTION → INTERACTOR] BUILD_DC 51
[INTERACTOR → SOLUTION] 7
[INTERACTOR → SOLUTION] 1 0 4 8 1
[SOLUTION → INTERACTOR] 0
[INTERACTOR → SOLUTION] 8
[INTERACTOR → SOLUTION] 2 0 4 8 3
[SOLUTION → INTERACTOR] 1
[SOLUTION → INTERACTOR] UPGRADE_DC 14
[INTERACTOR → SOLUTION] 3
[INTERACTOR → SOLUTION] 4 0 7 6 0
[SOLUTION → INTERACTOR] 2
[SOLUTION → INTERACTOR] CONVERT 2 1
[SOLUTION → INTERACTOR] BUILD_CABLE 44 45
[INTERACTOR → SOLUTION] 7
[INTERACTOR → SOLUTION] 3 0 4 6 0
[SOLUTION → INTERACTOR] 0
[INTERACTOR → SOLUTION] 12
[INTERACTOR → SOLUTION] 3 0 4 6 1
[SOLUTION → INTERACTOR] 0
[INTERACTOR → SOLUTION] 10
[INTERACTOR → SOLUTION] 3 0 4 6 1
[SOLUTION → INTERACTOR] 0
[INTERACTOR → SOLUTION] 8
[INTERACTOR → SOLUTION] 4 0 4 6 3
[SOLUTION → INTERACTOR] 1
[SOLUTION → INTERACTOR] UPGRADE_DC 44
[INTERACTOR → SOLUTION] 4
[INTERACTOR → SOLUTION] 7 0 4 4 0
[SOLUTION → INTERACTOR] 2
[SOLUTION → INTERACTOR] CONVERT 0 1
[SOLUTION → INTERACTOR] BUILD_CABLE 45 46
[INTERACTOR → SOLUTION] 11
[INTERACTOR → SOLUTION] 3 1 4 4 0
[SOLUTION → INTERACTOR] 1
[SOLUTION → INTERACTOR] BUILD_DC 46
[INTERACTOR → SOLUTION] 7
[INTERACTOR → SOLUTION] 2 0 3 3 0
[SOLUTION → INTERACTOR] 0
[INTERACTOR → SOLUTION] 6
[INTERACTOR → SOLUTION] 2 2 3 4 0
[SOLUTION → INTERACTOR] 2
[SOLUTION → INTERACTOR] BUILD_CABLE 26 25
[SOLUTION → INTERACTOR] BUILD_DC 25
[INTERACTOR → SOLUTION] 8
[INTERACTOR → SOLUTION] 1 0 2 3 3
[SOLUTION → INTERACTOR] 1
[SOLUTION → INTERACTOR] UPGRADE_DC 22
[INTERACTOR → SOLUTION] 8
[INTERACTOR → SOLUTION] 3 0 2 1 3
[SOLUTION → INTERACTOR] 0
[INTERACTOR → SOLUTION] 6
[INTERACTOR → SOLUTION] 3 3 2 3 3
[SOLUTION → INTERACTOR] 4
[SOLUTION → INTERACTOR] UPGRADE_DC 42
[SOLUTION → INTERACTOR] BUILD_CABLE 31 32
[SOLUTION → INTERACTOR] BUILD_DC 32
[SOLUTION → INTERACTOR] BUILD_CABLE 39 38
[INTERACTOR → SOLUTION] 7
[INTERACTOR → SOLUTION] 0 0 1 0 0
[SOLUTION → INTERACTOR] 0
[INTERACTOR → SOLUTION] 8
[INTERACTOR → SOLUTION] 2 0 1 0 3
[SOLUTION → INTERACTOR] 0
[INTERACTOR → SOLUTION] 7
[INTERACTOR → SOLUTION] 2 0 1 0 3
[SOLUTION → INTERACTOR] 0
[INTERACTOR → SOLUTION] 3
[INTERACTOR → SOLUTION] 4 0 5 0 3
[SOLUTION → INTERACTOR] 0
[INTERACTOR → SOLUTION] 10
[INTERACTOR → SOLUTION] 4 0 5 0 3
[SOLUTION → INTERACTOR] 0
[INTERACTOR → SOLUTION] 6
[INTERACTOR → SOLUTION] 4 3 5 2 3
[SOLUTION → INTERACTOR] 4
[SOLUTION → INTERACTOR] UPGRADE_DC 30
[SOLUTION → INTERACTOR] BUILD_CABLE 38 49
[SOLUTION → INTERACTOR] BUILD_CABLE 22 21
[SOLUTION → INTERACTOR] BUILD_CABLE 21 10
[INTERACTOR → SOLUTION] 11
[INTERACTOR → SOLUTION] 1 3 5 0 0
[SOLUTION → INTERACTOR] 1
[SOLUTION → INTERACTOR] BUILD_CABLE 10 7
[INTERACTOR → SOLUTION] 6
[INTERACTOR → SOLUTION] 0 5 5 2 0
[SOLUTION → INTERACTOR] 0
[INTERACTOR → SOLUTION] 9
[INTERACTOR → SOLUTION] 0 7 9 2 0
[SOLUTION → INTERACTOR] 4
[SOLUTION → INTERACTOR] CONVERT 1 0
[SOLUTION → INTERACTOR] BUILD_DC 10
[SOLUTION → INTERACTOR] CONVERT 2 0
[SOLUTION → INTERACTOR] BUILD_DC 49
[INTERACTOR → SOLUTION] 9
[INTERACTOR → SOLUTION] 0 4 8 0 0
[SOLUTION → INTERACTOR] 2
[SOLUTION → INTERACTOR] CONVERT 2 0
[SOLUTION → INTERACTOR] BUILD_CABLE 7 8
[INTERACTOR → SOLUTION] 6
[INTERACTOR → SOLUTION] 0 6 5 3 0
[SOLUTION → INTERACTOR] 2
[SOLUTION → INTERACTOR] CONVERT 1 0
[SOLUTION → INTERACTOR] BUILD_DC 8
[INTERACTOR → SOLUTION] 8
[INTERACTOR → SOLUTION] 2 2 4 2 3
[SOLUTION → INTERACTOR] 3
[SOLUTION → INTERACTOR] UPGRADE_DC 10
[SOLUTION → INTERACTOR] BUILD_CABLE 7 6
[SOLUTION → INTERACTOR] BUILD_CABLE 6 1
[INTERACTOR → SOLUTION] 8
[INTERACTOR → SOLUTION] 2 0 4 0 3
[SOLUTION → INTERACTOR] 0
[INTERACTOR → SOLUTION] 8
[INTERACTOR → SOLUTION] 4 0 4 0 6
[SOLUTION → INTERACTOR] 1
[SOLUTION → INTERACTOR] CONVERT 4 3
[INTERACTOR → SOLUTION] 7
[INTERACTOR → SOLUTION] 4 0 4 1 3
[SOLUTION → INTERACTOR] 0
[INTERACTOR → SOLUTION] 12
[INTERACTOR → SOLUTION] 4 0 4 1 5
[SOLUTION → INTERACTOR] 0
[INTERACTOR → SOLUTION] 6
[INTERACTOR → SOLUTION] 4 3 4 5 5
[SOLUTION → INTERACTOR] 4
[SOLUTION → INTERACTOR] BUILD_DC 1
[SOLUTION → INTERACTOR] UPGRADE_DC 51
[SOLUTION → INTERACTOR] BUILD_CABLE 6 19
[SOLUTION → INTERACTOR] BUILD_DC 19
[INTERACTOR → SOLUTION] 5
[INTERACTOR → SOLUTION] 1 0 2 6 5
[SOLUTION → INTERACTOR] 1
[SOLUTION → INTERACTOR] UPGRADE_DC 1
[INTERACTOR → SOLUTION] 8
[INTERACTOR → SOLUTION] 3 0 2 4 6
[SOLUTION → INTERACTOR] 2
[SOLUTION → INTERACTOR] UPGRADE_DC 25
[SOLUTION → INTERACTOR] UPGRADE_DC 32
[INTERACTOR → SOLUTION] 7
[INTERACTOR → SOLUTION] 3 0 2 0 0
[SOLUTION → INTERACTOR] 0
[INTERACTOR → SOLUTION] 7
[INTERACTOR → SOLUTION] 3 0 2 0 0
[SOLUTION → INTERACTOR] 0
[INTERACTOR → SOLUTION] 6
[INTERACTOR → SOLUTION] 3 4 2 4 0
[SOLUTION → INTERACTOR] 3
[SOLUTION → INTERACTOR] BUILD_CABLE 23 24
[SOLUTION → INTERACTOR] BUILD_DC 24
[SOLUTION → INTERACTOR] BUILD_CABLE 23 37
[INTERACTOR → SOLUTION] 5
[INTERACTOR → SOLUTION] 0 1 1 9 3
[SOLUTION → INTERACTOR] 1
[SOLUTION → INTERACTOR] UPGRADE_DC 19
[INTERACTOR → SOLUTION] 11
[INTERACTOR → SOLUTION] 0 7 4 7 0
[SOLUTION → INTERACTOR] 2
[SOLUTION → INTERACTOR] CONVERT 1 0
[SOLUTION → INTERACTOR] BUILD_DC 37
[INTERACTOR → SOLUTION] 6
[INTERACTOR → SOLUTION] 0 8 3 11 0
[SOLUTION → INTERACTOR] 4
[SOLUTION → INTERACTOR] CONVERT 1 0
[SOLUTION → INTERACTOR] BUILD_CABLE 45 53
[SOLUTION → INTERACTOR] CONVERT 1 0
[SOLUTION → INTERACTOR] BUILD_DC 53
[INTERACTOR → SOLUTION] 7
[INTERACTOR → SOLUTION] 0 2 2 10 0
[SOLUTION → INTERACTOR] 0
[INTERACTOR → SOLUTION] 6
[INTERACTOR → SOLUTION] 0 6 2 15 0
[SOLUTION → INTERACTOR] 2
[SOLUTION → INTERACTOR] CONVERT 1 0
[SOLUTION → INTERACTOR] BUILD_CABLE 1 0
[INTERACTOR → SOLUTION] 7
[INTERACTOR → SOLUTION] 0 3 2 15 0
[SOLUTION → INTERACTOR] 0
[INTERACTOR → SOLUTION] 8
[INTERACTOR → SOLUTION] 3 3 2 15 5
[SOLUTION → INTERACTOR] 4
[SOLUTION → INTERACTOR] UPGRADE_DC 53
[SOLUTION → INTERACTOR] BUILD_CABLE 0 5
[SOLUTION → INTERACTOR] BUILD_DC 5
[SOLUTION → INTERACTOR] BUILD_CABLE 14 17
[INTERACTOR → SOLUTION] 7
[INTERACTOR → SOLUTION] 0 0 1 12 2
[SOLUTION → INTERACTOR] 0
[INTERACTOR → SOLUTION] 7
[INTERACTOR → SOLUTION] 0 0 1 12 2
[SOLUTION → INTERACTOR] 0
[INTERACTOR → SOLUTION] 4
[INTERACTOR → SOLUTION] 5 0 1 16 2
[SOLUTION → INTERACTOR] 0
[INTERACTOR → SOLUTION] 11
[INTERACTOR → SOLUTION] 5 6 4 16 2
[SOLUTION → INTERACTOR] 0
[INTERACTOR → SOLUTION] 6
[INTERACTOR → SOLUTION] 5 10 4 21 2
[SOLUTION → INTERACTOR] 0
[INTERACTOR → SOLUTION] 11
[INTERACTOR → SOLUTION] 5 16 7 21 2
[SOLUTION → INTERACTOR] 2
[SOLUTION → INTERACTOR] CONVERT 1 4
[SOLUTION → INTERACTOR] UPGRADE_DC 5
[INTERACTOR → SOLUTION] 6
[INTERACTOR → SOLUTION] 5 18 7 24 0
[SOLUTION → INTERACTOR] 2
[SOLUTION → INTERACTOR] CONVERT 1 4
[SOLUTION → INTERACTOR] CONVERT 1 4
[INTERACTOR → SOLUTION] 8
[INTERACTOR → SOLUTION] 8 14 7 24 8
[SOLUTION → INTERACTOR] 2
[SOLUTION → INTERACTOR] UPGRADE_DC 48
[SOLUTION → INTERACTOR] UPGRADE_DC 39
[INTERACTOR → SOLUTION] 4
[INTERACTOR → SOLUTION] 14 14 7 24 2
[SOLUTION → INTERACTOR] 0
[INTERACTOR → SOLUTION] 3
[INTERACTOR → SOLUTION] 19 14 13 24 2
[SOLUTION → INTERACTOR] 3
[SOLUTION → INTERACTOR] CONVERT 0 4
[SOLUTION → INTERACTOR] CONVERT 0 4
[SOLUTION → INTERACTOR] UPGRADE_DC 37
[INTERACTOR → SOLUTION] 96
[INTERACTOR → SOLUTION] 3 4 25 26 14 17 27 28
[INTERACTOR → SOLUTION] 0 6 38 39 29 26 25 40
[INTERACTOR → SOLUTION] 1 4 47 48 41 39 38 49
[INTERACTOR → SOLUTION] 0 8 14 15 0 5 16 17
[INTERACTOR → SOLUTION] 1 3 29 30 18 15 14 26
[INTERACTOR → SOLUTION] 4 8 41 42 31 30 29 39
[INTERACTOR → SOLUTION] 2 10 50 51 43 42 41 48
[INTERACTOR → SOLUTION] 5 0 0 1 2 3 4 5
[INTERACTOR → SOLUTION] 2 5 18 19 6 1 0 15
[INTERACTOR → SOLUTION] 0 11 31 32 20 19 18 30
[INTERACTOR → SOLUTION] 3 10 43 44 33 32 31 42
[INTERACTOR → SOLUTION] 2 3 52 53 45 44 43 51
[INTERACTOR → SOLUTION] 3 6 6 7 8 9 2 1
[INTERACTOR → SOLUTION] 4 2 20 21 10 7 6 19
[INTERACTOR → SOLUTION] 1 12 33 34 22 21 20 32
[INTERACTOR → SOLUTION] 4 11 45 46 35 34 33 44
[INTERACTOR → SOLUTION] 2 9 10 11 12 13 8 7
[INTERACTOR → SOLUTION] 3 5 22 23 24 11 10 21
[INTERACTOR → SOLUTION] 0 9 35 36 37 23 22 34
[INTERACTOR → SOLUTION] C0 2 12 13
[INTERACTOR → SOLUTION] C1 2 27 28
[INTERACTOR → SOLUTION] C2 2 35 36
[INTERACTOR → SOLUTION] C3 2 4 5
[INTERACTOR → SOLUTION] C4 2 16 17
[INTERACTOR → SOLUTION] C31 8 23 37 38 49 2 9 45 53
[SOLUTION → INTERACTOR] START
[SOLUTION → INTERACTOR] BUILD_DC 15
[SOLUTION → INTERACTOR] BUILD_DC 26
[SOLUTION → INTERACTOR] BUILD_CABLE 15 14
[SOLUTION → INTERACTOR] BUILD_CABLE 26 29
[INTERACTOR → SOLUTION] 5
[INTERACTOR → SOLUTION] 0 0 1 0 0
[SOLUTION → INTERACTOR] 0
[INTERACTOR → SOLUTION] 9
[INTERACTOR → SOLUTION] 0 0 1 0 0
[SOLUTION → INTERACTOR] 0
[INTERACTOR → SOLUTION] 3
[INTERACTOR → SOLUTION] 0 2 1 0 0
[SOLUTION → INTERACTOR] 0
[INTERACTOR → SOLUTION] 9
[INTERACTOR → SOLUTION] 0 2 1 0 0
[SOLUTION → INTERACTOR] 0
[INTERACTOR → SOLUTION] 6
[INTERACTOR → SOLUTION] 1 2 1 0 0
[SOLUTION → INTERACTOR] 1
[SOLUTION → INTERACTOR] BUILD_CABLE 29 39
[INTERACTOR → SOLUTION] 5
[INTERACTOR → SOLUTION] 0 1 2 0 0
[SOLUTION → INTERACTOR] 0
[INTERACTOR → SOLUTION] 6
[INTERACTOR → SOLUTION] 1 1 2 0 0
[SOLUTION → INTERACTOR] 1
[SOLUTION → INTERACTOR] BUILD_CABLE 39 38
[INTERACTOR → SOLUTION] 9
[INTERACTOR → SOLUTION] 0 0 2 0 0
[SOLUTION → INTERACTOR] 0
[INTERACTOR → SOLUTION] 7
[INTERACTOR → SOLUTION] 0 0 2 0 0
[SOLUTION → INTERACTOR] 0
[INTERACTOR → SOLUTION] 5
[INTERACTOR → SOLUTION] 0 0 3 0 0
[SOLUTION → INTERACTOR] 0
[INTERACTOR → SOLUTION] 5
[INTERACTOR → SOLUTION] 0 0 4 0 0
[SOLUTION → INTERACTOR] 0
[INTERACTOR → SOLUTION] 3
[INTERACTOR → SOLUTION] 0 2 4 0 0
[SOLUTION → INTERACTOR] 0
[INTERACTOR → SOLUTION] 9
[INTERACTOR → SOLUTION] 0 2 4 0 0
[SOLUTION → INTERACTOR] 0
[INTERACTOR → SOLUTION] 10
[INTERACTOR → SOLUTION] 0 2 4 0 0
[SOLUTION → INTERACTOR] 0
[INTERACTOR → SOLUTION] 5
[INTERACTOR → SOLUTION] 0 2 5 0 0
[SOLUTION → INTERACTOR] 0
[INTERACTOR → SOLUTION] 7
[INTERACTOR → SOLUTION] 0 2 5 0 0
[SOLUTION → INTERACTOR] 0
[INTERACTOR → SOLUTION] 5
[INTERACTOR → SOLUTION] 0 2 6 0 0
[SOLUTION → INTERACTOR] 0
[INTERACTOR → SOLUTION] 6
[INTERACTOR → SOLUTION] 1 2 6 0 0
[SOLUTION → INTERACTOR] 1
[SOLUTION → INTERACTOR] BUILD_CABLE 38 49
[INTERACTOR → SOLUTION] 8
[INTERACTOR → SOLUTION] 1 1 6 0 0
[SOLUTION → INTERACTOR] 1
[SOLUTION → INTERACTOR] BUILD_CABLE 39 41
[INTERACTOR → SOLUTION] 7
[INTERACTOR → SOLUTION] 0 0 6 0 0
[SOLUTION → INTERACTOR] 0
[INTERACTOR → SOLUTION] 8
[INTERACTOR → SOLUTION] 1 0 6 0 0
[SOLUTION → INTERACTOR] 0
[INTERACTOR → SOLUTION] 3
[INTERACTOR → SOLUTION] 1 2 6 0 0
[SOLUTION → INTERACTOR] 1
[SOLUTION → INTERACTOR] BUILD_CABLE 41 42
[INTERACTOR → SOLUTION] 7
[INTERACTOR → SOLUTION] 0 1 6 0 0
[SOLUTION → INTERACTOR] 0
[INTERACTOR → SOLUTION] 7
[INTERACTOR → SOLUTION] 0 1 6 0 0
[SOLUTION → INTERACTOR] 0
[INTERACTOR → SOLUTION] 6
[INTERACTOR → SOLUTION] 1 1 6 0 0
[SOLUTION → INTERACTOR] 1
[SOLUTION → INTERACTOR] BUILD_CABLE 42 31
[INTERACTOR → SOLUTION] 12
[INTERACTOR → SOLUTION] 0 0 6 0 0
[SOLUTION → INTERACTOR] 0
[INTERACTOR → SOLUTION] 9
[INTERACTOR → SOLUTION] 0 0 6 0 0
[SOLUTION → INTERACTOR] 0
[INTERACTOR → SOLUTION] 7
[INTERACTOR → SOLUTION] 0 0 6 0 0
[SOLUTION → INTERACTOR] 0
[INTERACTOR → SOLUTION] 5
[INTERACTOR → SOLUTION] 0 0 7 0 0
[SOLUTION → INTERACTOR] 1
[SOLUTION → INTERACTOR] CONVERT 2 0
[INTERACTOR → SOLUTION] 2
[INTERACTOR → SOLUTION] 1 0 3 0 0
[SOLUTION → INTERACTOR] 0
[INTERACTOR → SOLUTION] 9
[INTERACTOR → SOLUTION] 1 0 3 0 0
[SOLUTION → INTERACTOR] 0
[INTERACTOR → SOLUTION] 7
[INTERACTOR → SOLUTION] 1 0 3 0 0
[SOLUTION → INTERACTOR] 0
[INTERACTOR → SOLUTION] 7
[INTERACTOR → SOLUTION] 1 0 3 0 0
[SOLUTION → INTERACTOR] 0
[INTERACTOR → SOLUTION] 9
[INTERACTOR → SOLUTION] 1 0 3 0 0
[SOLUTION → INTERACTOR] 0
[INTERACTOR → SOLUTION] 10
[INTERACTOR → SOLUTION] 1 0 3 0 0
[SOLUTION → INTERACTOR] 0
[INTERACTOR → SOLUTION] 7
[INTERACTOR → SOLUTION] 1 0 3 0 0
[SOLUTION → INTERACTOR] 0
[INTERACTOR → SOLUTION] 7
[INTERACTOR → SOLUTION] 1 0 3 0 0
[SOLUTION → INTERACTOR] 0
[INTERACTOR → SOLUTION] 6
[INTERACTOR → SOLUTION] 2 0 3 0 0
[SOLUTION → INTERACTOR] 0
[INTERACTOR → SOLUTION] 6
[INTERACTOR → SOLUTION] 3 0 3 0 0
[SOLUTION → INTERACTOR] 0
[INTERACTOR → SOLUTION] 6
[INTERACTOR → SOLUTION] 4 0 3 0 0
[SOLUTION → INTERACTOR] 0
[INTERACTOR → SOLUTION] 3
[INTERACTOR → SOLUTION] 4 2 3 0 0
[SOLUTION → INTERACTOR] 2
[SOLUTION → INTERACTOR] BUILD_CABLE 29 30
[SOLUTION → INTERACTOR] BUILD_CABLE 14 17
[INTERACTOR → SOLUTION] 5
[INTERACTOR → SOLUTION] 2 0 4 0 0
[SOLUTION → INTERACTOR] 0
[INTERACTOR → SOLUTION] 9
[INTERACTOR → SOLUTION] 2 0 4 0 0
[SOLUTION → INTERACTOR] 0
[INTERACTOR → SOLUTION] 5
[INTERACTOR → SOLUTION] 2 0 5 0 0
[SOLUTION → INTERACTOR] 0
[INTERACTOR → SOLUTION] 3
[INTERACTOR → SOLUTION] 2 2 5 0 0
[SOLUTION → INTERACTOR] 2
[SOLUTION → INTERACTOR] BUILD_CABLE 42 43
[SOLUTION → INTERACTOR] BUILD_CABLE 43 44
[INTERACTOR → SOLUTION] 8
[INTERACTOR → SOLUTION] 1 0 5 0 0
[SOLUTION → INTERACTOR] 0
[INTERACTOR → SOLUTION] 5
[INTERACTOR → SOLUTION] 1 0 6 0 0
[SOLUTION → INTERACTOR] 0
[INTERACTOR → SOLUTION] 10
[INTERACTOR → SOLUTION] 1 0 6 0 0
[SOLUTION → INTERACTOR] 0
[INTERACTOR → SOLUTION] 10
[INTERACTOR → SOLUTION] 1 0 6 0 0
[SOLUTION → INTERACTOR] 0
[INTERACTOR → SOLUTION] 7
[INTERACTOR → SOLUTION] 1 0 6 0 0
[SOLUTION → INTERACTOR] 0
[INTERACTOR → SOLUTION] 9
[INTERACTOR → SOLUTION] 1 0 6 0 0
[SOLUTION → INTERACTOR] 0
[INTERACTOR → SOLUTION] 4
[INTERACTOR → SOLUTION] 1 0 6 1 0
[SOLUTION → INTERACTOR] 0
[INTERACTOR → SOLUTION] 11
[INTERACTOR → SOLUTION] 1 0 6 1 0
[SOLUTION → INTERACTOR] 0
[INTERACTOR → SOLUTION] 7
[INTERACTOR → SOLUTION] 1 0 6 1 0
[SOLUTION → INTERACTOR] 0
[INTERACTOR → SOLUTION] 4
[INTERACTOR → SOLUTION] 1 0 6 2 0
[SOLUTION → INTERACTOR] 0
[INTERACTOR → SOLUTION] 2
[INTERACTOR → SOLUTION] 1 0 6 2 0
[SOLUTION → INTERACTOR] 0
[INTERACTOR → SOLUTION] 7
[INTERACTOR → SOLUTION] 1 0 6 2 0
[SOLUTION → INTERACTOR] 0
[INTERACTOR → SOLUTION] 9
[INTERACTOR → SOLUTION] 1 0 6 2 0
[SOLUTION → INTERACTOR] 0
[INTERACTOR → SOLUTION] 8
[INTERACTOR → SOLUTION] 2 0 6 2 0
[SOLUTION → INTERACTOR] 0
[INTERACTOR → SOLUTION] 11
[INTERACTOR → SOLUTION] 2 0 6 2 0
[SOLUTION → INTERACTOR] 0
[INTERACTOR → SOLUTION] 11
[INTERACTOR → SOLUTION] 2 0 6 2 0
[SOLUTION → INTERACTOR] 0
[INTERACTOR → SOLUTION] 6
[INTERACTOR → SOLUTION] 3 0 6 2 0
[SOLUTION → INTERACTOR] 0
[INTERACTOR → SOLUTION] 5
[INTERACTOR → SOLUTION] 3 0 7 2 0
[SOLUTION → INTERACTOR] 2
[SOLUTION → INTERACTOR] CONVERT 2 1
[SOLUTION → INTERACTOR] BUILD_DC 39
[INTERACTOR → SOLUTION] 10
[INTERACTOR → SOLUTION] 2 0 2 1 0
[SOLUTION → INTERACTOR] 0
[INTERACTOR → SOLUTION] 7
[INTERACTOR → SOLUTION] 2 0 2 1 0
[SOLUTION → INTERACTOR] 0
[INTERACTOR → SOLUTION] 7
[INTERACTOR → SOLUTION] 2 0 2 1 0
[SOLUTION → INTERACTOR] 0
[INTERACTOR → SOLUTION] 7
[INTERACTOR → SOLUTION] 2 0 2 1 0
[SOLUTION → INTERACTOR] 0
[INTERACTOR → SOLUTION] 8
[INTERACTOR → SOLUTION] 3 0 2 1 1
[SOLUTION → INTERACTOR] 0
[INTERACTOR → SOLUTION] 4
[INTERACTOR → SOLUTION] 3 1 2 2 1
[SOLUTION → INTERACTOR] 1
[SOLUTION → INTERACTOR] BUILD_DC 42
[INTERACTOR → SOLUTION] 4
[INTERACTOR → SOLUTION] 2 1 1 2 1
[SOLUTION → INTERACTOR] 1
[SOLUTION → INTERACTOR] BUILD_DC 30
[INTERACTOR → SOLUTION] 4
[INTERACTOR → SOLUTION] 1 1 0 2 1
[SOLUTION → INTERACTOR] 1
[SOLUTION → INTERACTOR] BUILD_CABLE 44 45
[INTERACTOR → SOLUTION] 11
[INTERACTOR → SOLUTION] 1 0 0 2 1
[SOLUTION → INTERACTOR] 0
[INTERACTOR → SOLUTION] 6
[INTERACTOR → SOLUTION] 3 0 0 2 1
[SOLUTION → INTERACTOR] 0
[INTERACTOR → SOLUTION] 6
[INTERACTOR → SOLUTION] 5 0 0 2 1
[SOLUTION → INTERACTOR] 0
[INTERACTOR → SOLUTION] 7
[INTERACTOR → SOLUTION] 5 0 0 2 1
[SOLUTION → INTERACTOR] 0
[INTERACTOR → SOLUTION] 6
[INTERACTOR → SOLUTION] 7 0 0 2 1
[SOLUTION → INTERACTOR] 2
[SOLUTION → INTERACTOR] CONVERT 0 1
[SOLUTION → INTERACTOR] BUILD_CABLE 45 53
[INTERACTOR → SOLUTION] 7
[INTERACTOR → SOLUTION] 2 0 0 2 1
[SOLUTION → INTERACTOR] 0
[INTERACTOR → SOLUTION] 6
[INTERACTOR → SOLUTION] 4 0 0 2 1
[SOLUTION → INTERACTOR] 0
[INTERACTOR → SOLUTION] 9
[INTERACTOR → SOLUTION] 4 0 0 2 1
[SOLUTION → INTERACTOR] 0
[INTERACTOR → SOLUTION] 6
[INTERACTOR → SOLUTION] 6 0 0 2 1
[SOLUTION → INTERACTOR] 0
[INTERACTOR → SOLUTION] 8
[INTERACTOR → SOLUTION] 7 0 0 2 4
[SOLUTION → INTERACTOR] 2
[SOLUTION → INTERACTOR] CONVERT 0 1
[SOLUTION → INTERACTOR] BUILD_CABLE 31 32
[INTERACTOR → SOLUTION] 7
[INTERACTOR → SOLUTION] 2 0 0 2 4
[SOLUTION → INTERACTOR] 0
[INTERACTOR → SOLUTION] 8
[INTERACTOR → SOLUTION] 3 0 0 2 7
[SOLUTION → INTERACTOR] 0
[INTERACTOR → SOLUTION] 8
[INTERACTOR → SOLUTION] 4 0 0 2 10
[SOLUTION → INTERACTOR] 0
[INTERACTOR → SOLUTION] 7
[INTERACTOR → SOLUTION] 4 0 0 2 10
[SOLUTION → INTERACTOR] 0
[INTERACTOR → SOLUTION] 5
[INTERACTOR → SOLUTION] 4 0 1 2 10
[SOLUTION → INTERACTOR] 0
[INTERACTOR → SOLUTION] 10
[INTERACTOR → SOLUTION] 4 0 2 3 10
[SOLUTION → INTERACTOR] 1
[SOLUTION → INTERACTOR] UPGRADE_DC 39
[INTERACTOR → SOLUTION] 7
[INTERACTOR → SOLUTION] 4 0 2 1 7
[SOLUTION → INTERACTOR] 0
[INTERACTOR → SOLUTION] 4
[INTERACTOR → SOLUTION] 4 2 2 2 7
[SOLUTION → INTERACTOR] 3
[SOLUTION → INTERACTOR] BUILD_DC 17
[SOLUTION → INTERACTOR] BUILD_DC 44
[SOLUTION → INTERACTOR] CONVERT 4 3
[INTERACTOR → SOLUTION] 9
[INTERACTOR → SOLUTION] 2 0 0 1 5
[SOLUTION → INTERACTOR] 0
[INTERACTOR → SOLUTION] 2
[INTERACTOR → SOLUTION] 2 0 0 1 5
[SOLUTION → INTERACTOR] 0
[INTERACTOR → SOLUTION] 8
[INTERACTOR → SOLUTION] 4 0 0 1 9
[SOLUTION → INTERACTOR] 0
[INTERACTOR → SOLUTION] 6
[INTERACTOR → SOLUTION] 7 0 0 1 9
[SOLUTION → INTERACTOR] 1
[SOLUTION → INTERACTOR] CONVERT 0 1
[INTERACTOR → SOLUTION] 5
[INTERACTOR → SOLUTION] 3 1 1 1 9
[SOLUTION → INTERACTOR] 2
[SOLUTION → INTERACTOR] BUILD_DC 32
[SOLUTION → INTERACTOR] CONVERT 4 3
[INTERACTOR → SOLUTION] 4
[INTERACTOR → SOLUTION] 2 2 0 3 7
[SOLUTION → INTERACTOR] 1
[SOLUTION → INTERACTOR] UPGRADE_DC 15
[INTERACTOR → SOLUTION] 10
[INTERACTOR → SOLUTION] 2 2 1 4 4
[SOLUTION → INTERACTOR] 2
[SOLUTION → INTERACTOR] BUILD_DC 49
[SOLUTION → INTERACTOR] UPGRADE_DC 42
[INTERACTOR → SOLUTION] SCORE: 574
