[INTERACTOR → SOLUTION] 10
[INTERACTOR → SOLUTION] 103
[INTERACTOR → SOLUTION] 3 2 25 26 14 17 27 28
[INTERACTOR → SOLUTION] 2 2 38 39 29 26 25 40
[INTERACTOR → SOLUTION] 2 2 47 48 41 39 38 49
[INTERACTOR → SOLUTION] 3 2 14 15 0 5 16 17
[INTERACTOR → SOLUTION] 2 2 29 30 18 15 14 26
[INTERACTOR → SOLUTION] 1 2 41 42 31 30 29 39
[INTERACTOR → SOLUTION] 1 2 50 51 43 42 41 48
[INTERACTOR → SOLUTION] 0 2 0 1 2 3 4 5
[INTERACTOR → SOLUTION] 2 2 18 19 6 1 0 15
[INTERACTOR → SOLUTION] 4 2 31 32 20 19 18 30
[INTERACTOR → SOLUTION] 0 2 43 44 33 32 31 42
[INTERACTOR → SOLUTION] 3 2 52 53 45 44 43 51
[INTERACTOR → SOLUTION] 3 2 6 7 8 9 2 1
[INTERACTOR → SOLUTION] 0 2 20 21 10 7 6 19
[INTERACTOR → SOLUTION] 4 2 33 34 22 21 20 32
[INTERACTOR → SOLUTION] 1 2 45 46 35 34 33 44
[INTERACTOR → SOLUTION] 4 2 10 11 12 13 8 7
[INTERACTOR → SOLUTION] 5 0 22 23 24 11 10 21
[INTERACTOR → SOLUTION] 0 2 35 36 37 23 22 34
[INTERACTOR → SOLUTION] C0 2 47 48
[INTERACTOR → SOLUTION] C1 2 4 5
[INTERACTOR → SOLUTION] C2 2 35 46
[INTERACTOR → SOLUTION] C3 2 11 12
[INTERACTOR → SOLUTION] C4 2 38 49
[INTERACTOR → SOLUTION] C31 8 27 28 52 53 2 9 25 40
[SOLUTION → INTERACTOR] START
[SOLUTION → INTERACTOR] BUILD_DC 0
[SOLUTION → INTERACTOR] BUILD_DC 29
[SOLUTION → INTERACTOR] BUILD_CABLE 0 1
[SOLUTION → INTERACTOR] BUILD_CABLE 29 26
[INTERACTOR → SOLUTION] 4
[INTERACTOR → SOLUTION] 0 0 0 0 0
[SOLUTION → INTERACTOR] 0
[INTERACTOR → SOLUTION] 10
[INTERACTOR → SOLUTION] 0 0 0 0 0
[SOLUTION → INTERACTOR] 0
[INTERACTOR → SOLUTION] 11
[INTERACTOR → SOLUTION] 0 0 0 0 0
[SOLUTION → INTERACTOR] 0
[INTERACTOR → SOLUTION] 5
[INTERACTOR → SOLUTION] 0 0 0 0 0
[SOLUTION → INTERACTOR] 0
[INTERACTOR → SOLUTION] 8
[INTERACTOR → SOLUTION] 0 0 0 0 0
[SOLUTION → INTERACTOR] 0
[INTERACTOR → SOLUTION] 4
[INTERACTOR → SOLUTION] 0 0 0 0 0
[SOLUTION → INTERACTOR] 0
[INTERACTOR → SOLUTION] 9
[INTERACTOR → SOLUTION] 0 0 0 0 0
[SOLUTION → INTERACTOR] 0
[INTERACTOR → SOLUTION] 7
[INTERACTOR → SOLUTION] 0 0 0 0 0
[SOLUTION → INTERACTOR] 0
[INTERACTOR → SOLUTION] 6
[INTERACTOR → SOLUTION] 0 0 0 0 0
[SOLUTION → INTERACTOR] 0
[INTERACTOR → SOLUTION] 7
[INTERACTOR → SOLUTION] 0 0 0 0 0
[SOLUTION → INTERACTOR] 0
[INTERACTOR → SOLUTION] 10
[INTERACTOR → SOLUTION] 0 0 0 0 0
[SOLUTION → INTERACTOR] 0
[INTERACTOR → SOLUTION] 9
[INTERACTOR → SOLUTION] 0 0 0 0 0
[SOLUTION → INTERACTOR] 0
[INTERACTOR → SOLUTION] 5
[INTERACTOR → SOLUTION] 0 0 0 0 0
[SOLUTION → INTERACTOR] 0
[INTERACTOR → SOLUTION] 10
[INTERACTOR → SOLUTION] 0 0 0 0 0
[SOLUTION → INTERACTOR] 0
[INTERACTOR → SOLUTION] 6
[INTERACTOR → SOLUTION] 0 0 0 0 0
[SOLUTION → INTERACTOR] 0
[INTERACTOR → SOLUTION] 7
[INTERACTOR → SOLUTION] 0 0 0 0 0
[SOLUTION → INTERACTOR] 0
[INTERACTOR → SOLUTION] 6
[INTERACTOR → SOLUTION] 0 0 0 0 0
[SOLUTION → INTERACTOR] 0
[INTERACTOR → SOLUTION] 7
[INTERACTOR → SOLUTION] 0 0 0 0 0
[SOLUTION → INTERACTOR] 0
[INTERACTOR → SOLUTION] 5
[INTERACTOR → SOLUTION] 0 0 0 0 0
[SOLUTION → INTERACTOR] 0
[INTERACTOR → SOLUTION] 3
[INTERACTOR → SOLUTION] 0 0 0 0 0
[SOLUTION → INTERACTOR] 0
[INTERACTOR → SOLUTION] 12
[INTERACTOR → SOLUTION] 0 0 0 0 0
[SOLUTION → INTERACTOR] 0
[INTERACTOR → SOLUTION] 10
[INTERACTOR → SOLUTION] 0 0 0 0 0
[SOLUTION → INTERACTOR] 0
[INTERACTOR → SOLUTION] 8
[INTERACTOR → SOLUTION] 0 0 0 0 0
[SOLUTION → INTERACTOR] 0
[INTERACTOR → SOLUTION] 9
[INTERACTOR → SOLUTION] 0 0 0 0 0
[SOLUTION → INTERACTOR] 0
[INTERACTOR → SOLUTION] 9
[INTERACTOR → SOLUTION] 0 0 0 0 0
[SOLUTION → INTERACTOR] 0
[INTERACTOR → SOLUTION] 9
[INTERACTOR → SOLUTION] 0 0 0 0 0
[SOLUTION → INTERACTOR] 0
[INTERACTOR → SOLUTION] 7
[INTERACTOR → SOLUTION] 0 0 0 0 0
[SOLUTION → INTERACTOR] 0
[INTERACTOR → SOLUTION] 9
[INTERACTOR → SOLUTION] 0 0 0 0 0
[SOLUTION → INTERACTOR] 0
[INTERACTOR → SOLUTION] 2
[INTERACTOR → SOLUTION] 1 1 3 1 0
[SOLUTION → INTERACTOR] 1
[SOLUTION → INTERACTOR] BUILD_CABLE 1 2
[INTERACTOR → SOLUTION] 4
[INTERACTOR → SOLUTION] 0 0 3 1 0
[SOLUTION → INTERACTOR] 0
[INTERACTOR → SOLUTION] 6
[INTERACTOR → SOLUTION] 0 0 3 1 0
[SOLUTION → INTERACTOR] 0
[INTERACTOR → SOLUTION] 9
[INTERACTOR → SOLUTION] 0 0 3 1 0
[SOLUTION → INTERACTOR] 0
[INTERACTOR → SOLUTION] 8
[INTERACTOR → SOLUTION] 0 0 3 1 0
[SOLUTION → INTERACTOR] 0
[INTERACTOR → SOLUTION] 10
[INTERACTOR → SOLUTION] 0 0 3 1 0
[SOLUTION → INTERACTOR] 0
[INTERACTOR → SOLUTION] 5
[INTERACTOR → SOLUTION] 0 0 3 1 0
[SOLUTION → INTERACTOR] 0
[INTERACTOR → SOLUTION] 5
[INTERACTOR → SOLUTION] 0 0 3 1 0
[SOLUTION → INTERACTOR] 0
[INTERACTOR → SOLUTION] 7
[INTERACTOR → SOLUTION] 0 0 3 1 0
[SOLUTION → INTERACTOR] 0
[INTERACTOR → SOLUTION] 4
[INTERACTOR → SOLUTION] 0 0 3 1 0
[SOLUTION → INTERACTOR] 0
[INTERACTOR → SOLUTION] 5
[INTERACTOR → SOLUTION] 0 0 3 1 0
[SOLUTION → INTERACTOR] 0
[INTERACTOR → SOLUTION] 7
[INTERACTOR → SOLUTION] 0 0 3 1 0
[SOLUTION → INTERACTOR] 0
[INTERACTOR → SOLUTION] 7
[INTERACTOR → SOLUTION] 0 0 3 1 0
[SOLUTION → INTERACTOR] 0
[INTERACTOR → SOLUTION] 8
[INTERACTOR → SOLUTION] 0 0 3 1 0
[SOLUTION → INTERACTOR] 0
[INTERACTOR → SOLUTION] 10
[INTERACTOR → SOLUTION] 0 0 3 1 0
[SOLUTION → INTERACTOR] 0
[INTERACTOR → SOLUTION] 10
[INTERACTOR → SOLUTION] 0 0 3 1 0
[SOLUTION → INTERACTOR] 0
[INTERACTOR → SOLUTION] 7
[INTERACTOR → SOLUTION] 0 0 3 1 0
[SOLUTION → INTERACTOR] 0
[INTERACTOR → SOLUTION] 2
[INTERACTOR → SOLUTION] 1 1 6 2 0
[SOLUTION → INTERACTOR] 1
[SOLUTION → INTERACTOR] BUILD_DC 2
[INTERACTOR → SOLUTION] 5
[INTERACTOR → SOLUTION] 0 0 5 1 0
[SOLUTION → INTERACTOR] 0
[INTERACTOR → SOLUTION] 6
[INTERACTOR → SOLUTION] 0 0 5 1 0
[SOLUTION → INTERACTOR] 0
[INTERACTOR → SOLUTION] 8
[INTERACTOR → SOLUTION] 0 0 5 1 0
[SOLUTION → INTERACTOR] 0
[INTERACTOR → SOLUTION] 6
[INTERACTOR → SOLUTION] 0 0 5 1 0
[SOLUTION → INTERACTOR] 0
[INTERACTOR → SOLUTION] 10
[INTERACTOR → SOLUTION] 0 0 5 1 0
[SOLUTION → INTERACTOR] 0
[INTERACTOR → SOLUTION] 9
[INTERACTOR → SOLUTION] 0 0 5 1 0
[SOLUTION → INTERACTOR] 0
[INTERACTOR → SOLUTION] 9
[INTERACTOR → SOLUTION] 0 0 5 1 0
[SOLUTION → INTERACTOR] 0
[INTERACTOR → SOLUTION] 7
[INTERACTOR → SOLUTION] 0 0 5 1 0
[SOLUTION → INTERACTOR] 0
[INTERACTOR → SOLUTION] 8
[INTERACTOR → SOLUTION] 0 0 5 1 0
[SOLUTION → INTERACTOR] 0
[INTERACTOR → SOLUTION] 3
[INTERACTOR → SOLUTION] 0 0 5 1 0
[SOLUTION → INTERACTOR] 0
[INTERACTOR → SOLUTION] 6
[INTERACTOR → SOLUTION] 0 0 5 1 0
[SOLUTION → INTERACTOR] 0
[INTERACTOR → SOLUTION] 4
[INTERACTOR → SOLUTION] 0 0 5 1 0
[SOLUTION → INTERACTOR] 0
[INTERACTOR → SOLUTION] 10
[INTERACTOR → SOLUTION] 0 0 5 1 0
[SOLUTION → INTERACTOR] 0
[INTERACTOR → SOLUTION] 10
[INTERACTOR → SOLUTION] 0 0 5 1 0
[SOLUTION → INTERACTOR] 0
[INTERACTOR → SOLUTION] 7
[INTERACTOR → SOLUTION] 0 0 5 1 0
[SOLUTION → INTERACTOR] 0
[INTERACTOR → SOLUTION] 11
[INTERACTOR → SOLUTION] 0 0 5 1 0
[SOLUTION → INTERACTOR] 0
[INTERACTOR → SOLUTION] 7
[INTERACTOR → SOLUTION] 0 0 5 1 0
[SOLUTION → INTERACTOR] 0
[INTERACTOR → SOLUTION] 7
[INTERACTOR → SOLUTION] 0 0 5 1 0
[SOLUTION → INTERACTOR] 0
[INTERACTOR → SOLUTION] 4
[INTERACTOR → SOLUTION] 0 0 5 1 0
[SOLUTION → INTERACTOR] 0
[INTERACTOR → SOLUTION] 5
[INTERACTOR → SOLUTION] 0 0 5 1 0
[SOLUTION → INTERACTOR] 0
[INTERACTOR → SOLUTION] 4
[INTERACTOR → SOLUTION] 0 0 5 1 0
[SOLUTION → INTERACTOR] 0
[INTERACTOR → SOLUTION] 8
[INTERACTOR → SOLUTION] 0 0 5 1 0
[SOLUTION → INTERACTOR] 0
[INTERACTOR → SOLUTION] 4
[INTERACTOR → SOLUTION] 0 0 5 1 0
[SOLUTION → INTERACTOR] 0
[INTERACTOR → SOLUTION] 5
[INTERACTOR → SOLUTION] 0 0 5 1 0
[SOLUTION → INTERACTOR] 0
[INTERACTOR → SOLUTION] 8
[INTERACTOR → SOLUTION] 0 0 5 1 0
[SOLUTION → INTERACTOR] 0
[INTERACTOR → SOLUTION] 4
[INTERACTOR → SOLUTION] 0 0 5 1 0
[SOLUTION → INTERACTOR] 0
[INTERACTOR → SOLUTION] 4
[INTERACTOR → SOLUTION] 0 0 5 1 0
[SOLUTION → INTERACTOR] 0
[INTERACTOR → SOLUTION] 7
[INTERACTOR → SOLUTION] 0 0 5 1 0
[SOLUTION → INTERACTOR] 0
[INTERACTOR → SOLUTION] 8
[INTERACTOR → SOLUTION] 0 0 5 1 0
[SOLUTION → INTERACTOR] 0
[INTERACTOR → SOLUTION] 6
[INTERACTOR → SOLUTION] 0 0 5 1 0
[SOLUTION → INTERACTOR] 0
[INTERACTOR → SOLUTION] 5
[INTERACTOR → SOLUTION] 0 0 5 1 0
[SOLUTION → INTERACTOR] 0
[INTERACTOR → SOLUTION] 9
[INTERACTOR → SOLUTION] 0 0 5 1 0
[SOLUTION → INTERACTOR] 0
[INTERACTOR → SOLUTION] 11
[INTERACTOR → SOLUTION] 0 0 5 1 0
[SOLUTION → INTERACTOR] 0
[INTERACTOR → SOLUTION] 7
[INTERACTOR → SOLUTION] 0 0 5 1 0
[SOLUTION → INTERACTOR] 0
[INTERACTOR → SOLUTION] 10
[INTERACTOR → SOLUTION] 0 0 5 1 0
[SOLUTION → INTERACTOR] 0
[INTERACTOR → SOLUTION] 8
[INTERACTOR → SOLUTION] 0 0 5 1 0
[SOLUTION → INTERACTOR] 0
[INTERACTOR → SOLUTION] 9
[INTERACTOR → SOLUTION] 0 0 5 1 0
[SOLUTION → INTERACTOR] 0
[INTERACTOR → SOLUTION] 8
[INTERACTOR → SOLUTION] 0 0 5 1 0
[SOLUTION → INTERACTOR] 0
[INTERACTOR → SOLUTION] 4
[INTERACTOR → SOLUTION] 0 0 5 1 0
[SOLUTION → INTERACTOR] 0
[INTERACTOR → SOLUTION] 6
[INTERACTOR → SOLUTION] 0 0 5 1 0
[SOLUTION → INTERACTOR] 0
[INTERACTOR → SOLUTION] 4
[INTERACTOR → SOLUTION] 0 0 5 1 0
[SOLUTION → INTERACTOR] 0
[INTERACTOR → SOLUTION] 8
[INTERACTOR → SOLUTION] 0 0 5 1 0
[SOLUTION → INTERACTOR] 0
[INTERACTOR → SOLUTION] 8
[INTERACTOR → SOLUTION] 0 0 5 1 0
[SOLUTION → INTERACTOR] 0
[INTERACTOR → SOLUTION] 4
[INTERACTOR → SOLUTION] 0 0 5 1 0
[SOLUTION → INTERACTOR] 0
[INTERACTOR → SOLUTION] 3
[INTERACTOR → SOLUTION] 0 0 5 1 0
[SOLUTION → INTERACTOR] 0
[INTERACTOR → SOLUTION] 7
[INTERACTOR → SOLUTION] 0 0 5 1 0
[SOLUTION → INTERACTOR] 0
[INTERACTOR → SOLUTION] 5
[INTERACTOR → SOLUTION] 0 0 5 1 0
[SOLUTION → INTERACTOR] 0
[INTERACTOR → SOLUTION] 4
[INTERACTOR → SOLUTION] 0 0 5 1 0
[SOLUTION → INTERACTOR] 0
[INTERACTOR → SOLUTION] 8
[INTERACTOR → SOLUTION] 0 0 5 1 0
[SOLUTION → INTERACTOR] 0
[INTERACTOR → SOLUTION] 5
[INTERACTOR → SOLUTION] 0 0 5 1 0
[SOLUTION → INTERACTOR] 0
[INTERACTOR → SOLUTION] 5
[INTERACTOR → SOLUTION] 0 0 5 1 0
[SOLUTION → INTERACTOR] 0
[INTERACTOR → SOLUTION] 6
[INTERACTOR → SOLUTION] 0 0 5 1 0
[SOLUTION → INTERACTOR] 0
[INTERACTOR → SOLUTION] 3
[INTERACTOR → SOLUTION] 0 0 5 1 0
[SOLUTION → INTERACTOR] 0
[INTERACTOR → SOLUTION] 10
[INTERACTOR → SOLUTION] 0 0 5 1 0
[SOLUTION → INTERACTOR] 0
[INTERACTOR → SOLUTION] 8
[INTERACTOR → SOLUTION] 0 0 5 1 0
[SOLUTION → INTERACTOR] 0
[INTERACTOR → SOLUTION] 11
[INTERACTOR → SOLUTION] 0 0 5 1 0
[SOLUTION → INTERACTOR] 0
[INTERACTOR → SOLUTION] 8
[INTERACTOR → SOLUTION] 0 0 5 1 0
[SOLUTION → INTERACTOR] 0
[INTERACTOR → SOLUTION] 120
[INTERACTOR → SOLUTION] 4 3 25 26 14 17 27 28
[INTERACTOR → SOLUTION] 4 3 38 39 29 26 25 40
[INTERACTOR → SOLUTION] 4 3 47 48 41 39 38 49
[INTERACTOR → SOLUTION] 3 3 14 15 0 5 16 17
[INTERACTOR → SOLUTION] 2 3 29 30 18 15 14 26
[INTERACTOR → SOLUTION] 2 3 41 42 31 30 29 39
[INTERACTOR → SOLUTION] 5 0 50 51 43 42 41 48
[INTERACTOR → SOLUTION] 3 3 0 1 2 3 4 5
[INTERACTOR → SOLUTION] 2 3 18 19 6 1 0 15
[INTERACTOR → SOLUTION] 3 3 31 32 20 19 18 30
[INTERACTOR → SOLUTION] 1 3 43 44 33 32 31 42
[INTERACTOR → SOLUTION] 1 3 52 53 45 44 43 51
[INTERACTOR → SOLUTION] 2 3 6 7 8 9 2 1
[INTERACTOR → SOLUTION] 3 3 20 21 10 7 6 19
[INTERACTOR → SOLUTION] 0 3 33 34 22 21 20 32
[INTERACTOR → SOLUTION] 0 3 45 46 35 34 33 44
[INTERACTOR → SOLUTION] 0 3 10 11 12 13 8 7
[INTERACTOR → SOLUTION] 1 3 22 23 24 11 10 21
[INTERACTOR → SOLUTION] 4 3 35 36 37 23 22 34
[INTERACTOR → SOLUTION] C0 2 16 17
[INTERACTOR → SOLUTION] C1 2 48 50
[INTERACTOR → SOLUTION] C2 2 38 49
[INTERACTOR → SOLUTION] C3 2 8 13
[INTERACTOR → SOLUTION] C4 2 51 52
[INTERACTOR → SOLUTION] C31 8 36 37 11 24 45 46 3 4
[SOLUTION → INTERACTOR] START
[SOLUTION → INTERACTOR] BUILD_DC 0
[SOLUTION → INTERACTOR] BUILD_DC 10
[SOLUTION → INTERACTOR] BUILD_CABLE 0 1
[SOLUTION → INTERACTOR] BUILD_CABLE 10 7
[INTERACTOR → SOLUTION] 11
[INTERACTOR → SOLUTION] 0 0 0 0 0
[SOLUTION → INTERACTOR] 0
[INTERACTOR → SOLUTION] 9
[INTERACTOR → SOLUTION] 0 0 0 0 0
[SOLUTION → INTERACTOR] 0
[INTERACTOR → SOLUTION] 6
[INTERACTOR → SOLUTION] 0 0 0 0 0
[SOLUTION → INTERACTOR] 0
[INTERACTOR → SOLUTION] 7
[INTERACTOR → SOLUTION] 0 0 0 0 0
[SOLUTION → INTERACTOR] 0
[INTERACTOR → SOLUTION] 10
[INTERACTOR → SOLUTION] 0 0 0 0 0
[SOLUTION → INTERACTOR] 0
[INTERACTOR → SOLUTION] 7
[INTERACTOR → SOLUTION] 0 0 0 0 0
[SOLUTION → INTERACTOR] 0
[INTERACTOR → SOLUTION] 7
[INTERACTOR → SOLUTION] 0 0 0 0 0
[SOLUTION → INTERACTOR] 0
[INTERACTOR → SOLUTION] 7
[INTERACTOR → SOLUTION] 0 0 0 0 0
[SOLUTION → INTERACTOR] 0
[INTERACTOR → SOLUTION] 8
[INTERACTOR → SOLUTION] 0 0 0 0 0
[SOLUTION → INTERACTOR] 0
[INTERACTOR → SOLUTION] 7
[INTERACTOR → SOLUTION] 0 0 0 0 0
[SOLUTION → INTERACTOR] 0
[INTERACTOR → SOLUTION] 5
[INTERACTOR → SOLUTION] 0 0 0 0 0
[SOLUTION → INTERACTOR] 0
[INTERACTOR → SOLUTION] 7
[INTERACTOR → SOLUTION] 0 0 0 0 0
[SOLUTION → INTERACTOR] 0
[INTERACTOR → SOLUTION] 7
[INTERACTOR → SOLUTION] 0 0 0 0 0
[SOLUTION → INTERACTOR] 0
[INTERACTOR → SOLUTION] 11
[INTERACTOR → SOLUTION] 0 0 0 0 0
[SOLUTION → INTERACTOR] 0
[INTERACTOR → SOLUTION] 9
[INTERACTOR → SOLUTION] 0 0 0 0 0
[SOLUTION → INTERACTOR] 0
[INTERACTOR → SOLUTION] 10
[INTERACTOR → SOLUTION] 0 0 0 0 0
[SOLUTION → INTERACTOR] 0
[INTERACTOR → SOLUTION] 5
[INTERACTOR → SOLUTION] 0 0 0 0 0
[SOLUTION → INTERACTOR] 0
[INTERACTOR → SOLUTION] 5
[INTERACTOR → SOLUTION] 0 0 0 0 0
[SOLUTION → INTERACTOR] 0
[INTERACTOR → SOLUTION] 5
[INTERACTOR → SOLUTION] 0 0 0 0 0
[SOLUTION → INTERACTOR] 0
[INTERACTOR → SOLUTION] 7
[INTERACTOR → SOLUTION] 0 0 0 0 0
[SOLUTION → INTERACTOR] 0
[INTERACTOR → SOLUTION] 7
[INTERACTOR → SOLUTION] 0 0 0 0 0
[SOLUTION → INTERACTOR] 0
[INTERACTOR → SOLUTION] 8
[INTERACTOR → SOLUTION] 0 0 0 0 0
[SOLUTION → INTERACTOR] 0
[INTERACTOR → SOLUTION] 4
[INTERACTOR → SOLUTION] 0 0 0 0 0
[SOLUTION → INTERACTOR] 0
[INTERACTOR → SOLUTION] 7
[INTERACTOR → SOLUTION] 0 0 0 0 0
[SOLUTION → INTERACTOR] 0
[INTERACTOR → SOLUTION] 7
[INTERACTOR → SOLUTION] 0 0 0 0 0
[SOLUTION → INTERACTOR] 0
[INTERACTOR → SOLUTION] 10
[INTERACTOR → SOLUTION] 0 0 0 0 0
[SOLUTION → INTERACTOR] 0
[INTERACTOR → SOLUTION] 10
[INTERACTOR → SOLUTION] 0 0 0 0 0
[SOLUTION → INTERACTOR] 0
[INTERACTOR → SOLUTION] 8
[INTERACTOR → SOLUTION] 0 0 0 0 0
[SOLUTION → INTERACTOR] 0
[INTERACTOR → SOLUTION] 6
[INTERACTOR → SOLUTION] 0 0 0 0 0
[SOLUTION → INTERACTOR] 0
[INTERACTOR → SOLUTION] 10
[INTERACTOR → SOLUTION] 0 0 0 0 0
[SOLUTION → INTERACTOR] 0
[INTERACTOR → SOLUTION] 6
[INTERACTOR → SOLUTION] 0 0 0 0 0
[SOLUTION → INTERACTOR] 0
[INTERACTOR → SOLUTION] 6
[INTERACTOR → SOLUTION] 0 0 0 0 0
[SOLUTION → INTERACTOR] 0
[INTERACTOR → SOLUTION] 10
[INTERACTOR → SOLUTION] 0 0 0 0 0
[SOLUTION → INTERACTOR] 0
[INTERACTOR → SOLUTION] 8
[INTERACTOR → SOLUTION] 0 0 0 0 0
[SOLUTION → INTERACTOR] 0
[INTERACTOR → SOLUTION] 7
[INTERACTOR → SOLUTION] 0 0 0 0 0
[SOLUTION → INTERACTOR] 0
[INTERACTOR → SOLUTION] 10
[INTERACTOR → SOLUTION] 0 0 0 0 0
[SOLUTION → INTERACTOR] 0
[INTERACTOR → SOLUTION] 10
[INTERACTOR → SOLUTION] 0 0 0 0 0
[SOLUTION → INTERACTOR] 0
[INTERACTOR → SOLUTION] 3
[INTERACTOR → SOLUTION] 1 1 1 3 0
[SOLUTION → INTERACTOR] 1
[SOLUTION → INTERACTOR] BUILD_CABLE 1 2
[INTERACTOR → SOLUTION] 3
[INTERACTOR → SOLUTION] 1 1 2 6 0
[SOLUTION → INTERACTOR] 1
[SOLUTION → INTERACTOR] BUILD_DC 2
[INTERACTOR → SOLUTION] 11
[INTERACTOR → SOLUTION] 0 0 1 5 0
[SOLUTION → INTERACTOR] 0
[INTERACTOR → SOLUTION] 9
[INTERACTOR → SOLUTION] 0 0 1 5 0
[SOLUTION → INTERACTOR] 0
[INTERACTOR → SOLUTION] 10
[INTERACTOR → SOLUTION] 0 0 1 5 0
[SOLUTION → INTERACTOR] 0
[INTERACTOR → SOLUTION] 6
[INTERACTOR → SOLUTION] 0 0 1 5 0
[SOLUTION → INTERACTOR] 0
[INTERACTOR → SOLUTION] 5
[INTERACTOR → SOLUTION] 0 0 1 5 0
[SOLUTION → INTERACTOR] 0
[INTERACTOR → SOLUTION] 7
[INTERACTOR → SOLUTION] 0 0 1 5 0
[SOLUTION → INTERACTOR] 0
[INTERACTOR → SOLUTION] 6
[INTERACTOR → SOLUTION] 0 0 1 5 0
[SOLUTION → INTERACTOR] 0
[INTERACTOR → SOLUTION] 8
[INTERACTOR → SOLUTION] 0 0 1 5 0
[SOLUTION → INTERACTOR] 0
[INTERACTOR → SOLUTION] 8
[INTERACTOR → SOLUTION] 0 0 1 5 0
[SOLUTION → INTERACTOR] 0
[INTERACTOR → SOLUTION] 9
[INTERACTOR → SOLUTION] 0 0 1 5 0
[SOLUTION → INTERACTOR] 0
[INTERACTOR → SOLUTION] 9
[INTERACTOR → SOLUTION] 0 0 1 5 0
[SOLUTION → INTERACTOR] 0
[INTERACTOR → SOLUTION] 7
[INTERACTOR → SOLUTION] 0 0 1 5 0
[SOLUTION → INTERACTOR] 0
[INTERACTOR → SOLUTION] 10
[INTERACTOR → SOLUTION] 0 0 1 5 0
[SOLUTION → INTERACTOR] 0
[INTERACTOR → SOLUTION] 10
[INTERACTOR → SOLUTION] 0 0 1 5 0
[SOLUTION → INTERACTOR] 0
[INTERACTOR → SOLUTION] 10
[INTERACTOR → SOLUTION] 0 0 1 5 0
[SOLUTION → INTERACTOR] 0
[INTERACTOR → SOLUTION] 4
[INTERACTOR → SOLUTION] 0 0 1 5 0
[SOLUTION → INTERACTOR] 0
[INTERACTOR → SOLUTION] 10
[INTERACTOR → SOLUTION] 0 0 1 5 0
[SOLUTION → INTERACTOR] 0
[INTERACTOR → SOLUTION] 9
[INTERACTOR → SOLUTION] 0 0 1 5 0
[SOLUTION → INTERACTOR] 0
[INTERACTOR → SOLUTION] 4
[INTERACTOR → SOLUTION] 0 0 1 5 0
[SOLUTION → INTERACTOR] 0
[INTERACTOR → SOLUTION] 10
[INTERACTOR → SOLUTION] 0 0 1 5 0
[SOLUTION → INTERACTOR] 0
[INTERACTOR → SOLUTION] 11
[INTERACTOR → SOLUTION] 0 0 1 5 0
[SOLUTION → INTERACTOR] 0
[INTERACTOR → SOLUTION] 8
[INTERACTOR → SOLUTION] 0 0 1 5 0
[SOLUTION → INTERACTOR] 0
[INTERACTOR → SOLUTION] 6
[INTERACTOR → SOLUTION] 0 0 1 5 0
[SOLUTION → INTERACTOR] 0
[INTERACTOR → SOLUTION] 9
[INTERACTOR → SOLUTION] 0 0 1 5 0
[SOLUTION → INTERACTOR] 0
[INTERACTOR → SOLUTION] 8
[INTERACTOR → SOLUTION] 0 0 1 5 0
[SOLUTION → INTERACTOR] 0
[INTERACTOR → SOLUTION] 10
[INTERACTOR → SOLUTION] 0 0 1 5 0
[SOLUTION → INTERACTOR] 0
[INTERACTOR → SOLUTION] 10
[INTERACTOR → SOLUTION] 0 0 1 5 0
[SOLUTION → INTERACTOR] 0
[INTERACTOR → SOLUTION] 5
[INTERACTOR → SOLUTION] 0 0 1 5 0
[SOLUTION → INTERACTOR] 0
[INTERACTOR → SOLUTION] 10
[INTERACTOR → SOLUTION] 0 0 1 5 0
[SOLUTION → INTERACTOR] 0
[INTERACTOR → SOLUTION] 5
[INTERACTOR → SOLUTION] 0 0 1 5 0
[SOLUTION → INTERACTOR] 0
[INTERACTOR → SOLUTION] 6
[INTERACTOR → SOLUTION] 0 0 1 5 0
[SOLUTION → INTERACTOR] 0
[INTERACTOR → SOLUTION] 6
[INTERACTOR → SOLUTION] 0 0 1 5 0
[SOLUTION → INTERACTOR] 0
[INTERACTOR → SOLUTION] 3
[INTERACTOR → SOLUTION] 1 1 3 9 0
[SOLUTION → INTERACTOR] 1
[SOLUTION → INTERACTOR] BUILD_CABLE 0 5
[INTERACTOR → SOLUTION] 7
[INTERACTOR → SOLUTION] 0 0 3 9 0
[SOLUTION → INTERACTOR] 0
[INTERACTOR → SOLUTION] 4
[INTERACTOR → SOLUTION] 0 0 3 9 0
[SOLUTION → INTERACTOR] 0
[INTERACTOR → SOLUTION] 8
[INTERACTOR → SOLUTION] 0 0 3 9 0
[SOLUTION → INTERACTOR] 0
[INTERACTOR → SOLUTION] 9
[INTERACTOR → SOLUTION] 0 0 3 9 0
[SOLUTION → INTERACTOR] 0
[INTERACTOR → SOLUTION] 9
[INTERACTOR → SOLUTION] 0 0 3 9 0
[SOLUTION → INTERACTOR] 0
[INTERACTOR → SOLUTION] 9
[INTERACTOR → SOLUTION] 0 0 3 9 0
[SOLUTION → INTERACTOR] 0
[INTERACTOR → SOLUTION] 6
[INTERACTOR → SOLUTION] 0 0 3 9 0
[SOLUTION → INTERACTOR] 0
[INTERACTOR → SOLUTION] 8
[INTERACTOR → SOLUTION] 0 0 3 9 0
[SOLUTION → INTERACTOR] 0
[INTERACTOR → SOLUTION] 11
[INTERACTOR → SOLUTION] 0 0 3 9 0
[SOLUTION → INTERACTOR] 0
[INTERACTOR → SOLUTION] 12
[INTERACTOR → SOLUTION] 0 0 3 9 0
[SOLUTION → INTERACTOR] 0
[INTERACTOR → SOLUTION] 12
[INTERACTOR → SOLUTION] 0 0 3 9 0
[SOLUTION → INTERACTOR] 0
[INTERACTOR → SOLUTION] 9
[INTERACTOR → SOLUTION] 0 0 3 9 0
[SOLUTION → INTERACTOR] 0
[INTERACTOR → SOLUTION] 9
[INTERACTOR → SOLUTION] 0 0 3 9 0
[SOLUTION → INTERACTOR] 0
[INTERACTOR → SOLUTION] 8
[INTERACTOR → SOLUTION] 0 0 3 9 0
[SOLUTION → INTERACTOR] 0
[INTERACTOR → SOLUTION] 7
[INTERACTOR → SOLUTION] 0 0 3 9 0
[SOLUTION → INTERACTOR] 0
[INTERACTOR → SOLUTION] 6
[INTERACTOR → SOLUTION] 0 0 3 9 0
[SOLUTION → INTERACTOR] 0
[INTERACTOR → SOLUTION] 6
[INTERACTOR → SOLUTION] 0 0 3 9 0
[SOLUTION → INTERACTOR] 0
[INTERACTOR → SOLUTION] 6
[INTERACTOR → SOLUTION] 0 0 3 9 0
[SOLUTION → INTERACTOR] 0
[INTERACTOR → SOLUTION] 11
[INTERACTOR → SOLUTION] 0 0 3 9 0
[SOLUTION → INTERACTOR] 0
[INTERACTOR → SOLUTION] 9
[INTERACTOR → SOLUTION] 0 0 3 9 0
[SOLUTION → INTERACTOR] 0
[INTERACTOR → SOLUTION] 10
[INTERACTOR → SOLUTION] 0 0 3 9 0
[SOLUTION → INTERACTOR] 0
[INTERACTOR → SOLUTION] 5
[INTERACTOR → SOLUTION] 0 0 3 9 0
[SOLUTION → INTERACTOR] 0
[INTERACTOR → SOLUTION] 8
[INTERACTOR → SOLUTION] 0 0 3 9 0
[SOLUTION → INTERACTOR] 0
[INTERACTOR → SOLUTION] 6
[INTERACTOR → SOLUTION] 0 0 3 9 0
[SOLUTION → INTERACTOR] 0
[INTERACTOR → SOLUTION] 9
[INTERACTOR → SOLUTION] 0 0 3 9 0
[SOLUTION → INTERACTOR] 0
[INTERACTOR → SOLUTION] 5
[INTERACTOR → SOLUTION] 0 0 3 9 0
[SOLUTION → INTERACTOR] 0
[INTERACTOR → SOLUTION] 7
[INTERACTOR → SOLUTION] 0 0 3 9 0
[SOLUTION → INTERACTOR] 0
[INTERACTOR → SOLUTION] 8
[INTERACTOR → SOLUTION] 0 0 3 9 0
[SOLUTION → INTERACTOR] 0
[INTERACTOR → SOLUTION] 5
[INTERACTOR → SOLUTION] 0 0 3 9 0
[SOLUTION → INTERACTOR] 0
[INTERACTOR → SOLUTION] 7
[INTERACTOR → SOLUTION] 0 0 3 9 0
[SOLUTION → INTERACTOR] 0
[INTERACTOR → SOLUTION] 7
[INTERACTOR → SOLUTION] 0 0 3 9 0
[SOLUTION → INTERACTOR] 0
[INTERACTOR → SOLUTION] 6
[INTERACTOR → SOLUTION] 0 0 3 9 0
[SOLUTION → INTERACTOR] 0
[INTERACTOR → SOLUTION] 8
[INTERACTOR → SOLUTION] 0 0 3 9 0
[SOLUTION → INTERACTOR] 0
[INTERACTOR → SOLUTION] 7
[INTERACTOR → SOLUTION] 0 0 3 9 0
[SOLUTION → INTERACTOR] 0
[INTERACTOR → SOLUTION] 6
[INTERACTOR → SOLUTION] 0 0 3 9 0
[SOLUTION → INTERACTOR] 0
[INTERACTOR → SOLUTION] 6
[INTERACTOR → SOLUTION] 0 0 3 9 0
[SOLUTION → INTERACTOR] 0
[INTERACTOR → SOLUTION] 7
[INTERACTOR → SOLUTION] 0 0 3 9 0
[SOLUTION → INTERACTOR] 0
[INTERACTOR → SOLUTION] 5
[INTERACTOR → SOLUTION] 0 0 3 9 0
[SOLUTION → INTERACTOR] 0
[INTERACTOR → SOLUTION] 7
[INTERACTOR → SOLUTION] 0 0 3 9 0
[SOLUTION → INTERACTOR] 0
[INTERACTOR → SOLUTION] 7
[INTERACTOR → SOLUTION] 0 0 3 9 0
[SOLUTION → INTERACTOR] 0
[INTERACTOR → SOLUTION] 9
[INTERACTOR → SOLUTION] 0 0 3 9 0
[SOLUTION → INTERACTOR] 0
[INTERACTOR → SOLUTION] 7
[INTERACTOR → SOLUTION] 0 0 3 9 0
[SOLUTION → INTERACTOR] 0
[INTERACTOR → SOLUTION] 5
[INTERACTOR → SOLUTION] 0 0 3 9 0
[SOLUTION → INTERACTOR] 0
[INTERACTOR → SOLUTION] 7
[INTERACTOR → SOLUTION] 0 0 3 9 0
[SOLUTION → INTERACTOR] 0
[INTERACTOR → SOLUTION] 6
[INTERACTOR → SOLUTION] 0 0 3 9 0
[SOLUTION → INTERACTOR] 0
[INTERACTOR → SOLUTION] 10
[INTERACTOR → SOLUTION] 0 0 3 9 0
[SOLUTION → INTERACTOR] 0
[INTERACTOR → SOLUTION] 9
[INTERACTOR → SOLUTION] 0 0 3 9 0
[SOLUTION → INTERACTOR] 0
[INTERACTOR → SOLUTION] 7
[INTERACTOR → SOLUTION] 0 0 3 9 0
[SOLUTION → INTERACTOR] 0
[INTERACTOR → SOLUTION] 100
[INTERACTOR → SOLUTION] 0 4 25 26 14 17 27 28
[INTERACTOR → SOLUTION] 2 4 38 39 29 26 25 40
[INTERACTOR → SOLUTION] 1 4 47 48 41 39 38 49
[INTERACTOR → SOLUTION] 3 4 14 15 0 5 16 17
[INTERACTOR → SOLUTION] 5 0 29 30 18 15 14 26
[INTERACTOR → SOLUTION] 0 4 41 42 31 30 29 39
[INTERACTOR → SOLUTION] 2 4 50 51 43 42 41 48
[INTERACTOR → SOLUTION] 4 4 0 1 2 3 4 5
[INTERACTOR → SOLUTION] 3 4 18 19 6 1 0 15
[INTERACTOR → SOLUTION] 4 4 31 32 20 19 18 30
[INTERACTOR → SOLUTION] 2 4 43 44 33 32 31 42
[INTERACTOR → SOLUTION] 2 4 52 53 45 44 43 51
[INTERACTOR → SOLUTION] 3 4 6 7 8 9 2 1
[INTERACTOR → SOLUTION] 0 4 20 21 10 7 6 19
[INTERACTOR → SOLUTION] 0 4 33 34 22 21 20 32
[INTERACTOR → SOLUTION] 1 4 45 46 35 34 33 44
[INTERACTOR → SOLUTION] 1 4 10 11 12 13 8 7
[INTERACTOR → SOLUTION] 4 4 22 23 24 11 10 21
[INTERACTOR → SOLUTION] 4 4 35 36 37 23 22 34
[INTERACTOR → SOLUTION] C0 2 45 46
[INTERACTOR → SOLUTION] C1 2 48 50
[INTERACTOR → SOLUTION] C2 2 23 24
[INTERACTOR → SOLUTION] C3 2 12 13
[INTERACTOR → SOLUTION] C4 2 4 5
[INTERACTOR → SOLUTION] C31 8 8 9 52 53 35 36 38 49
[SOLUTION → INTERACTOR] START
[SOLUTION → INTERACTOR] BUILD_DC 6
[SOLUTION → INTERACTOR] BUILD_DC 33
[SOLUTION → INTERACTOR] BUILD_CABLE 6 1
[SOLUTION → INTERACTOR] BUILD_CABLE 33 32
[INTERACTOR → SOLUTION] 4
[INTERACTOR → SOLUTION] 2 1 1 2 0
[SOLUTION → INTERACTOR] 1
[SOLUTION → INTERACTOR] BUILD_CABLE 1 0
[INTERACTOR → SOLUTION] 8
[INTERACTOR → SOLUTION] 1 0 1 2 0
[SOLUTION → INTERACTOR] 0
[INTERACTOR → SOLUTION] 11
[INTERACTOR → SOLUTION] 1 0 1 2 0
[SOLUTION → INTERACTOR] 0
[INTERACTOR → SOLUTION] 5
[INTERACTOR → SOLUTION] 1 0 1 2 0
[SOLUTION → INTERACTOR] 0
[INTERACTOR → SOLUTION] 4
[INTERACTOR → SOLUTION] 3 1 2 4 0
[SOLUTION → INTERACTOR] 1
[SOLUTION → INTERACTOR] BUILD_DC 0
[INTERACTOR → SOLUTION] 8
[INTERACTOR → SOLUTION] 2 0 1 3 0
[SOLUTION → INTERACTOR] 0
[INTERACTOR → SOLUTION] 6
[INTERACTOR → SOLUTION] 2 0 1 3 0
[SOLUTION → INTERACTOR] 0
[INTERACTOR → SOLUTION] 6
[INTERACTOR → SOLUTION] 2 0 1 3 0
[SOLUTION → INTERACTOR] 0
[INTERACTOR → SOLUTION] 3
[INTERACTOR → SOLUTION] 2 0 1 3 0
[SOLUTION → INTERACTOR] 0
[INTERACTOR → SOLUTION] 8
[INTERACTOR → SOLUTION] 2 0 1 3 0
[SOLUTION → INTERACTOR] 0
[INTERACTOR → SOLUTION] 8
[INTERACTOR → SOLUTION] 2 0 1 3 0
[SOLUTION → INTERACTOR] 0
[INTERACTOR → SOLUTION] 7
[INTERACTOR → SOLUTION] 2 0 1 3 0
[SOLUTION → INTERACTOR] 0
[INTERACTOR → SOLUTION] 7
[INTERACTOR → SOLUTION] 2 0 1 3 0
[SOLUTION → INTERACTOR] 0
[INTERACTOR → SOLUTION] 12
[INTERACTOR → SOLUTION] 2 0 1 3 0
[SOLUTION → INTERACTOR] 0
[INTERACTOR → SOLUTION] 11
[INTERACTOR → SOLUTION] 2 0 1 3 0
[SOLUTION → INTERACTOR] 0
[INTERACTOR → SOLUTION] 8
[INTERACTOR → SOLUTION] 2 0 1 3 0
[SOLUTION → INTERACTOR] 0
[INTERACTOR → SOLUTION] 6
[INTERACTOR → SOLUTION] 2 0 1 3 0
[SOLUTION → INTERACTOR] 0
[INTERACTOR → SOLUTION] 5
[INTERACTOR → SOLUTION] 2 0 1 3 0
[SOLUTION → INTERACTOR] 0
[INTERACTOR → SOLUTION] 4
[INTERACTOR → SOLUTION] 4 1 2 7 1
[SOLUTION → INTERACTOR] 1
[SOLUTION → INTERACTOR] BUILD_CABLE 32 20
[INTERACTOR → SOLUTION] 6
[INTERACTOR → SOLUTION] 3 0 2 7 1
[SOLUTION → INTERACTOR] 0
[INTERACTOR → SOLUTION] 10
[INTERACTOR → SOLUTION] 3 0 2 7 1
[SOLUTION → INTERACTOR] 0
[INTERACTOR → SOLUTION] 3
[INTERACTOR → SOLUTION] 3 0 2 7 1
[SOLUTION → INTERACTOR] 0
[INTERACTOR → SOLUTION] 8
[INTERACTOR → SOLUTION] 3 0 2 7 1
[SOLUTION → INTERACTOR] 0
[INTERACTOR → SOLUTION] 7
[INTERACTOR → SOLUTION] 3 0 2 7 1
[SOLUTION → INTERACTOR] 0
[INTERACTOR → SOLUTION] 3
[INTERACTOR → SOLUTION] 3 0 2 7 1
[SOLUTION → INTERACTOR] 0
[INTERACTOR → SOLUTION] 7
[INTERACTOR → SOLUTION] 3 0 2 7 1
[SOLUTION → INTERACTOR] 0
[INTERACTOR → SOLUTION] 10
[INTERACTOR → SOLUTION] 3 0 2 7 1
[SOLUTION → INTERACTOR] 0
[INTERACTOR → SOLUTION] 9
[INTERACTOR → SOLUTION] 3 0 2 7 1
[SOLUTION → INTERACTOR] 0
[INTERACTOR → SOLUTION] 4
[INTERACTOR → SOLUTION] 5 1 3 11 2
[SOLUTION → INTERACTOR] 1
[SOLUTION → INTERACTOR] BUILD_DC 20
[INTERACTOR → SOLUTION] 7
[INTERACTOR → SOLUTION] 4 0 2 10 2
[SOLUTION → INTERACTOR] 0
[INTERACTOR → SOLUTION] 9
[INTERACTOR → SOLUTION] 4 0 2 10 2
[SOLUTION → INTERACTOR] 0
[INTERACTOR → SOLUTION] 7
[INTERACTOR → SOLUTION] 4 0 2 10 2
[SOLUTION → INTERACTOR] 0
[INTERACTOR → SOLUTION] 10
[INTERACTOR → SOLUTION] 4 0 2 10 2
[SOLUTION → INTERACTOR] 0
[INTERACTOR → SOLUTION] 9
[INTERACTOR → SOLUTION] 4 0 2 10 2
[SOLUTION → INTERACTOR] 0
[INTERACTOR → SOLUTION] 8
[INTERACTOR → SOLUTION] 4 0 2 10 2
[SOLUTION → INTERACTOR] 0
[INTERACTOR → SOLUTION] 9
[INTERACTOR → SOLUTION] 4 0 2 10 2
[SOLUTION → INTERACTOR] 0
[INTERACTOR → SOLUTION] 11
[INTERACTOR → SOLUTION] 4 0 2 10 2
[SOLUTION → INTERACTOR] 0
[INTERACTOR → SOLUTION] 9
[INTERACTOR → SOLUTION] 4 0 2 10 2
[SOLUTION → INTERACTOR] 0
[INTERACTOR → SOLUTION] 12
[INTERACTOR → SOLUTION] 4 0 2 10 2
[SOLUTION → INTERACTOR] 0
[INTERACTOR → SOLUTION] 6
[INTERACTOR → SOLUTION] 4 0 2 10 2
[SOLUTION → INTERACTOR] 0
[INTERACTOR → SOLUTION] 4
[INTERACTOR → SOLUTION] 8 1 3 14 4
[SOLUTION → INTERACTOR] 4
[SOLUTION → INTERACTOR] UPGRADE_DC 6
[SOLUTION → INTERACTOR] BUILD_CABLE 32 31
[SOLUTION → INTERACTOR] CONVERT 0 1
[SOLUTION → INTERACTOR] BUILD_DC 31
[INTERACTOR → SOLUTION] 8
[INTERACTOR → SOLUTION] 2 0 2 11 1
[SOLUTION → INTERACTOR] 0
[INTERACTOR → SOLUTION] 9
[INTERACTOR → SOLUTION] 2 0 2 11 1
[SOLUTION → INTERACTOR] 0
[INTERACTOR → SOLUTION] 8
[INTERACTOR → SOLUTION] 2 0 2 11 1
[SOLUTION → INTERACTOR] 0
[INTERACTOR → SOLUTION] 5
[INTERACTOR → SOLUTION] 2 0 2 11 1
[SOLUTION → INTERACTOR] 0
[INTERACTOR → SOLUTION] 7
[INTERACTOR → SOLUTION] 2 0 2 11 1
[SOLUTION → INTERACTOR] 0
[INTERACTOR → SOLUTION] 7
[INTERACTOR → SOLUTION] 2 0 2 11 1
[SOLUTION → INTERACTOR] 0
[INTERACTOR → SOLUTION] 5
[INTERACTOR → SOLUTION] 2 0 2 11 1
[SOLUTION → INTERACTOR] 0
[INTERACTOR → SOLUTION] 10
[INTERACTOR → SOLUTION] 2 0 2 11 1
[SOLUTION → INTERACTOR] 0
[INTERACTOR → SOLUTION] 3
[INTERACTOR → SOLUTION] 2 0 2 11 1
[SOLUTION → INTERACTOR] 0
[INTERACTOR → SOLUTION] 6
[INTERACTOR → SOLUTION] 2 0 2 11 1
[SOLUTION → INTERACTOR] 0
[INTERACTOR → SOLUTION] 9
[INTERACTOR → SOLUTION] 2 0 2 11 1
[SOLUTION → INTERACTOR] 0
[INTERACTOR → SOLUTION] 10
[INTERACTOR → SOLUTION] 2 0 2 11 1
[SOLUTION → INTERACTOR] 0
[INTERACTOR → SOLUTION] 7
[INTERACTOR → SOLUTION] 2 0 2 11 1
[SOLUTION → INTERACTOR] 0
[INTERACTOR → SOLUTION] 12
[INTERACTOR → SOLUTION] 2 0 2 11 1
[SOLUTION → INTERACTOR] 0
[INTERACTOR → SOLUTION] 4
[INTERACTOR → SOLUTION] 8 1 4 17 4
[SOLUTION → INTERACTOR] 4
[SOLUTION → INTERACTOR] UPGRADE_DC 33
[SOLUTION → INTERACTOR] BUILD_CABLE 6 7
[SOLUTION → INTERACTOR] CONVERT 0 1
[SOLUTION → INTERACTOR] BUILD_CABLE 7 8
[INTERACTOR → SOLUTION] 7
[INTERACTOR → SOLUTION] 2 0 4 15 1
[SOLUTION → INTERACTOR] 0
[INTERACTOR → SOLUTION] 7
[INTERACTOR → SOLUTION] 2 0 4 15 1
[SOLUTION → INTERACTOR] 0
[INTERACTOR → SOLUTION] 8
[INTERACTOR → SOLUTION] 2 0 4 15 1
[SOLUTION → INTERACTOR] 0
[INTERACTOR → SOLUTION] 6
[INTERACTOR → SOLUTION] 2 0 4 15 1
[SOLUTION → INTERACTOR] 0
[INTERACTOR → SOLUTION] 7
[INTERACTOR → SOLUTION] 2 0 4 15 1
[SOLUTION → INTERACTOR] 0
[INTERACTOR → SOLUTION] 7
[INTERACTOR → SOLUTION] 2 0 4 15 1
[SOLUTION → INTERACTOR] 0
[INTERACTOR → SOLUTION] 9
[INTERACTOR → SOLUTION] 2 0 4 15 1
[SOLUTION → INTERACTOR] 0
[INTERACTOR → SOLUTION] 4
[INTERACTOR → SOLUTION] 9 2 7 21 4
[SOLUTION → INTERACTOR] 5
[SOLUTION → INTERACTOR] BUILD_DC 8
[SOLUTION → INTERACTOR] UPGRADE_DC 0
[SOLUTION → INTERACTOR] BUILD_CABLE 7 10
[SOLUTION → INTERACTOR] CONVERT 0 1
[SOLUTION → INTERACTOR] BUILD_DC 10
[INTERACTOR → SOLUTION] 8
[INTERACTOR → SOLUTION] 3 0 5 17 1
[SOLUTION → INTERACTOR] 0
[INTERACTOR → SOLUTION] 4
[INTERACTOR → SOLUTION] 11 4 8 26 6
[SOLUTION → INTERACTOR] 10
[SOLUTION → INTERACTOR] UPGRADE_DC 20
[SOLUTION → INTERACTOR] UPGRADE_DC 31
[SOLUTION → INTERACTOR] BUILD_CABLE 33 34
[SOLUTION → INTERACTOR] BUILD_CABLE 34 35
[SOLUTION → INTERACTOR] BUILD_DC 35
[SOLUTION → INTERACTOR] BUILD_CABLE 34 22
[SOLUTION → INTERACTOR] CONVERT 0 1
[SOLUTION → INTERACTOR] BUILD_DC 22
[SOLUTION → INTERACTOR] CONVERT 2 1
[SOLUTION → INTERACTOR] BUILD_CABLE 1 2
[INTERACTOR → SOLUTION] 8
[INTERACTOR → SOLUTION] 2 0 3 20 0
[SOLUTION → INTERACTOR] 0
[INTERACTOR → SOLUTION] 7
[INTERACTOR → SOLUTION] 2 0 3 20 0
[SOLUTION → INTERACTOR] 0
[INTERACTOR → SOLUTION] 10
[INTERACTOR → SOLUTION] 2 0 3 20 0
[SOLUTION → INTERACTOR] 0
[INTERACTOR → SOLUTION] 9
[INTERACTOR → SOLUTION] 2 0 3 20 0
[SOLUTION → INTERACTOR] 0
[INTERACTOR → SOLUTION] 8
[INTERACTOR → SOLUTION] 2 0 3 20 0
[SOLUTION → INTERACTOR] 0
[INTERACTOR → SOLUTION] 9
[INTERACTOR → SOLUTION] 2 0 3 20 0
[SOLUTION → INTERACTOR] 0
[INTERACTOR → SOLUTION] 10
[INTERACTOR → SOLUTION] 2 0 3 20 0
[SOLUTION → INTERACTOR] 0
[INTERACTOR → SOLUTION] 5
[INTERACTOR → SOLUTION] 2 0 3 20 0
[SOLUTION → INTERACTOR] 0
[INTERACTOR → SOLUTION] 9
[INTERACTOR → SOLUTION] 2 0 3 20 0
[SOLUTION → INTERACTOR] 0
[INTERACTOR → SOLUTION] 6
[INTERACTOR → SOLUTION] 2 0 3 20 0
[SOLUTION → INTERACTOR] 0
[INTERACTOR → SOLUTION] 4
[INTERACTOR → SOLUTION] 14 5 7 29 10
[SOLUTION → INTERACTOR] 10
[SOLUTION → INTERACTOR] BUILD_DC 2
[SOLUTION → INTERACTOR] UPGRADE_DC 10
[SOLUTION → INTERACTOR] UPGRADE_DC 22
[SOLUTION → INTERACTOR] UPGRADE_DC 8
[SOLUTION → INTERACTOR] BUILD_CABLE 31 42
[SOLUTION → INTERACTOR] BUILD_CABLE 42 41
[SOLUTION → INTERACTOR] BUILD_DC 41
[SOLUTION → INTERACTOR] BUILD_CABLE 42 43
[SOLUTION → INTERACTOR] CONVERT 0 1
[SOLUTION → INTERACTOR] BUILD_DC 43
[INTERACTOR → SOLUTION] 9
[INTERACTOR → SOLUTION] 5 0 4 20 1
[SOLUTION → INTERACTOR] 0
[INTERACTOR → SOLUTION] 6
[INTERACTOR → SOLUTION] 5 0 4 20 1
[SOLUTION → INTERACTOR] 0
[INTERACTOR → SOLUTION] 6
[INTERACTOR → SOLUTION] 5 0 4 20 1
[SOLUTION → INTERACTOR] 0
[INTERACTOR → SOLUTION] 6
[INTERACTOR → SOLUTION] 5 0 4 20 1
[SOLUTION → INTERACTOR] 0
[INTERACTOR → SOLUTION] 8
[INTERACTOR → SOLUTION] 5 0 4 20 1
[SOLUTION → INTERACTOR] 0
[INTERACTOR → SOLUTION] 5
[INTERACTOR → SOLUTION] 5 0 4 20 1
[SOLUTION → INTERACTOR] 0
[INTERACTOR → SOLUTION] 3
[INTERACTOR → SOLUTION] 5 0 4 20 1
[SOLUTION → INTERACTOR] 0
[INTERACTOR → SOLUTION] 8
[INTERACTOR → SOLUTION] 5 0 4 20 1
[SOLUTION → INTERACTOR] 0
[INTERACTOR → SOLUTION] 5
[INTERACTOR → SOLUTION] 5 0 4 20 1
[SOLUTION → INTERACTOR] 0
[INTERACTOR → SOLUTION] 12
[INTERACTOR → SOLUTION] 5 0 4 20 1
[SOLUTION → INTERACTOR] 0
[INTERACTOR → SOLUTION] 8
[INTERACTOR → SOLUTION] 5 0 4 20 1
[SOLUTION → INTERACTOR] 0
[INTERACTOR → SOLUTION] 9
[INTERACTOR → SOLUTION] 5 0 4 20 1
[SOLUTION → INTERACTOR] 0
[INTERACTOR → SOLUTION] 8
[INTERACTOR → SOLUTION] 5 0 4 20 1
[SOLUTION → INTERACTOR] 0
[INTERACTOR → SOLUTION] 6
[INTERACTOR → SOLUTION] 5 0 4 20 1
[SOLUTION → INTERACTOR] 0
[INTERACTOR → SOLUTION] 6
[INTERACTOR → SOLUTION] 5 0 4 20 1
[SOLUTION → INTERACTOR] 0
[INTERACTOR → SOLUTION] 5
[INTERACTOR → SOLUTION] 5 0 4 20 1
[SOLUTION → INTERACTOR] 0
[INTERACTOR → SOLUTION] 4
[INTERACTOR → SOLUTION] 20 8 12 31 15
[SOLUTION → INTERACTOR] 7
[SOLUTION → INTERACTOR] UPGRADE_DC 41
[SOLUTION → INTERACTOR] UPGRADE_DC 43
[SOLUTION → INTERACTOR] UPGRADE_DC 35
[SOLUTION → INTERACTOR] UPGRADE_DC 2
[SOLUTION → INTERACTOR] CONVERT 0 4
[SOLUTION → INTERACTOR] CONVERT 0 4
[SOLUTION → INTERACTOR] UPGRADE_DC 6
[INTERACTOR → SOLUTION] 9
[INTERACTOR → SOLUTION] 14 8 12 20 1
[SOLUTION → INTERACTOR] 0
[INTERACTOR → SOLUTION] 9
[INTERACTOR → SOLUTION] 14 8 12 20 1
[SOLUTION → INTERACTOR] 0
[INTERACTOR → SOLUTION] 11
[INTERACTOR → SOLUTION] 14 8 12 20 1
[SOLUTION → INTERACTOR] 0
[INTERACTOR → SOLUTION] 6
[INTERACTOR → SOLUTION] 14 8 12 20 1
[SOLUTION → INTERACTOR] 0
[INTERACTOR → SOLUTION] 7
[INTERACTOR → SOLUTION] 14 8 12 20 1
[SOLUTION → INTERACTOR] 0
[INTERACTOR → SOLUTION] 9
[INTERACTOR → SOLUTION] 14 8 12 20 1
[SOLUTION → INTERACTOR] 0
[INTERACTOR → SOLUTION] 87
[INTERACTOR → SOLUTION] 0 10 25 26 14 17 27 28
[INTERACTOR → SOLUTION] 4 10 38 39 29 26 25 40
[INTERACTOR → SOLUTION] 2 10 47 48 41 39 38 49
[INTERACTOR → SOLUTION] 0 10 14 15 0 5 16 17
[INTERACTOR → SOLUTION] 4 10 29 30 18 15 14 26
[INTERACTOR → SOLUTION] 1 10 41 42 31 30 29 39
[INTERACTOR → SOLUTION] 1 10 50 51 43 42 41 48
[INTERACTOR → SOLUTION] 4 10 0 1 2 3 4 5
[INTERACTOR → SOLUTION] 2 10 18 19 6 1 0 15
[INTERACTOR → SOLUTION] 5 0 31 32 20 19 18 30
[INTERACTOR → SOLUTION] 2 10 43 44 33 32 31 42
[INTERACTOR → SOLUTION] 3 10 52 53 45 44 43 51
[INTERACTOR → SOLUTION] 1 10 6 7 8 9 2 1
[INTERACTOR → SOLUTION] 4 10 20 21 10 7 6 19
[INTERACTOR → SOLUTION] 3 10 33 34 22 21 20 32
[INTERACTOR → SOLUTION] 2 10 45 46 35 34 33 44
[INTERACTOR → SOLUTION] 0 10 10 11 12 13 8 7
[INTERACTOR → SOLUTION] 3 10 22 23 24 11 10 21
[INTERACTOR → SOLUTION] 3 10 35 36 37 23 22 34
[INTERACTOR → SOLUTION] C0 2 3 4
[INTERACTOR → SOLUTION] C1 2 23 24
[INTERACTOR → SOLUTION] C2 2 11 12
[INTERACTOR → SOLUTION] C3 2 47 49
[INTERACTOR → SOLUTION] C4 2 27 28
[INTERACTOR → SOLUTION] C31 8 8 13 52 53 25 40 5 16
[SOLUTION → INTERACTOR] START
[SOLUTION → INTERACTOR] BUILD_DC 0
[SOLUTION → INTERACTOR] BUILD_DC 43
[SOLUTION → INTERACTOR] BUILD_CABLE 0 1
[SOLUTION → INTERACTOR] BUILD_CABLE 43 42
[INTERACTOR → SOLUTION] 5
[INTERACTOR → SOLUTION] 0 0 0 0 0
[SOLUTION → INTERACTOR] 0
[INTERACTOR → SOLUTION] 9
[INTERACTOR → SOLUTION] 0 0 0 0 0
[SOLUTION → INTERACTOR] 0
[INTERACTOR → SOLUTION] 10
[INTERACTOR → SOLUTION] 1 1 2 1 1
[SOLUTION → INTERACTOR] 1
[SOLUTION → INTERACTOR] BUILD_CABLE 1 6
[INTERACTOR → SOLUTION] 4
[INTERACTOR → SOLUTION] 0 0 2 1 1
[SOLUTION → INTERACTOR] 0
[INTERACTOR → SOLUTION] 7
[INTERACTOR → SOLUTION] 0 0 2 1 1
[SOLUTION → INTERACTOR] 0
[INTERACTOR → SOLUTION] 3
[INTERACTOR → SOLUTION] 0 0 2 1 1
[SOLUTION → INTERACTOR] 0
[INTERACTOR → SOLUTION] 4
[INTERACTOR → SOLUTION] 0 0 2 1 1
[SOLUTION → INTERACTOR] 0
[INTERACTOR → SOLUTION] 7
[INTERACTOR → SOLUTION] 0 0 2 1 1
[SOLUTION → INTERACTOR] 0
[INTERACTOR → SOLUTION] 7
[INTERACTOR → SOLUTION] 0 0 2 1 1
[SOLUTION → INTERACTOR] 0
[INTERACTOR → SOLUTION] 10
[INTERACTOR → SOLUTION] 1 1 4 2 2
[SOLUTION → INTERACTOR] 1
[SOLUTION → INTERACTOR] BUILD_DC 6
[INTERACTOR → SOLUTION] 10
[INTERACTOR → SOLUTION] 1 2 6 2 4
[SOLUTION → INTERACTOR] 2
[SOLUTION → INTERACTOR] UPGRADE_DC 0
[SOLUTION → INTERACTOR] BUILD_CABLE 42 41
[INTERACTOR → SOLUTION] 11
[INTERACTOR → SOLUTION] 0 1 6 0 1
[SOLUTION → INTERACTOR] 0
[INTERACTOR → SOLUTION] 4
[INTERACTOR → SOLUTION] 0 1 6 0 1
[SOLUTION → INTERACTOR] 0
[INTERACTOR → SOLUTION] 10
[INTERACTOR → SOLUTION] 2 3 10 1 4
[SOLUTION → INTERACTOR] 3
[SOLUTION → INTERACTOR] BUILD_DC 41
[SOLUTION → INTERACTOR] CONVERT 2 3
[SOLUTION → INTERACTOR] BUILD_CABLE 6 7
[INTERACTOR → SOLUTION] 6
[INTERACTOR → SOLUTION] 0 1 5 1 4
[SOLUTION → INTERACTOR] 0
[INTERACTOR → SOLUTION] 4
[INTERACTOR → SOLUTION] 0 1 5 1 4
[SOLUTION → INTERACTOR] 0
[INTERACTOR → SOLUTION] 11
[INTERACTOR → SOLUTION] 0 1 5 1 4
[SOLUTION → INTERACTOR] 0
[INTERACTOR → SOLUTION] 8
[INTERACTOR → SOLUTION] 0 1 5 1 4
[SOLUTION → INTERACTOR] 0
[INTERACTOR → SOLUTION] 5
[INTERACTOR → SOLUTION] 0 1 5 1 4
[SOLUTION → INTERACTOR] 0
[INTERACTOR → SOLUTION] 7
[INTERACTOR → SOLUTION] 0 1 5 1 4
[SOLUTION → INTERACTOR] 0
[INTERACTOR → SOLUTION] 7
[INTERACTOR → SOLUTION] 0 1 5 1 4
[SOLUTION → INTERACTOR] 0
[INTERACTOR → SOLUTION] 9
[INTERACTOR → SOLUTION] 0 1 5 1 4
[SOLUTION → INTERACTOR] 0
[INTERACTOR → SOLUTION] 3
[INTERACTOR → SOLUTION] 0 1 5 1 4
[SOLUTION → INTERACTOR] 0
[INTERACTOR → SOLUTION] 9
[INTERACTOR → SOLUTION] 0 1 5 1 4
[SOLUTION → INTERACTOR] 0
[INTERACTOR → SOLUTION] 4
[INTERACTOR → SOLUTION] 0 1 5 1 4
[SOLUTION → INTERACTOR] 0
[INTERACTOR → SOLUTION] 5
[INTERACTOR → SOLUTION] 0 1 5 1 4
[SOLUTION → INTERACTOR] 0
[INTERACTOR → SOLUTION] 4
[INTERACTOR → SOLUTION] 0 1 5 1 4
[SOLUTION → INTERACTOR] 0
[INTERACTOR → SOLUTION] 6
[INTERACTOR → SOLUTION] 0 1 5 1 4
[SOLUTION → INTERACTOR] 0
[INTERACTOR → SOLUTION] 7
[INTERACTOR → SOLUTION] 0 1 5 1 4
[SOLUTION → INTERACTOR] 0
[INTERACTOR → SOLUTION] 9
[INTERACTOR → SOLUTION] 0 1 5 1 4
[SOLUTION → INTERACTOR] 0
[INTERACTOR → SOLUTION] 5
[INTERACTOR → SOLUTION] 0 1 5 1 4
[SOLUTION → INTERACTOR] 0
[INTERACTOR → SOLUTION] 6
[INTERACTOR → SOLUTION] 0 1 5 1 4
[SOLUTION → INTERACTOR] 0
[INTERACTOR → SOLUTION] 6
[INTERACTOR → SOLUTION] 0 1 5 1 4
[SOLUTION → INTERACTOR] 0
[INTERACTOR → SOLUTION] 6
[INTERACTOR → SOLUTION] 0 1 5 1 4
[SOLUTION → INTERACTOR] 0
[INTERACTOR → SOLUTION] 7
[INTERACTOR → SOLUTION] 0 1 5 1 4
[SOLUTION → INTERACTOR] 0
[INTERACTOR → SOLUTION] 10
[INTERACTOR → SOLUTION] 2 5 10 2 7
[SOLUTION → INTERACTOR] 4
[SOLUTION → INTERACTOR] UPGRADE_DC 43
[SOLUTION → INTERACTOR] CONVERT 2 3
[SOLUTION → INTERACTOR] BUILD_CABLE 7 8
[SOLUTION → INTERACTOR] BUILD_DC 8
[INTERACTOR → SOLUTION] 4
[INTERACTOR → SOLUTION] 0 3 5 0 4
[SOLUTION → INTERACTOR] 0
[INTERACTOR → SOLUTION] 6
[INTERACTOR → SOLUTION] 0 3 5 0 4
[SOLUTION → INTERACTOR] 0
[INTERACTOR → SOLUTION] 3
[INTERACTOR → SOLUTION] 0 3 5 0 4
[SOLUTION → INTERACTOR] 0
[INTERACTOR → SOLUTION] 9
[INTERACTOR → SOLUTION] 0 3 5 0 4
[SOLUTION → INTERACTOR] 0
[INTERACTOR → SOLUTION] 6
[INTERACTOR → SOLUTION] 0 3 5 0 4
[SOLUTION → INTERACTOR] 0
[INTERACTOR → SOLUTION] 5
[INTERACTOR → SOLUTION] 0 3 5 0 4
[SOLUTION → INTERACTOR] 0
[INTERACTOR → SOLUTION] 6
[INTERACTOR → SOLUTION] 0 3 5 0 4
[SOLUTION → INTERACTOR] 0
[INTERACTOR → SOLUTION] 6
[INTERACTOR → SOLUTION] 0 3 5 0 4
[SOLUTION → INTERACTOR] 0
[INTERACTOR → SOLUTION] 2
[INTERACTOR → SOLUTION] 0 3 5 0 4
[SOLUTION → INTERACTOR] 0
[INTERACTOR → SOLUTION] 3
[INTERACTOR → SOLUTION] 0 3 5 0 4
[SOLUTION → INTERACTOR] 0
[INTERACTOR → SOLUTION] 7
[INTERACTOR → SOLUTION] 0 3 5 0 4
[SOLUTION → INTERACTOR] 0
[INTERACTOR → SOLUTION] 6
[INTERACTOR → SOLUTION] 0 3 5 0 4
[SOLUTION → INTERACTOR] 0
[INTERACTOR → SOLUTION] 9
[INTERACTOR → SOLUTION] 0 3 5 0 4
[SOLUTION → INTERACTOR] 0
[INTERACTOR → SOLUTION] 10
[INTERACTOR → SOLUTION] 3 9 11 2 7
[SOLUTION → INTERACTOR] 8
[SOLUTION → INTERACTOR] UPGRADE_DC 6
[SOLUTION → INTERACTOR] CONVERT 1 3
[SOLUTION → INTERACTOR] BUILD_CABLE 7 10
[SOLUTION → INTERACTOR] BUILD_DC 10
[SOLUTION → INTERACTOR] CONVERT 2 3
[SOLUTION → INTERACTOR] BUILD_CABLE 0 5
[SOLUTION → INTERACTOR] CONVERT 2 0
[SOLUTION → INTERACTOR] BUILD_CABLE 5 16
[INTERACTOR → SOLUTION] 9
[INTERACTOR → SOLUTION] 0 2 4 1 4
[SOLUTION → INTERACTOR] 0
[INTERACTOR → SOLUTION] 9
[INTERACTOR → SOLUTION] 0 2 4 1 4
[SOLUTION → INTERACTOR] 0
[INTERACTOR → SOLUTION] 6
[INTERACTOR → SOLUTION] 0 2 4 1 4
[SOLUTION → INTERACTOR] 0
[INTERACTOR → SOLUTION] 8
[INTERACTOR → SOLUTION] 0 2 4 1 4
[SOLUTION → INTERACTOR] 0
[INTERACTOR → SOLUTION] 10
[INTERACTOR → SOLUTION] 4 9 11 4 9
[SOLUTION → INTERACTOR] 8
[SOLUTION → INTERACTOR] BUILD_DC 16
[SOLUTION → INTERACTOR] UPGRADE_DC 41
[SOLUTION → INTERACTOR] BUILD_CABLE 43 51
[SOLUTION → INTERACTOR] BUILD_CABLE 51 52
[SOLUTION → INTERACTOR] BUILD_DC 52
[SOLUTION → INTERACTOR] CONVERT 2 0
[SOLUTION → INTERACTOR] CONVERT 2 3
[SOLUTION → INTERACTOR] BUILD_CABLE 1 2
[INTERACTOR → SOLUTION] 8
[INTERACTOR → SOLUTION] 0 4 3 1 6
[SOLUTION → INTERACTOR] 0
[INTERACTOR → SOLUTION] 4
[INTERACTOR → SOLUTION] 0 4 3 1 6
[SOLUTION → INTERACTOR] 0
[INTERACTOR → SOLUTION] 6
[INTERACTOR → SOLUTION] 0 4 3 1 6
[SOLUTION → INTERACTOR] 0
[INTERACTOR → SOLUTION] 7
[INTERACTOR → SOLUTION] 0 4 3 1 6
[SOLUTION → INTERACTOR] 0
[INTERACTOR → SOLUTION] 6
[INTERACTOR → SOLUTION] 0 4 3 1 6
[SOLUTION → INTERACTOR] 0
[INTERACTOR → SOLUTION] 9
[INTERACTOR → SOLUTION] 0 4 3 1 6
[SOLUTION → INTERACTOR] 0
[INTERACTOR → SOLUTION] 9
[INTERACTOR → SOLUTION] 0 4 3 1 6
[SOLUTION → INTERACTOR] 0
[INTERACTOR → SOLUTION] 8
[INTERACTOR → SOLUTION] 0 4 3 1 6
[SOLUTION → INTERACTOR] 0
[INTERACTOR → SOLUTION] 4
[INTERACTOR → SOLUTION] 0 4 3 1 6
[SOLUTION → INTERACTOR] 0
[INTERACTOR → SOLUTION] 4
[INTERACTOR → SOLUTION] 0 4 3 1 6
[SOLUTION → INTERACTOR] 0
[INTERACTOR → SOLUTION] 8
[INTERACTOR → SOLUTION] 0 4 3 1 6
[SOLUTION → INTERACTOR] 0
[INTERACTOR → SOLUTION] 9
[INTERACTOR → SOLUTION] 0 4 3 1 6
[SOLUTION → INTERACTOR] 0
[INTERACTOR → SOLUTION] 10
[INTERACTOR → SOLUTION] 5 13 11 5 11
[SOLUTION → INTERACTOR] 11
[SOLUTION → INTERACTOR] BUILD_DC 2
[SOLUTION → INTERACTOR] UPGRADE_DC 10
[SOLUTION → INTERACTOR] UPGRADE_DC 8
[SOLUTION → INTERACTOR] CONVERT 1 3
[SOLUTION → INTERACTOR] BUILD_CABLE 42 31
[SOLUTION → INTERACTOR] BUILD_DC 31
[SOLUTION → INTERACTOR] CONVERT 1 3
[SOLUTION → INTERACTOR] BUILD_CABLE 0 15
[SOLUTION → INTERACTOR] BUILD_CABLE 15 14
[SOLUTION → INTERACTOR] CONVERT 2 0
[SOLUTION → INTERACTOR] BUILD_DC 14
[INTERACTOR → SOLUTION] 5
[INTERACTOR → SOLUTION] 0 1 5 0 5
[SOLUTION → INTERACTOR] 0
[INTERACTOR → SOLUTION] 6
[INTERACTOR → SOLUTION] 0 1 5 0 5
[SOLUTION → INTERACTOR] 0
[INTERACTOR → SOLUTION] 9
[INTERACTOR → SOLUTION] 0 1 5 0 5
[SOLUTION → INTERACTOR] 0
[INTERACTOR → SOLUTION] 4
[INTERACTOR → SOLUTION] 0 1 5 0 5
[SOLUTION → INTERACTOR] 0
[INTERACTOR → SOLUTION] 7
[INTERACTOR → SOLUTION] 0 1 5 0 5
[SOLUTION → INTERACTOR] 0
[INTERACTOR → SOLUTION] 6
[INTERACTOR → SOLUTION] 0 1 5 0 5
[SOLUTION → INTERACTOR] 0
[INTERACTOR → SOLUTION] 11
[INTERACTOR → SOLUTION] 0 1 5 0 5
[SOLUTION → INTERACTOR] 0
[INTERACTOR → SOLUTION] 7
[INTERACTOR → SOLUTION] 0 1 5 0 5
[SOLUTION → INTERACTOR] 0
[INTERACTOR → SOLUTION] 10
[INTERACTOR → SOLUTION] 9 13 14 5 13
[SOLUTION → INTERACTOR] 15
[SOLUTION → INTERACTOR] UPGRADE_DC 14
[SOLUTION → INTERACTOR] UPGRADE_DC 2
[SOLUTION → INTERACTOR] BUILD_CABLE 14 26
[SOLUTION → INTERACTOR] BUILD_CABLE 26 25
[SOLUTION → INTERACTOR] BUILD_DC 25
[SOLUTION → INTERACTOR] CONVERT 0 3
[SOLUTION → INTERACTOR] BUILD_CABLE 26 29
[SOLUTION → INTERACTOR] BUILD_DC 29
[SOLUTION → INTERACTOR] CONVERT 1 3
[SOLUTION → INTERACTOR] BUILD_CABLE 15 18
[SOLUTION → INTERACTOR] CONVERT 2 0
[SOLUTION → INTERACTOR] BUILD_DC 18
[SOLUTION → INTERACTOR] CONVERT 2 0
[SOLUTION → INTERACTOR] CONVERT 4 3
[SOLUTION → INTERACTOR] BUILD_CABLE 10 21
[INTERACTOR → SOLUTION] 9
[INTERACTOR → SOLUTION] 0 2 5 1 4
[SOLUTION → INTERACTOR] 0
[INTERACTOR → SOLUTION] 7
[INTERACTOR → SOLUTION] 0 2 5 1 4
[SOLUTION → INTERACTOR] 0
[INTERACTOR → SOLUTION] 9
[INTERACTOR → SOLUTION] 0 2 5 1 4
[SOLUTION → INTERACTOR] 0
[INTERACTOR → SOLUTION] 6
[INTERACTOR → SOLUTION] 0 2 5 1 4
[SOLUTION → INTERACTOR] 0
[INTERACTOR → SOLUTION] 6
[INTERACTOR → SOLUTION] 0 2 5 1 4
[SOLUTION → INTERACTOR] 0
[INTERACTOR → SOLUTION] 3
[INTERACTOR → SOLUTION] 0 2 5 1 4
[SOLUTION → INTERACTOR] 0
[INTERACTOR → SOLUTION] 9
[INTERACTOR → SOLUTION] 0 2 5 1 4
[SOLUTION → INTERACTOR] 0
[INTERACTOR → SOLUTION] 8
[INTERACTOR → SOLUTION] 0 2 5 1 4
[SOLUTION → INTERACTOR] 0
[INTERACTOR → SOLUTION] 4
[INTERACTOR → SOLUTION] 0 2 5 1 4
[SOLUTION → INTERACTOR] 0
[INTERACTOR → SOLUTION] 7
[INTERACTOR → SOLUTION] 0 2 5 1 4
[SOLUTION → INTERACTOR] 0
[INTERACTOR → SOLUTION] 80
[INTERACTOR → SOLUTION] 5 0 25 26 14 17 27 28
[INTERACTOR → SOLUTION] 4 11 38 39 29 26 25 40
[INTERACTOR → SOLUTION] 3 11 47 48 41 39 38 49
[INTERACTOR → SOLUTION] 1 11 14 15 0 5 16 17
[INTERACTOR → SOLUTION] 4 11 29 30 18 15 14 26
[INTERACTOR → SOLUTION] 3 11 41 42 31 30 29 39
[INTERACTOR → SOLUTION] 2 11 50 51 43 42 41 48
[INTERACTOR → SOLUTION] 2 11 0 1 2 3 4 5
[INTERACTOR → SOLUTION] 3 11 18 19 6 1 0 15
[INTERACTOR → SOLUTION] 4 11 31 32 20 19 18 30
[INTERACTOR → SOLUTION] 0 11 43 44 33 32 31 42
[INTERACTOR → SOLUTION] 4 11 52 53 45 44 43 51
[INTERACTOR → SOLUTION] 2 11 6 7 8 9 2 1
[INTERACTOR → SOLUTION] 3 11 20 21 10 7 6 19
[INTERACTOR → SOLUTION] 0 11 33 34 22 21 20 32
[INTERACTOR → SOLUTION] 2 11 45 46 35 34 33 44
[INTERACTOR → SOLUTION] 1 11 10 11 12 13 8 7
[INTERACTOR → SOLUTION] 0 11 22 23 24 11 10 21
[INTERACTOR → SOLUTION] 1 11 35 36 37 23 22 34
[INTERACTOR → SOLUTION] C0 2 47 49
[INTERACTOR → SOLUTION] C1 2 2 3
[INTERACTOR → SOLUTION] C2 2 27 28
[INTERACTOR → SOLUTION] C3 2 5 16
[INTERACTOR → SOLUTION] C4 2 23 37
[INTERACTOR → SOLUTION] C31 8 35 46 11 24 38 40 51 52
[SOLUTION → INTERACTOR] START
[SOLUTION → INTERACTOR] BUILD_DC 0
[SOLUTION → INTERACTOR] BUILD_DC 10
[SOLUTION → INTERACTOR] BUILD_CABLE 0 1
[SOLUTION → INTERACTOR] BUILD_CABLE 10 7
[INTERACTOR → SOLUTION] 3
[INTERACTOR → SOLUTION] 0 0 0 0 0
[SOLUTION → INTERACTOR] 0
[INTERACTOR → SOLUTION] 9
[INTERACTOR → SOLUTION] 0 0 0 0 0
[SOLUTION → INTERACTOR] 0
[INTERACTOR → SOLUTION] 2
[INTERACTOR → SOLUTION] 0 0 0 0 0
[SOLUTION → INTERACTOR] 0
[INTERACTOR → SOLUTION] 7
[INTERACTOR → SOLUTION] 0 0 0 0 0
[SOLUTION → INTERACTOR] 0
[INTERACTOR → SOLUTION] 11
[INTERACTOR → SOLUTION] 1 2 1 2 0
[SOLUTION → INTERACTOR] 1
[SOLUTION → INTERACTOR] BUILD_CABLE 1 6
[INTERACTOR → SOLUTION] 8
[INTERACTOR → SOLUTION] 0 1 1 2 0
[SOLUTION → INTERACTOR] 0
[INTERACTOR → SOLUTION] 6
[INTERACTOR → SOLUTION] 0 1 1 2 0
[SOLUTION → INTERACTOR] 0
[INTERACTOR → SOLUTION] 6
[INTERACTOR → SOLUTION] 0 1 1 2 0
[SOLUTION → INTERACTOR] 0
[INTERACTOR → SOLUTION] 6
[INTERACTOR → SOLUTION] 0 1 1 2 0
[SOLUTION → INTERACTOR] 0
[INTERACTOR → SOLUTION] 11
[INTERACTOR → SOLUTION] 1 3 2 4 0
[SOLUTION → INTERACTOR] 1
[SOLUTION → INTERACTOR] BUILD_DC 6
[INTERACTOR → SOLUTION] 4
[INTERACTOR → SOLUTION] 0 2 1 3 0
[SOLUTION → INTERACTOR] 0
[INTERACTOR → SOLUTION] 8
[INTERACTOR → SOLUTION] 0 2 1 3 0
[SOLUTION → INTERACTOR] 0
[INTERACTOR → SOLUTION] 10
[INTERACTOR → SOLUTION] 0 2 1 3 0
[SOLUTION → INTERACTOR] 0
[INTERACTOR → SOLUTION] 7
[INTERACTOR → SOLUTION] 0 2 1 3 0
[SOLUTION → INTERACTOR] 0
[INTERACTOR → SOLUTION] 7
[INTERACTOR → SOLUTION] 0 2 1 3 0
[SOLUTION → INTERACTOR] 0
[INTERACTOR → SOLUTION] 7
[INTERACTOR → SOLUTION] 0 2 1 3 0
[SOLUTION → INTERACTOR] 0
[INTERACTOR → SOLUTION] 3
[INTERACTOR → SOLUTION] 0 2 1 3 0
[SOLUTION → INTERACTOR] 0
[INTERACTOR → SOLUTION] 4
[INTERACTOR → SOLUTION] 0 2 1 3 0
[SOLUTION → INTERACTOR] 0
[INTERACTOR → SOLUTION] 7
[INTERACTOR → SOLUTION] 0 2 1 3 0
[SOLUTION → INTERACTOR] 0
[INTERACTOR → SOLUTION] 5
[INTERACTOR → SOLUTION] 0 2 1 3 0
[SOLUTION → INTERACTOR] 0
[INTERACTOR → SOLUTION] 6
[INTERACTOR → SOLUTION] 0 2 1 3 0
[SOLUTION → INTERACTOR] 0
[INTERACTOR → SOLUTION] 4
[INTERACTOR → SOLUTION] 0 2 1 3 0
[SOLUTION → INTERACTOR] 0
[INTERACTOR → SOLUTION] 7
[INTERACTOR → SOLUTION] 0 2 1 3 0
[SOLUTION → INTERACTOR] 0
[INTERACTOR → SOLUTION] 7
[INTERACTOR → SOLUTION] 0 2 1 3 0
[SOLUTION → INTERACTOR] 0
[INTERACTOR → SOLUTION] 9
[INTERACTOR → SOLUTION] 0 2 1 3 0
[SOLUTION → INTERACTOR] 0
[INTERACTOR → SOLUTION] 10
[INTERACTOR → SOLUTION] 0 2 1 3 0
[SOLUTION → INTERACTOR] 0
[INTERACTOR → SOLUTION] 3
[INTERACTOR → SOLUTION] 0 2 1 3 0
[SOLUTION → INTERACTOR] 0
[INTERACTOR → SOLUTION] 4
[INTERACTOR → SOLUTION] 0 2 1 3 0
[SOLUTION → INTERACTOR] 0
[INTERACTOR → SOLUTION] 6
[INTERACTOR → SOLUTION] 0 2 1 3 0
[SOLUTION → INTERACTOR] 0
[INTERACTOR → SOLUTION] 11
[INTERACTOR → SOLUTION] 1 4 3 7 0
[SOLUTION → INTERACTOR] 1
[SOLUTION → INTERACTOR] BUILD_CABLE 10 11
[INTERACTOR → SOLUTION] 10
[INTERACTOR → SOLUTION] 0 3 3 7 0
[SOLUTION → INTERACTOR] 0
[INTERACTOR → SOLUTION] 9
[INTERACTOR → SOLUTION] 0 3 3 7 0
[SOLUTION → INTERACTOR] 0
[INTERACTOR → SOLUTION] 4
[INTERACTOR → SOLUTION] 0 3 3 7 0
[SOLUTION → INTERACTOR] 0
[INTERACTOR → SOLUTION] 9
[INTERACTOR → SOLUTION] 0 3 3 7 0
[SOLUTION → INTERACTOR] 0
[INTERACTOR → SOLUTION] 4
[INTERACTOR → SOLUTION] 0 3 3 7 0
[SOLUTION → INTERACTOR] 0
[INTERACTOR → SOLUTION] 2
[INTERACTOR → SOLUTION] 0 3 3 7 0
[SOLUTION → INTERACTOR] 0
[INTERACTOR → SOLUTION] 11
[INTERACTOR → SOLUTION] 1 5 5 11 0
[SOLUTION → INTERACTOR] 1
[SOLUTION → INTERACTOR] BUILD_CABLE 11 24
[INTERACTOR → SOLUTION] 3
[INTERACTOR → SOLUTION] 0 4 5 11 0
[SOLUTION → INTERACTOR] 0
[INTERACTOR → SOLUTION] 9
[INTERACTOR → SOLUTION] 0 4 5 11 0
[SOLUTION → INTERACTOR] 0
[INTERACTOR → SOLUTION] 11
[INTERACTOR → SOLUTION] 1 6 7 15 0
[SOLUTION → INTERACTOR] 3
[SOLUTION → INTERACTOR] BUILD_DC 24
[SOLUTION → INTERACTOR] CONVERT 2 0
[SOLUTION → INTERACTOR] BUILD_CABLE 1 2
[INTERACTOR → SOLUTION] 11
[INTERACTOR → SOLUTION] 2 6 5 18 0
[SOLUTION → INTERACTOR] 2
[SOLUTION → INTERACTOR] BUILD_DC 2
[SOLUTION → INTERACTOR] BUILD_CABLE 7 8
[INTERACTOR → SOLUTION] 7
[INTERACTOR → SOLUTION] 0 4 4 17 0
[SOLUTION → INTERACTOR] 0
[INTERACTOR → SOLUTION] 9
[INTERACTOR → SOLUTION] 0 4 4 17 0
[SOLUTION → INTERACTOR] 0
[INTERACTOR → SOLUTION] 7
[INTERACTOR → SOLUTION] 0 4 4 17 0
[SOLUTION → INTERACTOR] 0
[INTERACTOR → SOLUTION] 7
[INTERACTOR → SOLUTION] 0 4 4 17 0
[SOLUTION → INTERACTOR] 0
[INTERACTOR → SOLUTION] 8
[INTERACTOR → SOLUTION] 0 4 4 17 0
[SOLUTION → INTERACTOR] 0
[INTERACTOR → SOLUTION] 5
[INTERACTOR → SOLUTION] 0 4 4 17 0
[SOLUTION → INTERACTOR] 0
[INTERACTOR → SOLUTION] 10
[INTERACTOR → SOLUTION] 0 4 4 17 0
[SOLUTION → INTERACTOR] 0
[INTERACTOR → SOLUTION] 6
[INTERACTOR → SOLUTION] 0 4 4 17 0
[SOLUTION → INTERACTOR] 0
[INTERACTOR → SOLUTION] 8
[INTERACTOR → SOLUTION] 0 4 4 17 0
[SOLUTION → INTERACTOR] 0
[INTERACTOR → SOLUTION] 3
[INTERACTOR → SOLUTION] 0 4 4 17 0
[SOLUTION → INTERACTOR] 0
[INTERACTOR → SOLUTION] 4
[INTERACTOR → SOLUTION] 0 4 4 17 0
[SOLUTION → INTERACTOR] 0
[INTERACTOR → SOLUTION] 4
[INTERACTOR → SOLUTION] 0 4 4 17 0
[SOLUTION → INTERACTOR] 0
[INTERACTOR → SOLUTION] 10
[INTERACTOR → SOLUTION] 0 4 4 17 0
[SOLUTION → INTERACTOR] 0
[INTERACTOR → SOLUTION] 7
[INTERACTOR → SOLUTION] 0 4 4 17 0
[SOLUTION → INTERACTOR] 0
[INTERACTOR → SOLUTION] 4
[INTERACTOR → SOLUTION] 0 4 4 17 0
[SOLUTION → INTERACTOR] 0
[INTERACTOR → SOLUTION] 7
[INTERACTOR → SOLUTION] 0 4 4 17 0
[SOLUTION → INTERACTOR] 0
[INTERACTOR → SOLUTION] 5
[INTERACTOR → SOLUTION] 0 4 4 17 0
[SOLUTION → INTERACTOR] 0
[INTERACTOR → SOLUTION] 6
[INTERACTOR → SOLUTION] 0 4 4 17 0
[SOLUTION → INTERACTOR] 0
[INTERACTOR → SOLUTION] 8
[INTERACTOR → SOLUTION] 0 4 4 17 0
[SOLUTION → INTERACTOR] 0
[INTERACTOR → SOLUTION] 3
[INTERACTOR → SOLUTION] 0 4 4 17 0
[SOLUTION → INTERACTOR] 0
[INTERACTOR → SOLUTION] 9
[INTERACTOR → SOLUTION] 0 4 4 17 0
[SOLUTION → INTERACTOR] 0
[INTERACTOR → SOLUTION] 6
[INTERACTOR → SOLUTION] 0 4 4 17 0
[SOLUTION → INTERACTOR] 0
[INTERACTOR → SOLUTION] 6
[INTERACTOR → SOLUTION] 0 4 4 17 0
[SOLUTION → INTERACTOR] 0
[INTERACTOR → SOLUTION] 10
[INTERACTOR → SOLUTION] 0 4 4 17 0
[SOLUTION → INTERACTOR] 0
[INTERACTOR → SOLUTION] 7
[INTERACTOR → SOLUTION] 0 4 4 17 0
[SOLUTION → INTERACTOR] 0
[INTERACTOR → SOLUTION] 7
[INTERACTOR → SOLUTION] 0 4 4 17 0
[SOLUTION → INTERACTOR] 0
[INTERACTOR → SOLUTION] 7
[INTERACTOR → SOLUTION] 0 4 4 17 0
[SOLUTION → INTERACTOR] 0
[INTERACTOR → SOLUTION] 9
[INTERACTOR → SOLUTION] 0 4 4 17 0
[SOLUTION → INTERACTOR] 0
[INTERACTOR → SOLUTION] 7
[INTERACTOR → SOLUTION] 0 4 4 17 0
[SOLUTION → INTERACTOR] 0
[INTERACTOR → SOLUTION] 5
[INTERACTOR → SOLUTION] 0 4 4 17 0
[SOLUTION → INTERACTOR] 0
[INTERACTOR → SOLUTION] 4
[INTERACTOR → SOLUTION] 0 4 4 17 0
[SOLUTION → INTERACTOR] 0
[INTERACTOR → SOLUTION] 7
[INTERACTOR → SOLUTION] 0 4 4 17 0
[SOLUTION → INTERACTOR] 0
[INTERACTOR → SOLUTION] 11
[INTERACTOR → SOLUTION] 2 6 8 21 0
[SOLUTION → INTERACTOR] 1
[SOLUTION → INTERACTOR] BUILD_DC 8
[INTERACTOR → SOLUTION] 6
[INTERACTOR → SOLUTION] 1 5 7 20 0
[SOLUTION → INTERACTOR] 0
[INTERACTOR → SOLUTION] 6
[INTERACTOR → SOLUTION] 1 5 7 20 0
[SOLUTION → INTERACTOR] 0
[INTERACTOR → SOLUTION] 8
[INTERACTOR → SOLUTION] 1 5 7 20 0
[SOLUTION → INTERACTOR] 0
[INTERACTOR → SOLUTION] 4
[INTERACTOR → SOLUTION] 1 5 7 20 0
[SOLUTION → INTERACTOR] 0
[INTERACTOR → SOLUTION] 9
[INTERACTOR → SOLUTION] 1 5 7 20 0
[SOLUTION → INTERACTOR] 0
[INTERACTOR → SOLUTION] 10
[INTERACTOR → SOLUTION] 1 5 7 20 0
[SOLUTION → INTERACTOR] 0
[INTERACTOR → SOLUTION] 99
[INTERACTOR → SOLUTION] 3 12 25 26 14 17 27 28
[INTERACTOR → SOLUTION] 4 12 38 39 29 26 25 40
[INTERACTOR → SOLUTION] 4 12 47 48 41 39 38 49
[INTERACTOR → SOLUTION] 1 12 14 15 0 5 16 17
[INTERACTOR → SOLUTION] 0 12 29 30 18 15 14 26
[INTERACTOR → SOLUTION] 2 12 41 42 31 30 29 39
[INTERACTOR → SOLUTION] 0 12 50 51 43 42 41 48
[INTERACTOR → SOLUTION] 5 0 0 1 2 3 4 5
[INTERACTOR → SOLUTION] 2 12 18 19 6 1 0 15
[INTERACTOR → SOLUTION] 0 12 31 32 20 19 18 30
[INTERACTOR → SOLUTION] 0 12 43 44 33 32 31 42
[INTERACTOR → SOLUTION] 4 12 52 53 45 44 43 51
[INTERACTOR → SOLUTION] 3 12 6 7 8 9 2 1
[INTERACTOR → SOLUTION] 4 12 20 21 10 7 6 19
[INTERACTOR → SOLUTION] 2 12 33 34 22 21 20 32
[INTERACTOR → SOLUTION] 3 12 45 46 35 34 33 44
[INTERACTOR → SOLUTION] 2 12 10 11 12 13 8 7
[INTERACTOR → SOLUTION] 1 12 22 23 24 11 10 21
[INTERACTOR → SOLUTION] 1 12 35 36 37 23 22 34
[INTERACTOR → SOLUTION] C0 2 38 49
[INTERACTOR → SOLUTION] C1 2 8 9
[INTERACTOR → SOLUTION] C2 2 11 24
[INTERACTOR → SOLUTION] C3 2 16 17
[INTERACTOR → SOLUTION] C4 2 48 50
[INTERACTOR → SOLUTION] C31 8 4 5 27 28 51 52 35 46
[SOLUTION → INTERACTOR] START
[SOLUTION → INTERACTOR] BUILD_DC 14
[SOLUTION → INTERACTOR] BUILD_DC 18
[SOLUTION → INTERACTOR] BUILD_CABLE 14 15
[SOLUTION → INTERACTOR] BUILD_CABLE 18 15
[INTERACTOR → SOLUTION] 2
[INTERACTOR → SOLUTION] 0 0 0 0 0
[SOLUTION → INTERACTOR] 0
[INTERACTOR → SOLUTION] 5
[INTERACTOR → SOLUTION] 0 0 0 0 0
[SOLUTION → INTERACTOR] 0
[INTERACTOR → SOLUTION] 8
[INTERACTOR → SOLUTION] 0 0 0 0 0
[SOLUTION → INTERACTOR] 0
[INTERACTOR → SOLUTION] 10
[INTERACTOR → SOLUTION] 0 0 0 0 0
[SOLUTION → INTERACTOR] 0
[INTERACTOR → SOLUTION] 5
[INTERACTOR → SOLUTION] 0 0 0 0 0
[SOLUTION → INTERACTOR] 0
[INTERACTOR → SOLUTION] 6
[INTERACTOR → SOLUTION] 0 0 0 0 0
[SOLUTION → INTERACTOR] 0
[INTERACTOR → SOLUTION] 7
[INTERACTOR → SOLUTION] 0 0 0 0 0
[SOLUTION → INTERACTOR] 0
[INTERACTOR → SOLUTION] 8
[INTERACTOR → SOLUTION] 0 0 0 0 0
[SOLUTION → INTERACTOR] 0
[INTERACTOR → SOLUTION] 4
[INTERACTOR → SOLUTION] 0 0 0 0 0
[SOLUTION → INTERACTOR] 0
[INTERACTOR → SOLUTION] 6
[INTERACTOR → SOLUTION] 0 0 0 0 0
[SOLUTION → INTERACTOR] 0
[INTERACTOR → SOLUTION] 5
[INTERACTOR → SOLUTION] 0 0 0 0 0
[SOLUTION → INTERACTOR] 0
[INTERACTOR → SOLUTION] 8
[INTERACTOR → SOLUTION] 0 0 0 0 0
[SOLUTION → INTERACTOR] 0
[INTERACTOR → SOLUTION] 6
[INTERACTOR → SOLUTION] 0 0 0 0 0
[SOLUTION → INTERACTOR] 0
[INTERACTOR → SOLUTION] 4
[INTERACTOR → SOLUTION] 0 0 0 0 0
[SOLUTION → INTERACTOR] 0
[INTERACTOR → SOLUTION] 7
[INTERACTOR → SOLUTION] 0 0 0 0 0
[SOLUTION → INTERACTOR] 0
[INTERACTOR → SOLUTION] 3
[INTERACTOR → SOLUTION] 0 0 0 0 0
[SOLUTION → INTERACTOR] 0
[INTERACTOR → SOLUTION] 2
[INTERACTOR → SOLUTION] 0 0 0 0 0
[SOLUTION → INTERACTOR] 0
[INTERACTOR → SOLUTION] 9
[INTERACTOR → SOLUTION] 0 0 0 0 0
[SOLUTION → INTERACTOR] 0
[INTERACTOR → SOLUTION] 10
[INTERACTOR → SOLUTION] 0 0 0 0 0
[SOLUTION → INTERACTOR] 0
[INTERACTOR → SOLUTION] 6
[INTERACTOR → SOLUTION] 0 0 0 0 0
[SOLUTION → INTERACTOR] 0
[INTERACTOR → SOLUTION] 8
[INTERACTOR → SOLUTION] 0 0 0 0 0
[SOLUTION → INTERACTOR] 0
[INTERACTOR → SOLUTION] 2
[INTERACTOR → SOLUTION] 0 0 0 0 0
[SOLUTION → INTERACTOR] 0
[INTERACTOR → SOLUTION] 11
[INTERACTOR → SOLUTION] 0 0 0 0 0
[SOLUTION → INTERACTOR] 0
[INTERACTOR → SOLUTION] 10
[INTERACTOR → SOLUTION] 0 0 0 0 0
[SOLUTION → INTERACTOR] 0
[INTERACTOR → SOLUTION] 6
[INTERACTOR → SOLUTION] 0 0 0 0 0
[SOLUTION → INTERACTOR] 0
[INTERACTOR → SOLUTION] 6
[INTERACTOR → SOLUTION] 0 0 0 0 0
[SOLUTION → INTERACTOR] 0
[INTERACTOR → SOLUTION] 6
[INTERACTOR → SOLUTION] 0 0 0 0 0
[SOLUTION → INTERACTOR] 0
[INTERACTOR → SOLUTION] 7
[INTERACTOR → SOLUTION] 0 0 0 0 0
[SOLUTION → INTERACTOR] 0
[INTERACTOR → SOLUTION] 7
[INTERACTOR → SOLUTION] 0 0 0 0 0
[SOLUTION → INTERACTOR] 0
[INTERACTOR → SOLUTION] 6
[INTERACTOR → SOLUTION] 0 0 0 0 0
[SOLUTION → INTERACTOR] 0
[INTERACTOR → SOLUTION] 5
[INTERACTOR → SOLUTION] 0 0 0 0 0
[SOLUTION → INTERACTOR] 0
[INTERACTOR → SOLUTION] 10
[INTERACTOR → SOLUTION] 0 0 0 0 0
[SOLUTION → INTERACTOR] 0
[INTERACTOR → SOLUTION] 5
[INTERACTOR → SOLUTION] 0 0 0 0 0
[SOLUTION → INTERACTOR] 0
[INTERACTOR → SOLUTION] 7
[INTERACTOR → SOLUTION] 0 0 0 0 0
[SOLUTION → INTERACTOR] 0
[INTERACTOR → SOLUTION] 4
[INTERACTOR → SOLUTION] 0 0 0 0 0
[SOLUTION → INTERACTOR] 0
[INTERACTOR → SOLUTION] 10
[INTERACTOR → SOLUTION] 0 0 0 0 0
[SOLUTION → INTERACTOR] 0
[INTERACTOR → SOLUTION] 8
[INTERACTOR → SOLUTION] 0 0 0 0 0
[SOLUTION → INTERACTOR] 0
[INTERACTOR → SOLUTION] 6
[INTERACTOR → SOLUTION] 0 0 0 0 0
[SOLUTION → INTERACTOR] 0
[INTERACTOR → SOLUTION] 11
[INTERACTOR → SOLUTION] 0 0 0 0 0
[SOLUTION → INTERACTOR] 0
[INTERACTOR → SOLUTION] 12
[INTERACTOR → SOLUTION] 3 1 1 1 0
[SOLUTION → INTERACTOR] 1
[SOLUTION → INTERACTOR] BUILD_CABLE 15 0
[INTERACTOR → SOLUTION] 9
[INTERACTOR → SOLUTION] 2 0 1 1 0
[SOLUTION → INTERACTOR] 0
[INTERACTOR → SOLUTION] 10
[INTERACTOR → SOLUTION] 2 0 1 1 0
[SOLUTION → INTERACTOR] 0
[INTERACTOR → SOLUTION] 11
[INTERACTOR → SOLUTION] 2 0 1 1 0
[SOLUTION → INTERACTOR] 0
[INTERACTOR → SOLUTION] 9
[INTERACTOR → SOLUTION] 2 0 1 1 0
[SOLUTION → INTERACTOR] 0
[INTERACTOR → SOLUTION] 11
[INTERACTOR → SOLUTION] 2 0 1 1 0
[SOLUTION → INTERACTOR] 0
[INTERACTOR → SOLUTION] 7
[INTERACTOR → SOLUTION] 2 0 1 1 0
[SOLUTION → INTERACTOR] 0
[INTERACTOR → SOLUTION] 10
[INTERACTOR → SOLUTION] 2 0 1 1 0
[SOLUTION → INTERACTOR] 0
[INTERACTOR → SOLUTION] 9
[INTERACTOR → SOLUTION] 2 0 1 1 0
[SOLUTION → INTERACTOR] 0
[INTERACTOR → SOLUTION] 9
[INTERACTOR → SOLUTION] 2 0 1 1 0
[SOLUTION → INTERACTOR] 0
[INTERACTOR → SOLUTION] 3
[INTERACTOR → SOLUTION] 2 0 1 1 0
[SOLUTION → INTERACTOR] 0
[INTERACTOR → SOLUTION] 12
[INTERACTOR → SOLUTION] 5 1 2 2 0
[SOLUTION → INTERACTOR] 1
[SOLUTION → INTERACTOR] BUILD_DC 0
[INTERACTOR → SOLUTION] 7
[INTERACTOR → SOLUTION] 4 0 1 1 0
[SOLUTION → INTERACTOR] 0
[INTERACTOR → SOLUTION] 7
[INTERACTOR → SOLUTION] 4 0 1 1 0
[SOLUTION → INTERACTOR] 0
[INTERACTOR → SOLUTION] 12
[INTERACTOR → SOLUTION] 7 2 3 2 0
[SOLUTION → INTERACTOR] 2
[SOLUTION → INTERACTOR] BUILD_CABLE 14 17
[SOLUTION → INTERACTOR] BUILD_CABLE 17 27
[INTERACTOR → SOLUTION] 11
[INTERACTOR → SOLUTION] 5 0 3 2 0
[SOLUTION → INTERACTOR] 0
[INTERACTOR → SOLUTION] 9
[INTERACTOR → SOLUTION] 5 0 3 2 0
[SOLUTION → INTERACTOR] 0
[INTERACTOR → SOLUTION] 11
[INTERACTOR → SOLUTION] 5 0 3 2 0
[SOLUTION → INTERACTOR] 0
[INTERACTOR → SOLUTION] 7
[INTERACTOR → SOLUTION] 5 0 3 2 0
[SOLUTION → INTERACTOR] 0
[INTERACTOR → SOLUTION] 5
[INTERACTOR → SOLUTION] 5 0 3 2 0
[SOLUTION → INTERACTOR] 0
[INTERACTOR → SOLUTION] 4
[INTERACTOR → SOLUTION] 5 0 3 2 0
[SOLUTION → INTERACTOR] 0
[INTERACTOR → SOLUTION] 6
[INTERACTOR → SOLUTION] 5 0 3 2 0
[SOLUTION → INTERACTOR] 0
[INTERACTOR → SOLUTION] 10
[INTERACTOR → SOLUTION] 5 0 3 2 0
[SOLUTION → INTERACTOR] 0
[INTERACTOR → SOLUTION] 7
[INTERACTOR → SOLUTION] 5 0 3 2 0
[SOLUTION → INTERACTOR] 0
[INTERACTOR → SOLUTION] 7
[INTERACTOR → SOLUTION] 5 0 3 2 0
[SOLUTION → INTERACTOR] 0
[INTERACTOR → SOLUTION] 7
[INTERACTOR → SOLUTION] 5 0 3 2 0
[SOLUTION → INTERACTOR] 0
[INTERACTOR → SOLUTION] 4
[INTERACTOR → SOLUTION] 5 0 3 2 0
[SOLUTION → INTERACTOR] 0
[INTERACTOR → SOLUTION] 6
[INTERACTOR → SOLUTION] 5 0 3 2 0
[SOLUTION → INTERACTOR] 0
[INTERACTOR → SOLUTION] 6
[INTERACTOR → SOLUTION] 5 0 3 2 0
[SOLUTION → INTERACTOR] 0
[INTERACTOR → SOLUTION] 5
[INTERACTOR → SOLUTION] 5 0 3 2 0
[SOLUTION → INTERACTOR] 0
[INTERACTOR → SOLUTION] 4
[INTERACTOR → SOLUTION] 5 0 3 2 0
[SOLUTION → INTERACTOR] 0
[INTERACTOR → SOLUTION] 6
[INTERACTOR → SOLUTION] 5 0 3 2 0
[SOLUTION → INTERACTOR] 0
[INTERACTOR → SOLUTION] 8
[INTERACTOR → SOLUTION] 5 0 3 2 0
[SOLUTION → INTERACTOR] 0
[INTERACTOR → SOLUTION] 9
[INTERACTOR → SOLUTION] 5 0 3 2 0
[SOLUTION → INTERACTOR] 0
[INTERACTOR → SOLUTION] 8
[INTERACTOR → SOLUTION] 5 0 3 2 0
[SOLUTION → INTERACTOR] 0
[INTERACTOR → SOLUTION] 3
[INTERACTOR → SOLUTION] 5 0 3 2 0
[SOLUTION → INTERACTOR] 0
[INTERACTOR → SOLUTION] 3
[INTERACTOR → SOLUTION] 5 0 3 2 0
[SOLUTION → INTERACTOR] 0
[INTERACTOR → SOLUTION] 4
[INTERACTOR → SOLUTION] 5 0 3 2 0
[SOLUTION → INTERACTOR] 0
[INTERACTOR → SOLUTION] 9
[INTERACTOR → SOLUTION] 5 0 3 2 0
[SOLUTION → INTERACTOR] 0
[INTERACTOR → SOLUTION] 10
[INTERACTOR → SOLUTION] 5 0 3 2 0
[SOLUTION → INTERACTOR] 0
[INTERACTOR → SOLUTION] 11
[INTERACTOR → SOLUTION] 5 0 3 2 0
[SOLUTION → INTERACTOR] 0
[INTERACTOR → SOLUTION] 2
[INTERACTOR → SOLUTION] 5 0 3 2 0
[SOLUTION → INTERACTOR] 0
[INTERACTOR → SOLUTION] 4
[INTERACTOR → SOLUTION] 5 0 3 2 0
[SOLUTION → INTERACTOR] 0
[INTERACTOR → SOLUTION] 6
[INTERACTOR → SOLUTION] 5 0 3 2 0
[SOLUTION → INTERACTOR] 0
[INTERACTOR → SOLUTION] 9
[INTERACTOR → SOLUTION] 5 0 3 2 0
[SOLUTION → INTERACTOR] 0
[INTERACTOR → SOLUTION] 6
[INTERACTOR → SOLUTION] 5 0 3 2 0
[SOLUTION → INTERACTOR] 0
[INTERACTOR → SOLUTION] 11
[INTERACTOR → SOLUTION] 5 0 3 2 0
[SOLUTION → INTERACTOR] 0
[INTERACTOR → SOLUTION] 11
[INTERACTOR → SOLUTION] 5 0 3 2 0
[SOLUTION → INTERACTOR] 0
[INTERACTOR → SOLUTION] 2
[INTERACTOR → SOLUTION] 5 0 3 2 0
[SOLUTION → INTERACTOR] 0
[INTERACTOR → SOLUTION] 5
[INTERACTOR → SOLUTION] 5 0 3 2 0
[SOLUTION → INTERACTOR] 0
[INTERACTOR → SOLUTION] 4
[INTERACTOR → SOLUTION] 5 0 3 2 0
[SOLUTION → INTERACTOR] 0
[INTERACTOR → SOLUTION] 5
[INTERACTOR → SOLUTION] 5 0 3 2 0
[SOLUTION → INTERACTOR] 0
[INTERACTOR → SOLUTION] 6
[INTERACTOR → SOLUTION] 5 0 3 2 0
[SOLUTION → INTERACTOR] 0
[INTERACTOR → SOLUTION] 6
[INTERACTOR → SOLUTION] 5 0 3 2 0
[SOLUTION → INTERACTOR] 0
[INTERACTOR → SOLUTION] 7
[INTERACTOR → SOLUTION] 5 0 3 2 0
[SOLUTION → INTERACTOR] 0
[INTERACTOR → SOLUTION] 7
[INTERACTOR → SOLUTION] 5 0 3 2 0
[SOLUTION → INTERACTOR] 0
[INTERACTOR → SOLUTION] 8
[INTERACTOR → SOLUTION] 5 0 3 2 0
[SOLUTION → INTERACTOR] 0
[INTERACTOR → SOLUTION] 7
[INTERACTOR → SOLUTION] 5 0 3 2 0
[SOLUTION → INTERACTOR] 0
[INTERACTOR → SOLUTION] 7
[INTERACTOR → SOLUTION] 5 0 3 2 0
[SOLUTION → INTERACTOR] 0
[INTERACTOR → SOLUTION] 6
[INTERACTOR → SOLUTION] 5 0 3 2 0
[SOLUTION → INTERACTOR] 0
[INTERACTOR → SOLUTION] 109
[INTERACTOR → SOLUTION] 5 0 25 26 14 17 27 28
[INTERACTOR → SOLUTION] 4 2 38 39 29 26 25 40
[INTERACTOR → SOLUTION] 1 2 47 48 41 39 38 49
[INTERACTOR → SOLUTION] 0 2 14 15 0 5 16 17
[INTERACTOR → SOLUTION] 0 2 29 30 18 15 14 26
[INTERACTOR → SOLUTION] 4 2 41 42 31 30 29 39
[INTERACTOR → SOLUTION] 3 2 50 51 43 42 41 48
[INTERACTOR → SOLUTION] 3 2 0 1 2 3 4 5
[INTERACTOR → SOLUTION] 4 2 18 19 6 1 0 15
[INTERACTOR → SOLUTION] 3 2 31 32 20 19 18 30
[INTERACTOR → SOLUTION] 4 2 43 44 33 32 31 42
[INTERACTOR → SOLUTION] 2 2 52 53 45 44 43 51
[INTERACTOR → SOLUTION] 1 2 6 7 8 9 2 1
[INTERACTOR → SOLUTION] 2 2 20 21 10 7 6 19
[INTERACTOR → SOLUTION] 0 2 33 34 22 21 20 32
[INTERACTOR → SOLUTION] 1 2 45 46 35 34 33 44
[INTERACTOR → SOLUTION] 2 2 10 11 12 13 8 7
[INTERACTOR → SOLUTION] 1 2 22 23 24 11 10 21
[INTERACTOR → SOLUTION] 0 2 35 36 37 23 22 34
[INTERACTOR → SOLUTION] C0 2 27 28
[INTERACTOR → SOLUTION] C1 2 25 40
[INTERACTOR → SOLUTION] C2 2 4 5
[INTERACTOR → SOLUTION] C3 2 23 24
[INTERACTOR → SOLUTION] C4 2 16 17
[INTERACTOR → SOLUTION] C31 8 12 13 38 49 47 48 2 3
[SOLUTION → INTERACTOR] START
[SOLUTION → INTERACTOR] BUILD_DC 7
[SOLUTION → INTERACTOR] BUILD_DC 20
[SOLUTION → INTERACTOR] BUILD_CABLE 7 6
[SOLUTION → INTERACTOR] BUILD_CABLE 20 19
[INTERACTOR → SOLUTION] 9
[INTERACTOR → SOLUTION] 0 0 0 0 0
[SOLUTION → INTERACTOR] 0
[INTERACTOR → SOLUTION] 6
[INTERACTOR → SOLUTION] 0 0 0 0 0
[SOLUTION → INTERACTOR] 0
[INTERACTOR → SOLUTION] 10
[INTERACTOR → SOLUTION] 0 0 0 0 0
[SOLUTION → INTERACTOR] 0
[INTERACTOR → SOLUTION] 6
[INTERACTOR → SOLUTION] 0 0 0 0 0
[SOLUTION → INTERACTOR] 0
[INTERACTOR → SOLUTION] 7
[INTERACTOR → SOLUTION] 0 0 0 0 0
[SOLUTION → INTERACTOR] 0
[INTERACTOR → SOLUTION] 6
[INTERACTOR → SOLUTION] 0 0 0 0 0
[SOLUTION → INTERACTOR] 0
[INTERACTOR → SOLUTION] 11
[INTERACTOR → SOLUTION] 0 0 0 0 0
[SOLUTION → INTERACTOR] 0
[INTERACTOR → SOLUTION] 2
[INTERACTOR → SOLUTION] 1 1 3 1 0
[SOLUTION → INTERACTOR] 1
[SOLUTION → INTERACTOR] BUILD_CABLE 6 1
[INTERACTOR → SOLUTION] 11
[INTERACTOR → SOLUTION] 0 0 3 1 0
[SOLUTION → INTERACTOR] 0
[INTERACTOR → SOLUTION] 9
[INTERACTOR → SOLUTION] 0 0 3 1 0
[SOLUTION → INTERACTOR] 0
[INTERACTOR → SOLUTION] 2
[INTERACTOR → SOLUTION] 1 1 6 2 0
[SOLUTION → INTERACTOR] 1
[SOLUTION → INTERACTOR] BUILD_DC 1
[INTERACTOR → SOLUTION] 7
[INTERACTOR → SOLUTION] 0 0 5 1 0
[SOLUTION → INTERACTOR] 0
[INTERACTOR → SOLUTION] 10
[INTERACTOR → SOLUTION] 0 0 5 1 0
[SOLUTION → INTERACTOR] 0
[INTERACTOR → SOLUTION] 7
[INTERACTOR → SOLUTION] 0 0 5 1 0
[SOLUTION → INTERACTOR] 0
[INTERACTOR → SOLUTION] 4
[INTERACTOR → SOLUTION] 0 0 5 1 0
[SOLUTION → INTERACTOR] 0
[INTERACTOR → SOLUTION] 9
[INTERACTOR → SOLUTION] 0 0 5 1 0
[SOLUTION → INTERACTOR] 0
[INTERACTOR → SOLUTION] 8
[INTERACTOR → SOLUTION] 0 0 5 1 0
[SOLUTION → INTERACTOR] 0
[INTERACTOR → SOLUTION] 9
[INTERACTOR → SOLUTION] 0 0 5 1 0
[SOLUTION → INTERACTOR] 0
[INTERACTOR → SOLUTION] 11
[INTERACTOR → SOLUTION] 0 0 5 1 0
[SOLUTION → INTERACTOR] 0
[INTERACTOR → SOLUTION] 3
[INTERACTOR → SOLUTION] 0 0 5 1 0
[SOLUTION → INTERACTOR] 0
[INTERACTOR → SOLUTION] 7
[INTERACTOR → SOLUTION] 0 0 5 1 0
[SOLUTION → INTERACTOR] 0
[INTERACTOR → SOLUTION] 8
[INTERACTOR → SOLUTION] 0 0 5 1 0
[SOLUTION → INTERACTOR] 0
[INTERACTOR → SOLUTION] 6
[INTERACTOR → SOLUTION] 0 0 5 1 0
[SOLUTION → INTERACTOR] 0
[INTERACTOR → SOLUTION] 8
[INTERACTOR → SOLUTION] 0 0 5 1 0
[SOLUTION → INTERACTOR] 0
[INTERACTOR → SOLUTION] 10
[INTERACTOR → SOLUTION] 0 0 5 1 0
[SOLUTION → INTERACTOR] 0
[INTERACTOR → SOLUTION] 5
[INTERACTOR → SOLUTION] 0 0 5 1 0
[SOLUTION → INTERACTOR] 0
[INTERACTOR → SOLUTION] 9
[INTERACTOR → SOLUTION] 0 0 5 1 0
[SOLUTION → INTERACTOR] 0
[INTERACTOR → SOLUTION] 9
[INTERACTOR → SOLUTION] 0 0 5 1 0
[SOLUTION → INTERACTOR] 0
[INTERACTOR → SOLUTION] 9
[INTERACTOR → SOLUTION] 0 0 5 1 0
[SOLUTION → INTERACTOR] 0
[INTERACTOR → SOLUTION] 8
[INTERACTOR → SOLUTION] 0 0 5 1 0
[SOLUTION → INTERACTOR] 0
[INTERACTOR → SOLUTION] 7
[INTERACTOR → SOLUTION] 0 0 5 1 0
[SOLUTION → INTERACTOR] 0
[INTERACTOR → SOLUTION] 10
[INTERACTOR → SOLUTION] 0 0 5 1 0
[SOLUTION → INTERACTOR] 0
[INTERACTOR → SOLUTION] 8
[INTERACTOR → SOLUTION] 0 0 5 1 0
[SOLUTION → INTERACTOR] 0
[INTERACTOR → SOLUTION] 7
[INTERACTOR → SOLUTION] 0 0 5 1 0
[SOLUTION → INTERACTOR] 0
[INTERACTOR → SOLUTION] 8
[INTERACTOR → SOLUTION] 0 0 5 1 0
[SOLUTION → INTERACTOR] 0
[INTERACTOR → SOLUTION] 2
[INTERACTOR → SOLUTION] 1 2 8 3 1
[SOLUTION → INTERACTOR] 3
[SOLUTION → INTERACTOR] BUILD_CABLE 1 2
[SOLUTION → INTERACTOR] CONVERT 2 0
[SOLUTION → INTERACTOR] BUILD_CABLE 2 3
[INTERACTOR → SOLUTION] 4
[INTERACTOR → SOLUTION] 0 0 4 3 1
[SOLUTION → INTERACTOR] 0
[INTERACTOR → SOLUTION] 8
[INTERACTOR → SOLUTION] 0 0 4 3 1
[SOLUTION → INTERACTOR] 0
[INTERACTOR → SOLUTION] 5
[INTERACTOR → SOLUTION] 0 0 4 3 1
[SOLUTION → INTERACTOR] 0
[INTERACTOR → SOLUTION] 7
[INTERACTOR → SOLUTION] 0 0 4 3 1
[SOLUTION → INTERACTOR] 0
[INTERACTOR → SOLUTION] 11
[INTERACTOR → SOLUTION] 0 0 4 3 1
[SOLUTION → INTERACTOR] 0
[INTERACTOR → SOLUTION] 7
[INTERACTOR → SOLUTION] 0 0 4 3 1
[SOLUTION → INTERACTOR] 0
[INTERACTOR → SOLUTION] 6
[INTERACTOR → SOLUTION] 0 0 4 3 1
[SOLUTION → INTERACTOR] 0
[INTERACTOR → SOLUTION] 10
[INTERACTOR → SOLUTION] 0 0 4 3 1
[SOLUTION → INTERACTOR] 0
[INTERACTOR → SOLUTION] 12
[INTERACTOR → SOLUTION] 0 0 4 3 1
[SOLUTION → INTERACTOR] 0
[INTERACTOR → SOLUTION] 8
[INTERACTOR → SOLUTION] 0 0 4 3 1
[SOLUTION → INTERACTOR] 0
[INTERACTOR → SOLUTION] 5
[INTERACTOR → SOLUTION] 0 0 4 3 1
[SOLUTION → INTERACTOR] 0
[INTERACTOR → SOLUTION] 3
[INTERACTOR → SOLUTION] 0 0 4 3 1
[SOLUTION → INTERACTOR] 0
[INTERACTOR → SOLUTION] 6
[INTERACTOR → SOLUTION] 0 0 4 3 1
[SOLUTION → INTERACTOR] 0
[INTERACTOR → SOLUTION] 3
[INTERACTOR → SOLUTION] 0 0 4 3 1
[SOLUTION → INTERACTOR] 0
[INTERACTOR → SOLUTION] 10
[INTERACTOR → SOLUTION] 0 0 4 3 1
[SOLUTION → INTERACTOR] 0
[INTERACTOR → SOLUTION] 7
[INTERACTOR → SOLUTION] 0 0 4 3 1
[SOLUTION → INTERACTOR] 0
[INTERACTOR → SOLUTION] 5
[INTERACTOR → SOLUTION] 0 0 4 3 1
[SOLUTION → INTERACTOR] 0
[INTERACTOR → SOLUTION] 7
[INTERACTOR → SOLUTION] 0 0 4 3 1
[SOLUTION → INTERACTOR] 0
[INTERACTOR → SOLUTION] 6
[INTERACTOR → SOLUTION] 0 0 4 3 1
[SOLUTION → INTERACTOR] 0
[INTERACTOR → SOLUTION] 6
[INTERACTOR → SOLUTION] 0 0 4 3 1
[SOLUTION → INTERACTOR] 0
[INTERACTOR → SOLUTION] 7
[INTERACTOR → SOLUTION] 0 0 4 3 1
[SOLUTION → INTERACTOR] 0
[INTERACTOR → SOLUTION] 8
[INTERACTOR → SOLUTION] 0 0 4 3 1
[SOLUTION → INTERACTOR] 0
[INTERACTOR → SOLUTION] 5
[INTERACTOR → SOLUTION] 0 0 4 3 1
[SOLUTION → INTERACTOR] 0
[INTERACTOR → SOLUTION] 9
[INTERACTOR → SOLUTION] 0 0 4 3 1
[SOLUTION → INTERACTOR] 0
[INTERACTOR → SOLUTION] 8
[INTERACTOR → SOLUTION] 0 0 4 3 1
[SOLUTION → INTERACTOR] 0
[INTERACTOR → SOLUTION] 9
[INTERACTOR → SOLUTION] 0 0 4 3 1
[SOLUTION → INTERACTOR] 0
[INTERACTOR → SOLUTION] 7
[INTERACTOR → SOLUTION] 0 0 4 3 1
[SOLUTION → INTERACTOR] 0
[INTERACTOR → SOLUTION] 4
[INTERACTOR → SOLUTION] 0 0 4 3 1
[SOLUTION → INTERACTOR] 0
[INTERACTOR → SOLUTION] 8
[INTERACTOR → SOLUTION] 0 0 4 3 1
[SOLUTION → INTERACTOR] 0
[INTERACTOR → SOLUTION] 6
[INTERACTOR → SOLUTION] 0 0 4 3 1
[SOLUTION → INTERACTOR] 0
[INTERACTOR → SOLUTION] 5
[INTERACTOR → SOLUTION] 0 0 4 3 1
[SOLUTION → INTERACTOR] 0
[INTERACTOR → SOLUTION] 8
[INTERACTOR → SOLUTION] 0 0 4 3 1
[SOLUTION → INTERACTOR] 0
[INTERACTOR → SOLUTION] 10
[INTERACTOR → SOLUTION] 0 0 4 3 1
[SOLUTION → INTERACTOR] 0
[INTERACTOR → SOLUTION] 5
[INTERACTOR → SOLUTION] 0 0 4 3 1
[SOLUTION → INTERACTOR] 0
[INTERACTOR → SOLUTION] 7
[INTERACTOR → SOLUTION] 0 0 4 3 1
[SOLUTION → INTERACTOR] 0
[INTERACTOR → SOLUTION] 4
[INTERACTOR → SOLUTION] 0 0 4 3 1
[SOLUTION → INTERACTOR] 0
[INTERACTOR → SOLUTION] 7
[INTERACTOR → SOLUTION] 0 0 4 3 1
[SOLUTION → INTERACTOR] 0
[INTERACTOR → SOLUTION] 5
[INTERACTOR → SOLUTION] 0 0 4 3 1
[SOLUTION → INTERACTOR] 0
[INTERACTOR → SOLUTION] 9
[INTERACTOR → SOLUTION] 0 0 4 3 1
[SOLUTION → INTERACTOR] 0
[INTERACTOR → SOLUTION] 7
[INTERACTOR → SOLUTION] 0 0 4 3 1
[SOLUTION → INTERACTOR] 0
[INTERACTOR → SOLUTION] 7
[INTERACTOR → SOLUTION] 0 0 4 3 1
[SOLUTION → INTERACTOR] 0
[INTERACTOR → SOLUTION] 7
[INTERACTOR → SOLUTION] 0 0 4 3 1
[SOLUTION → INTERACTOR] 0
[INTERACTOR → SOLUTION] 2
[INTERACTOR → SOLUTION] 1 2 7 5 2
[SOLUTION → INTERACTOR] 3
[SOLUTION → INTERACTOR] BUILD_DC 3
[SOLUTION → INTERACTOR] CONVERT 2 0
[SOLUTION → INTERACTOR] BUILD_CABLE 7 8
[INTERACTOR → SOLUTION] 9
[INTERACTOR → SOLUTION] 0 0 3 4 2
[SOLUTION → INTERACTOR] 0
[INTERACTOR → SOLUTION] 9
[INTERACTOR → SOLUTION] 0 0 3 4 2
[SOLUTION → INTERACTOR] 0
[INTERACTOR → SOLUTION] 7
[INTERACTOR → SOLUTION] 0 0 3 4 2
[SOLUTION → INTERACTOR] 0
[INTERACTOR → SOLUTION] 5
[INTERACTOR → SOLUTION] 0 0 3 4 2
[SOLUTION → INTERACTOR] 0
[INTERACTOR → SOLUTION] 12
[INTERACTOR → SOLUTION] 0 0 3 4 2
[SOLUTION → INTERACTOR] 0
[INTERACTOR → SOLUTION] 5
[INTERACTOR → SOLUTION] 0 0 3 4 2
[SOLUTION → INTERACTOR] 0
[INTERACTOR → SOLUTION] 6
[INTERACTOR → SOLUTION] 0 0 3 4 2
[SOLUTION → INTERACTOR] 0
[INTERACTOR → SOLUTION] 7
[INTERACTOR → SOLUTION] 0 0 3 4 2
[SOLUTION → INTERACTOR] 0
[INTERACTOR → SOLUTION] 2
[INTERACTOR → SOLUTION] 1 2 6 7 3
[SOLUTION → INTERACTOR] 4
[SOLUTION → INTERACTOR] UPGRADE_DC 7
[SOLUTION → INTERACTOR] BUILD_CABLE 8 13
[SOLUTION → INTERACTOR] CONVERT 2 0
[SOLUTION → INTERACTOR] BUILD_DC 13
[INTERACTOR → SOLUTION] 5
[INTERACTOR → SOLUTION] 0 0 2 4 0
[SOLUTION → INTERACTOR] 0
[INTERACTOR → SOLUTION] 5
[INTERACTOR → SOLUTION] 0 0 2 4 0
[SOLUTION → INTERACTOR] 0
[INTERACTOR → SOLUTION] 5
[INTERACTOR → SOLUTION] 0 0 2 4 0
[SOLUTION → INTERACTOR] 0
[INTERACTOR → SOLUTION] 11
[INTERACTOR → SOLUTION] 0 0 2 4 0
[SOLUTION → INTERACTOR] 0
[INTERACTOR → SOLUTION] 6
[INTERACTOR → SOLUTION] 0 0 2 4 0
[SOLUTION → INTERACTOR] 0
[INTERACTOR → SOLUTION] 6
[INTERACTOR → SOLUTION] 0 0 2 4 0
[SOLUTION → INTERACTOR] 0
[INTERACTOR → SOLUTION] 8
[INTERACTOR → SOLUTION] 0 0 2 4 0
[SOLUTION → INTERACTOR] 0
[INTERACTOR → SOLUTION] 7
[INTERACTOR → SOLUTION] 0 0 2 4 0
[SOLUTION → INTERACTOR] 0
[INTERACTOR → SOLUTION] 6
[INTERACTOR → SOLUTION] 0 0 2 4 0
[SOLUTION → INTERACTOR] 0
[INTERACTOR → SOLUTION] 7
[INTERACTOR → SOLUTION] 0 0 2 4 0
[SOLUTION → INTERACTOR] 0
[INTERACTOR → SOLUTION] 6
[INTERACTOR → SOLUTION] 0 0 2 4 0
[SOLUTION → INTERACTOR] 0
[INTERACTOR → SOLUTION] 6
[INTERACTOR → SOLUTION] 0 0 2 4 0
[SOLUTION → INTERACTOR] 0
[INTERACTOR → SOLUTION] 6
[INTERACTOR → SOLUTION] 0 0 2 4 0
[SOLUTION → INTERACTOR] 0
[INTERACTOR → SOLUTION] 2
[INTERACTOR → SOLUTION] 1 3 8 7 1
[SOLUTION → INTERACTOR] 0
[INTERACTOR → SOLUTION] 6
[INTERACTOR → SOLUTION] 1 3 8 7 1
[SOLUTION → INTERACTOR] 0
[INTERACTOR → SOLUTION] 3
[INTERACTOR → SOLUTION] 1 3 8 7 1
[SOLUTION → INTERACTOR] 0
[INTERACTOR → SOLUTION] 3
[INTERACTOR → SOLUTION] 1 3 8 7 1
[SOLUTION → INTERACTOR] 0
[INTERACTOR → SOLUTION] 9
[INTERACTOR → SOLUTION] 1 3 8 7 1
[SOLUTION → INTERACTOR] 0
[INTERACTOR → SOLUTION] 11
[INTERACTOR → SOLUTION] 1 3 8 7 1
[SOLUTION → INTERACTOR] 0
[INTERACTOR → SOLUTION] 9
[INTERACTOR → SOLUTION] 1 3 8 7 1
[SOLUTION → INTERACTOR] 0
[INTERACTOR → SOLUTION] 5
[INTERACTOR → SOLUTION] 1 3 8 7 1
[SOLUTION → INTERACTOR] 0
[INTERACTOR → SOLUTION] 99
[INTERACTOR → SOLUTION] 0 3 25 26 14 17 27 28
[INTERACTOR → SOLUTION] 3 3 38 39 29 26 25 40
[INTERACTOR → SOLUTION] 1 3 47 48 41 39 38 49
[INTERACTOR → SOLUTION] 5 0 14 15 0 5 16 17
[INTERACTOR → SOLUTION] 0 3 29 30 18 15 14 26
[INTERACTOR → SOLUTION] 0 3 41 42 31 30 29 39
[INTERACTOR → SOLUTION] 2 3 50 51 43 42 41 48
[INTERACTOR → SOLUTION] 1 3 0 1 2 3 4 5
[INTERACTOR → SOLUTION] 0 3 18 19 6 1 0 15
[INTERACTOR → SOLUTION] 2 3 31 32 20 19 18 30
[INTERACTOR → SOLUTION] 3 3 43 44 33 32 31 42
[INTERACTOR → SOLUTION] 1 3 52 53 45 44 43 51
[INTERACTOR → SOLUTION] 4 3 6 7 8 9 2 1
[INTERACTOR → SOLUTION] 2 3 20 21 10 7 6 19
[INTERACTOR → SOLUTION] 2 3 33 34 22 21 20 32
[INTERACTOR → SOLUTION] 3 3 45 46 35 34 33 44
[INTERACTOR → SOLUTION] 3 3 10 11 12 13 8 7
[INTERACTOR → SOLUTION] 4 3 22 23 24 11 10 21
[INTERACTOR → SOLUTION] 4 3 35 36 37 23 22 34
[INTERACTOR → SOLUTION] C0 2 38 40
[INTERACTOR → SOLUTION] C1 2 47 48
[INTERACTOR → SOLUTION] C2 2 8 9
[INTERACTOR → SOLUTION] C3 2 17 27
[INTERACTOR → SOLUTION] C4 2 35 46
[INTERACTOR → SOLUTION] C31 8 3 4 36 37 12 13 5 16
[SOLUTION → INTERACTOR] START
[SOLUTION → INTERACTOR] BUILD_DC 18
[SOLUTION → INTERACTOR] BUILD_DC 39
[SOLUTION → INTERACTOR] BUILD_CABLE 18 19
[SOLUTION → INTERACTOR] BUILD_CABLE 39 29
[INTERACTOR → SOLUTION] 9
[INTERACTOR → SOLUTION] 0 0 0 0 0
[SOLUTION → INTERACTOR] 0
[INTERACTOR → SOLUTION] 10
[INTERACTOR → SOLUTION] 0 0 0 0 0
[SOLUTION → INTERACTOR] 0
[INTERACTOR → SOLUTION] 8
[INTERACTOR → SOLUTION] 0 0 0 0 0
[SOLUTION → INTERACTOR] 0
[INTERACTOR → SOLUTION] 11
[INTERACTOR → SOLUTION] 0 0 0 0 0
[SOLUTION → INTERACTOR] 0
[INTERACTOR → SOLUTION] 3
[INTERACTOR → SOLUTION] 3 1 1 1 0
[SOLUTION → INTERACTOR] 1
[SOLUTION → INTERACTOR] BUILD_CABLE 19 6
[INTERACTOR → SOLUTION] 7
[INTERACTOR → SOLUTION] 2 0 1 1 0
[SOLUTION → INTERACTOR] 0
[INTERACTOR → SOLUTION] 8
[INTERACTOR → SOLUTION] 2 0 1 1 0
[SOLUTION → INTERACTOR] 0
[INTERACTOR → SOLUTION] 10
[INTERACTOR → SOLUTION] 2 0 1 1 0
[SOLUTION → INTERACTOR] 0
[INTERACTOR → SOLUTION] 2
[INTERACTOR → SOLUTION] 2 0 1 1 0
[SOLUTION → INTERACTOR] 0
[INTERACTOR → SOLUTION] 8
[INTERACTOR → SOLUTION] 2 0 1 1 0
[SOLUTION → INTERACTOR] 0
[INTERACTOR → SOLUTION] 7
[INTERACTOR → SOLUTION] 2 0 1 1 0
[SOLUTION → INTERACTOR] 0
[INTERACTOR → SOLUTION] 5
[INTERACTOR → SOLUTION] 2 0 1 1 0
[SOLUTION → INTERACTOR] 0
[INTERACTOR → SOLUTION] 10
[INTERACTOR → SOLUTION] 2 0 1 1 0
[SOLUTION → INTERACTOR] 0
[INTERACTOR → SOLUTION] 6
[INTERACTOR → SOLUTION] 2 0 1 1 0
[SOLUTION → INTERACTOR] 0
[INTERACTOR → SOLUTION] 4
[INTERACTOR → SOLUTION] 2 0 1 1 0
[SOLUTION → INTERACTOR] 0
[INTERACTOR → SOLUTION] 10
[INTERACTOR → SOLUTION] 2 0 1 1 0
[SOLUTION → INTERACTOR] 0
[INTERACTOR → SOLUTION] 12
[INTERACTOR → SOLUTION] 2 0 1 1 0
[SOLUTION → INTERACTOR] 0
[INTERACTOR → SOLUTION] 8
[INTERACTOR → SOLUTION] 2 0 1 1 0
[SOLUTION → INTERACTOR] 0
[INTERACTOR → SOLUTION] 2
[INTERACTOR → SOLUTION] 2 0 1 1 0
[SOLUTION → INTERACTOR] 0
[INTERACTOR → SOLUTION] 2
[INTERACTOR → SOLUTION] 2 0 1 1 0
[SOLUTION → INTERACTOR] 0
[INTERACTOR → SOLUTION] 3
[INTERACTOR → SOLUTION] 5 1 2 2 0
[SOLUTION → INTERACTOR] 1
[SOLUTION → INTERACTOR] BUILD_DC 6
[INTERACTOR → SOLUTION] 2
[INTERACTOR → SOLUTION] 4 0 1 1 0
[SOLUTION → INTERACTOR] 0
[INTERACTOR → SOLUTION] 3
[INTERACTOR → SOLUTION] 8 1 3 2 1
[SOLUTION → INTERACTOR] 3
[SOLUTION → INTERACTOR] BUILD_CABLE 19 20
[SOLUTION → INTERACTOR] CONVERT 0 1
[SOLUTION → INTERACTOR] BUILD_DC 20
[INTERACTOR → SOLUTION] 6
[INTERACTOR → SOLUTION] 2 0 2 1 1
[SOLUTION → INTERACTOR] 0
[INTERACTOR → SOLUTION] 4
[INTERACTOR → SOLUTION] 2 0 2 1 1
[SOLUTION → INTERACTOR] 0
[INTERACTOR → SOLUTION] 6
[INTERACTOR → SOLUTION] 2 0 2 1 1
[SOLUTION → INTERACTOR] 0
[INTERACTOR → SOLUTION] 7
[INTERACTOR → SOLUTION] 2 0 2 1 1
[SOLUTION → INTERACTOR] 0
[INTERACTOR → SOLUTION] 4
[INTERACTOR → SOLUTION] 2 0 2 1 1
[SOLUTION → INTERACTOR] 0
[INTERACTOR → SOLUTION] 7
[INTERACTOR → SOLUTION] 2 0 2 1 1
[SOLUTION → INTERACTOR] 0
[INTERACTOR → SOLUTION] 8
[INTERACTOR → SOLUTION] 2 0 2 1 1
[SOLUTION → INTERACTOR] 0
[INTERACTOR → SOLUTION] 10
[INTERACTOR → SOLUTION] 2 0 2 1 1
[SOLUTION → INTERACTOR] 0
[INTERACTOR → SOLUTION] 3
[INTERACTOR → SOLUTION] 6 1 7 2 2
[SOLUTION → INTERACTOR] 3
[SOLUTION → INTERACTOR] BUILD_CABLE 29 26
[SOLUTION → INTERACTOR] CONVERT 2 1
[SOLUTION → INTERACTOR] BUILD_DC 26
[INTERACTOR → SOLUTION] 6
[INTERACTOR → SOLUTION] 4 0 2 1 2
[SOLUTION → INTERACTOR] 0
[INTERACTOR → SOLUTION] 8
[INTERACTOR → SOLUTION] 4 0 2 1 2
[SOLUTION → INTERACTOR] 0
[INTERACTOR → SOLUTION] 11
[INTERACTOR → SOLUTION] 4 0 2 1 2
[SOLUTION → INTERACTOR] 0
[INTERACTOR → SOLUTION] 11
[INTERACTOR → SOLUTION] 4 0 2 1 2
[SOLUTION → INTERACTOR] 0
[INTERACTOR → SOLUTION] 8
[INTERACTOR → SOLUTION] 4 0 2 1 2
[SOLUTION → INTERACTOR] 0
[INTERACTOR → SOLUTION] 7
[INTERACTOR → SOLUTION] 4 0 2 1 2
[SOLUTION → INTERACTOR] 0
[INTERACTOR → SOLUTION] 6
[INTERACTOR → SOLUTION] 4 0 2 1 2
[SOLUTION → INTERACTOR] 0
[INTERACTOR → SOLUTION] 7
[INTERACTOR → SOLUTION] 4 0 2 1 2
[SOLUTION → INTERACTOR] 0
[INTERACTOR → SOLUTION] 4
[INTERACTOR → SOLUTION] 4 0 2 1 2
[SOLUTION → INTERACTOR] 0
[INTERACTOR → SOLUTION] 7
[INTERACTOR → SOLUTION] 4 0 2 1 2
[SOLUTION → INTERACTOR] 0
[INTERACTOR → SOLUTION] 9
[INTERACTOR → SOLUTION] 4 0 2 1 2
[SOLUTION → INTERACTOR] 0
[INTERACTOR → SOLUTION] 5
[INTERACTOR → SOLUTION] 4 0 2 1 2
[SOLUTION → INTERACTOR] 0
[INTERACTOR → SOLUTION] 4
[INTERACTOR → SOLUTION] 4 0 2 1 2
[SOLUTION → INTERACTOR] 0
[INTERACTOR → SOLUTION] 10
[INTERACTOR → SOLUTION] 4 0 2 1 2
[SOLUTION → INTERACTOR] 0
[INTERACTOR → SOLUTION] 5
[INTERACTOR → SOLUTION] 4 0 2 1 2
[SOLUTION → INTERACTOR] 0
[INTERACTOR → SOLUTION] 8
[INTERACTOR → SOLUTION] 4 0 2 1 2
[SOLUTION → INTERACTOR] 0
[INTERACTOR → SOLUTION] 10
[INTERACTOR → SOLUTION] 4 0 2 1 2
[SOLUTION → INTERACTOR] 0
[INTERACTOR → SOLUTION] 7
[INTERACTOR → SOLUTION] 4 0 2 1 2
[SOLUTION → INTERACTOR] 0
[INTERACTOR → SOLUTION] 9
[INTERACTOR → SOLUTION] 4 0 2 1 2
[SOLUTION → INTERACTOR] 0
[INTERACTOR → SOLUTION] 7
[INTERACTOR → SOLUTION] 4 0 2 1 2
[SOLUTION → INTERACTOR] 0
[INTERACTOR → SOLUTION] 7
[INTERACTOR → SOLUTION] 4 0 2 1 2
[SOLUTION → INTERACTOR] 0
[INTERACTOR → SOLUTION] 6
[INTERACTOR → SOLUTION] 4 0 2 1 2
[SOLUTION → INTERACTOR] 0
[INTERACTOR → SOLUTION] 6
[INTERACTOR → SOLUTION] 4 0 2 1 2
[SOLUTION → INTERACTOR] 0
[INTERACTOR → SOLUTION] 7
[INTERACTOR → SOLUTION] 4 0 2 1 2
[SOLUTION → INTERACTOR] 0
[INTERACTOR → SOLUTION] 10
[INTERACTOR → SOLUTION] 4 0 2 1 2
[SOLUTION → INTERACTOR] 0
[INTERACTOR → SOLUTION] 8
[INTERACTOR → SOLUTION] 4 0 2 1 2
[SOLUTION → INTERACTOR] 0
[INTERACTOR → SOLUTION] 9
[INTERACTOR → SOLUTION] 4 0 2 1 2
[SOLUTION → INTERACTOR] 0
[INTERACTOR → SOLUTION] 6
[INTERACTOR → SOLUTION] 4 0 2 1 2
[SOLUTION → INTERACTOR] 0
[INTERACTOR → SOLUTION] 7
[INTERACTOR → SOLUTION] 4 0 2 1 2
[SOLUTION → INTERACTOR] 0
[INTERACTOR → SOLUTION] 6
[INTERACTOR → SOLUTION] 4 0 2 1 2
[SOLUTION → INTERACTOR] 0
[INTERACTOR → SOLUTION] 4
[INTERACTOR → SOLUTION] 4 0 2 1 2
[SOLUTION → INTERACTOR] 0
[INTERACTOR → SOLUTION] 7
[INTERACTOR → SOLUTION] 4 0 2 1 2
[SOLUTION → INTERACTOR] 0
[INTERACTOR → SOLUTION] 3
[INTERACTOR → SOLUTION] 10 1 7 3 3
[SOLUTION → INTERACTOR] 6
[SOLUTION → INTERACTOR] UPGRADE_DC 18
[SOLUTION → INTERACTOR] BUILD_CABLE 6 1
[SOLUTION → INTERACTOR] CONVERT 0 1
[SOLUTION → INTERACTOR] BUILD_CABLE 1 2
[SOLUTION → INTERACTOR] CONVERT 2 1
[SOLUTION → INTERACTOR] BUILD_DC 2
[INTERACTOR → SOLUTION] 12
[INTERACTOR → SOLUTION] 3 0 2 0 0
[SOLUTION → INTERACTOR] 0
[INTERACTOR → SOLUTION] 4
[INTERACTOR → SOLUTION] 3 0 2 0 0
[SOLUTION → INTERACTOR] 0
[INTERACTOR → SOLUTION] 5
[INTERACTOR → SOLUTION] 3 0 2 0 0
[SOLUTION → INTERACTOR] 0
[INTERACTOR → SOLUTION] 8
[INTERACTOR → SOLUTION] 3 0 2 0 0
[SOLUTION → INTERACTOR] 0
[INTERACTOR → SOLUTION] 3
[INTERACTOR → SOLUTION] 11 2 8 2 2
[SOLUTION → INTERACTOR] 6
[SOLUTION → INTERACTOR] BUILD_CABLE 2 3
[SOLUTION → INTERACTOR] BUILD_CABLE 3 4
[SOLUTION → INTERACTOR] CONVERT 0 1
[SOLUTION → INTERACTOR] BUILD_DC 4
[SOLUTION → INTERACTOR] CONVERT 2 1
[SOLUTION → INTERACTOR] BUILD_CABLE 4 5
[INTERACTOR → SOLUTION] 7
[INTERACTOR → SOLUTION] 3 0 4 1 2
[SOLUTION → INTERACTOR] 0
[INTERACTOR → SOLUTION] 9
[INTERACTOR → SOLUTION] 3 0 4 1 2
[SOLUTION → INTERACTOR] 0
[INTERACTOR → SOLUTION] 7
[INTERACTOR → SOLUTION] 3 0 4 1 2
[SOLUTION → INTERACTOR] 0
[INTERACTOR → SOLUTION] 9
[INTERACTOR → SOLUTION] 3 0 4 1 2
[SOLUTION → INTERACTOR] 0
[INTERACTOR → SOLUTION] 7
[INTERACTOR → SOLUTION] 3 0 4 1 2
[SOLUTION → INTERACTOR] 0
[INTERACTOR → SOLUTION] 7
[INTERACTOR → SOLUTION] 3 0 4 1 2
[SOLUTION → INTERACTOR] 0
[INTERACTOR → SOLUTION] 12
[INTERACTOR → SOLUTION] 3 0 4 1 2
[SOLUTION → INTERACTOR] 0
[INTERACTOR → SOLUTION] 8
[INTERACTOR → SOLUTION] 3 0 4 1 2
[SOLUTION → INTERACTOR] 0
[INTERACTOR → SOLUTION] 10
[INTERACTOR → SOLUTION] 3 0 4 1 2
[SOLUTION → INTERACTOR] 0
[INTERACTOR → SOLUTION] 2
[INTERACTOR → SOLUTION] 3 0 4 1 2
[SOLUTION → INTERACTOR] 0
[INTERACTOR → SOLUTION] 7
[INTERACTOR → SOLUTION] 3 0 4 1 2
[SOLUTION → INTERACTOR] 0
[INTERACTOR → SOLUTION] 7
[INTERACTOR → SOLUTION] 3 0 4 1 2
[SOLUTION → INTERACTOR] 0
[INTERACTOR → SOLUTION] 4
[INTERACTOR → SOLUTION] 3 0 4 1 2
[SOLUTION → INTERACTOR] 0
[INTERACTOR → SOLUTION] 4
[INTERACTOR → SOLUTION] 3 0 4 1 2
[SOLUTION → INTERACTOR] 0
[INTERACTOR → SOLUTION] 5
[INTERACTOR → SOLUTION] 3 0 4 1 2
[SOLUTION → INTERACTOR] 0
[INTERACTOR → SOLUTION] 7
[INTERACTOR → SOLUTION] 3 0 4 1 2
[SOLUTION → INTERACTOR] 0
[INTERACTOR → SOLUTION] 4
[INTERACTOR → SOLUTION] 3 0 4 1 2
[SOLUTION → INTERACTOR] 0
[INTERACTOR → SOLUTION] 4
[INTERACTOR → SOLUTION] 3 0 4 1 2
[SOLUTION → INTERACTOR] 0
[INTERACTOR → SOLUTION] 7
[INTERACTOR → SOLUTION] 3 0 4 1 2
[SOLUTION → INTERACTOR] 0
[INTERACTOR → SOLUTION] 8
[INTERACTOR → SOLUTION] 3 0 4 1 2
[SOLUTION → INTERACTOR] 0
[INTERACTOR → SOLUTION] 10
[INTERACTOR → SOLUTION] 3 0 4 1 2
[SOLUTION → INTERACTOR] 0
[INTERACTOR → SOLUTION] 9
[INTERACTOR → SOLUTION] 3 0 4 1 2
[SOLUTION → INTERACTOR] 0
[INTERACTOR → SOLUTION] 8
[INTERACTOR → SOLUTION] 3 0 4 1 2
[SOLUTION → INTERACTOR] 0
[INTERACTOR → SOLUTION] 3
[INTERACTOR → SOLUTION] 11 3 10 3 4
[SOLUTION → INTERACTOR] 1
[SOLUTION → INTERACTOR] UPGRADE_DC 39
[INTERACTOR → SOLUTION] 6
[INTERACTOR → SOLUTION] 11 3 10 1 1
[SOLUTION → INTERACTOR] 0
[INTERACTOR → SOLUTION] 5
[INTERACTOR → SOLUTION] 11 3 10 1 1
[SOLUTION → INTERACTOR] 0
[INTERACTOR → SOLUTION] 6
[INTERACTOR → SOLUTION] 11 3 10 1 1
[SOLUTION → INTERACTOR] 0
[INTERACTOR → SOLUTION] 8
[INTERACTOR → SOLUTION] 11 3 10 1 1
[SOLUTION → INTERACTOR] 0
[INTERACTOR → SOLUTION] 6
[INTERACTOR → SOLUTION] 11 3 10 1 1
[SOLUTION → INTERACTOR] 0
[INTERACTOR → SOLUTION] 101
[INTERACTOR → SOLUTION] 4 4 25 26 14 17 27 28
[INTERACTOR → SOLUTION] 4 4 38 39 29 26 25 40
[INTERACTOR → SOLUTION] 2 4 47 48 41 39 38 49
[INTERACTOR → SOLUTION] 3 4 14 15 0 5 16 17
[INTERACTOR → SOLUTION] 4 4 29 30 18 15 14 26
[INTERACTOR → SOLUTION] 2 4 41 42 31 30 29 39
[INTERACTOR → SOLUTION] 3 4 50 51 43 42 41 48
[INTERACTOR → SOLUTION] 4 4 0 1 2 3 4 5
[INTERACTOR → SOLUTION] 3 4 18 19 6 1 0 15
[INTERACTOR → SOLUTION] 0 4 31 32 20 19 18 30
[INTERACTOR → SOLUTION] 1 4 43 44 33 32 31 42
[INTERACTOR → SOLUTION] 3 4 52 53 45 44 43 51
[INTERACTOR → SOLUTION] 0 4 6 7 8 9 2 1
[INTERACTOR → SOLUTION] 1 4 20 21 10 7 6 19
[INTERACTOR → SOLUTION] 1 4 33 34 22 21 20 32
[INTERACTOR → SOLUTION] 5 0 45 46 35 34 33 44
[INTERACTOR → SOLUTION] 2 4 10 11 12 13 8 7
[INTERACTOR → SOLUTION] 2 4 22 23 24 11 10 21
[INTERACTOR → SOLUTION] 0 4 35 36 37 23 22 34
[INTERACTOR → SOLUTION] C0 2 2 9
[INTERACTOR → SOLUTION] C1 2 48 50
[INTERACTOR → SOLUTION] C2 2 35 46
[INTERACTOR → SOLUTION] C3 2 16 17
[INTERACTOR → SOLUTION] C4 2 11 24
[INTERACTOR → SOLUTION] C31 8 23 37 8 13 47 49 25 40
[SOLUTION → INTERACTOR] START
[SOLUTION → INTERACTOR] BUILD_DC 6
[SOLUTION → INTERACTOR] BUILD_DC 10
[SOLUTION → INTERACTOR] BUILD_CABLE 6 1
[SOLUTION → INTERACTOR] BUILD_CABLE 10 7
[INTERACTOR → SOLUTION] 4
[INTERACTOR → SOLUTION] 1 2 2 1 0
[SOLUTION → INTERACTOR] 1
[SOLUTION → INTERACTOR] BUILD_CABLE 7 8
[INTERACTOR → SOLUTION] 9
[INTERACTOR → SOLUTION] 0 1 2 1 0
[SOLUTION → INTERACTOR] 0
[INTERACTOR → SOLUTION] 10
[INTERACTOR → SOLUTION] 0 1 2 1 0
[SOLUTION → INTERACTOR] 0
[INTERACTOR → SOLUTION] 5
[INTERACTOR → SOLUTION] 0 1 2 1 0
[SOLUTION → INTERACTOR] 0
[INTERACTOR → SOLUTION] 3
[INTERACTOR → SOLUTION] 0 1 2 1 0
[SOLUTION → INTERACTOR] 0
[INTERACTOR → SOLUTION] 4
[INTERACTOR → SOLUTION] 1 3 4 2 0
[SOLUTION → INTERACTOR] 1
[SOLUTION → INTERACTOR] BUILD_DC 8
[INTERACTOR → SOLUTION] 8
[INTERACTOR → SOLUTION] 0 2 3 1 0
[SOLUTION → INTERACTOR] 0
[INTERACTOR → SOLUTION] 6
[INTERACTOR → SOLUTION] 0 2 3 1 0
[SOLUTION → INTERACTOR] 0
[INTERACTOR → SOLUTION] 6
[INTERACTOR → SOLUTION] 0 2 3 1 0
[SOLUTION → INTERACTOR] 0
[INTERACTOR → SOLUTION] 5
[INTERACTOR → SOLUTION] 0 2 3 1 0
[SOLUTION → INTERACTOR] 0
[INTERACTOR → SOLUTION] 9
[INTERACTOR → SOLUTION] 0 2 3 1 0
[SOLUTION → INTERACTOR] 0
[INTERACTOR → SOLUTION] 8
[INTERACTOR → SOLUTION] 0 2 3 1 0
[SOLUTION → INTERACTOR] 0
[INTERACTOR → SOLUTION] 9
[INTERACTOR → SOLUTION] 0 2 3 1 0
[SOLUTION → INTERACTOR] 0
[INTERACTOR → SOLUTION] 12
[INTERACTOR → SOLUTION] 0 2 3 1 0
[SOLUTION → INTERACTOR] 0
[INTERACTOR → SOLUTION] 5
[INTERACTOR → SOLUTION] 0 2 3 1 0
[SOLUTION → INTERACTOR] 0
[INTERACTOR → SOLUTION] 8
[INTERACTOR → SOLUTION] 0 2 3 1 0
[SOLUTION → INTERACTOR] 0
[INTERACTOR → SOLUTION] 6
[INTERACTOR → SOLUTION] 0 2 3 1 0
[SOLUTION → INTERACTOR] 0
[INTERACTOR → SOLUTION] 8
[INTERACTOR → SOLUTION] 0 2 3 1 0
[SOLUTION → INTERACTOR] 0
[INTERACTOR → SOLUTION] 8
[INTERACTOR → SOLUTION] 0 2 3 1 0
[SOLUTION → INTERACTOR] 0
[INTERACTOR → SOLUTION] 6
[INTERACTOR → SOLUTION] 0 2 3 1 0
[SOLUTION → INTERACTOR] 0
[INTERACTOR → SOLUTION] 9
[INTERACTOR → SOLUTION] 0 2 3 1 0
[SOLUTION → INTERACTOR] 0
[INTERACTOR → SOLUTION] 5
[INTERACTOR → SOLUTION] 0 2 3 1 0
[SOLUTION → INTERACTOR] 0
[INTERACTOR → SOLUTION] 6
[INTERACTOR → SOLUTION] 0 2 3 1 0
[SOLUTION → INTERACTOR] 0
[INTERACTOR → SOLUTION] 4
[INTERACTOR → SOLUTION] 2 4 6 2 0
[SOLUTION → INTERACTOR] 2
[SOLUTION → INTERACTOR] BUILD_CABLE 1 0
[SOLUTION → INTERACTOR] BUILD_DC 0
[INTERACTOR → SOLUTION] 7
[INTERACTOR → SOLUTION] 0 2 5 1 0
[SOLUTION → INTERACTOR] 0
[INTERACTOR → SOLUTION] 9
[INTERACTOR → SOLUTION] 0 2 5 1 0
[SOLUTION → INTERACTOR] 0
[INTERACTOR → SOLUTION] 7
[INTERACTOR → SOLUTION] 0 2 5 1 0
[SOLUTION → INTERACTOR] 0
[INTERACTOR → SOLUTION] 4
[INTERACTOR → SOLUTION] 2 4 8 4 1
[SOLUTION → INTERACTOR] 4
[SOLUTION → INTERACTOR] BUILD_CABLE 1 2
[SOLUTION → INTERACTOR] BUILD_DC 2
[SOLUTION → INTERACTOR] CONVERT 2 0
[SOLUTION → INTERACTOR] BUILD_CABLE 10 11
[INTERACTOR → SOLUTION] 5
[INTERACTOR → SOLUTION] 0 1 4 3 1
[SOLUTION → INTERACTOR] 0
[INTERACTOR → SOLUTION] 7
[INTERACTOR → SOLUTION] 0 1 4 3 1
[SOLUTION → INTERACTOR] 0
[INTERACTOR → SOLUTION] 6
[INTERACTOR → SOLUTION] 0 1 4 3 1
[SOLUTION → INTERACTOR] 0
[INTERACTOR → SOLUTION] 7
[INTERACTOR → SOLUTION] 0 1 4 3 1
[SOLUTION → INTERACTOR] 0
[INTERACTOR → SOLUTION] 7
[INTERACTOR → SOLUTION] 0 1 4 3 1
[SOLUTION → INTERACTOR] 0
[INTERACTOR → SOLUTION] 11
[INTERACTOR → SOLUTION] 0 1 4 3 1
[SOLUTION → INTERACTOR] 0
[INTERACTOR → SOLUTION] 6
[INTERACTOR → SOLUTION] 0 1 4 3 1
[SOLUTION → INTERACTOR] 0
[INTERACTOR → SOLUTION] 7
[INTERACTOR → SOLUTION] 0 1 4 3 1
[SOLUTION → INTERACTOR] 0
[INTERACTOR → SOLUTION] 4
[INTERACTOR → SOLUTION] 3 3 7 6 3
[SOLUTION → INTERACTOR] 5
[SOLUTION → INTERACTOR] UPGRADE_DC 6
[SOLUTION → INTERACTOR] BUILD_CABLE 11 24
[SOLUTION → INTERACTOR] BUILD_DC 24
[SOLUTION → INTERACTOR] BUILD_CABLE 24 23
[SOLUTION → INTERACTOR] CONVERT 2 0
[INTERACTOR → SOLUTION] 8
[INTERACTOR → SOLUTION] 1 0 3 3 0
[SOLUTION → INTERACTOR] 0
[INTERACTOR → SOLUTION] 6
[INTERACTOR → SOLUTION] 1 0 3 3 0
[SOLUTION → INTERACTOR] 0
[INTERACTOR → SOLUTION] 7
[INTERACTOR → SOLUTION] 1 0 3 3 0
[SOLUTION → INTERACTOR] 0
[INTERACTOR → SOLUTION] 10
[INTERACTOR → SOLUTION] 1 0 3 3 0
[SOLUTION → INTERACTOR] 0
[INTERACTOR → SOLUTION] 5
[INTERACTOR → SOLUTION] 1 0 3 3 0
[SOLUTION → INTERACTOR] 0
[INTERACTOR → SOLUTION] 11
[INTERACTOR → SOLUTION] 1 0 3 3 0
[SOLUTION → INTERACTOR] 0
[INTERACTOR → SOLUTION] 11
[INTERACTOR → SOLUTION] 1 0 3 3 0
[SOLUTION → INTERACTOR] 0
[INTERACTOR → SOLUTION] 5
[INTERACTOR → SOLUTION] 1 0 3 3 0
[SOLUTION → INTERACTOR] 0
[INTERACTOR → SOLUTION] 6
[INTERACTOR → SOLUTION] 1 0 3 3 0
[SOLUTION → INTERACTOR] 0
[INTERACTOR → SOLUTION] 10
[INTERACTOR → SOLUTION] 1 0 3 3 0
[SOLUTION → INTERACTOR] 0
[INTERACTOR → SOLUTION] 8
[INTERACTOR → SOLUTION] 1 0 3 3 0
[SOLUTION → INTERACTOR] 0
[INTERACTOR → SOLUTION] 3
[INTERACTOR → SOLUTION] 1 0 3 3 0
[SOLUTION → INTERACTOR] 0
[INTERACTOR → SOLUTION] 11
[INTERACTOR → SOLUTION] 1 0 3 3 0
[SOLUTION → INTERACTOR] 0
[INTERACTOR → SOLUTION] 6
[INTERACTOR → SOLUTION] 1 0 3 3 0
[SOLUTION → INTERACTOR] 0
[INTERACTOR → SOLUTION] 7
[INTERACTOR → SOLUTION] 1 0 3 3 0
[SOLUTION → INTERACTOR] 0
[INTERACTOR → SOLUTION] 12
[INTERACTOR → SOLUTION] 1 0 3 3 0
[SOLUTION → INTERACTOR] 0
[INTERACTOR → SOLUTION] 12
[INTERACTOR → SOLUTION] 1 0 3 3 0
[SOLUTION → INTERACTOR] 0
[INTERACTOR → SOLUTION] 12
[INTERACTOR → SOLUTION] 1 0 3 3 0
[SOLUTION → INTERACTOR] 0
[INTERACTOR → SOLUTION] 6
[INTERACTOR → SOLUTION] 1 0 3 3 0
[SOLUTION → INTERACTOR] 0
[INTERACTOR → SOLUTION] 8
[INTERACTOR → SOLUTION] 1 0 3 3 0
[SOLUTION → INTERACTOR] 0
[INTERACTOR → SOLUTION] 6
[INTERACTOR → SOLUTION] 1 0 3 3 0
[SOLUTION → INTERACTOR] 0
[INTERACTOR → SOLUTION] 6
[INTERACTOR → SOLUTION] 1 0 3 3 0
[SOLUTION → INTERACTOR] 0
[INTERACTOR → SOLUTION] 9
[INTERACTOR → SOLUTION] 1 0 3 3 0
[SOLUTION → INTERACTOR] 0
[INTERACTOR → SOLUTION] 8
[INTERACTOR → SOLUTION] 1 0 3 3 0
[SOLUTION → INTERACTOR] 0
[INTERACTOR → SOLUTION] 8
[INTERACTOR → SOLUTION] 1 0 3 3 0
[SOLUTION → INTERACTOR] 0
[INTERACTOR → SOLUTION] 3
[INTERACTOR → SOLUTION] 1 0 3 3 0
[SOLUTION → INTERACTOR] 0
[INTERACTOR → SOLUTION] 7
[INTERACTOR → SOLUTION] 1 0 3 3 0
[SOLUTION → INTERACTOR] 0
[INTERACTOR → SOLUTION] 5
[INTERACTOR → SOLUTION] 1 0 3 3 0
[SOLUTION → INTERACTOR] 0
[INTERACTOR → SOLUTION] 2
[INTERACTOR → SOLUTION] 1 0 3 3 0
[SOLUTION → INTERACTOR] 0
[INTERACTOR → SOLUTION] 5
[INTERACTOR → SOLUTION] 1 0 3 3 0
[SOLUTION → INTERACTOR] 0
[INTERACTOR → SOLUTION] 8
[INTERACTOR → SOLUTION] 1 0 3 3 0
[SOLUTION → INTERACTOR] 0
[INTERACTOR → SOLUTION] 8
[INTERACTOR → SOLUTION] 1 0 3 3 0
[SOLUTION → INTERACTOR] 0
[INTERACTOR → SOLUTION] 6
[INTERACTOR → SOLUTION] 1 0 3 3 0
[SOLUTION → INTERACTOR] 0
[INTERACTOR → SOLUTION] 7
[INTERACTOR → SOLUTION] 1 0 3 3 0
[SOLUTION → INTERACTOR] 0
[INTERACTOR → SOLUTION] 6
[INTERACTOR → SOLUTION] 1 0 3 3 0
[SOLUTION → INTERACTOR] 0
[INTERACTOR → SOLUTION] 5
[INTERACTOR → SOLUTION] 1 0 3 3 0
[SOLUTION → INTERACTOR] 0
[INTERACTOR → SOLUTION] 12
[INTERACTOR → SOLUTION] 1 0 3 3 0
[SOLUTION → INTERACTOR] 0
[INTERACTOR → SOLUTION] 4
[INTERACTOR → SOLUTION] 5 3 7 7 2
[SOLUTION → INTERACTOR] 5
[SOLUTION → INTERACTOR] BUILD_CABLE 23 37
[SOLUTION → INTERACTOR] BUILD_DC 37
[SOLUTION → INTERACTOR] BUILD_CABLE 23 22
[SOLUTION → INTERACTOR] CONVERT 2 1
[SOLUTION → INTERACTOR] BUILD_DC 22
[INTERACTOR → SOLUTION] 8
[INTERACTOR → SOLUTION] 1 0 2 5 2
[SOLUTION → INTERACTOR] 0
[INTERACTOR → SOLUTION] 4
[INTERACTOR → SOLUTION] 7 4 7 9 4
[SOLUTION → INTERACTOR] 7
[SOLUTION → INTERACTOR] UPGRADE_DC 10
[SOLUTION → INTERACTOR] BUILD_CABLE 0 15
[SOLUTION → INTERACTOR] BUILD_CABLE 15 14
[SOLUTION → INTERACTOR] BUILD_DC 14
[SOLUTION → INTERACTOR] BUILD_CABLE 15 18
[SOLUTION → INTERACTOR] CONVERT 2 1
[SOLUTION → INTERACTOR] BUILD_DC 18
[INTERACTOR → SOLUTION] 3
[INTERACTOR → SOLUTION] 2 0 2 5 1
[SOLUTION → INTERACTOR] 0
[INTERACTOR → SOLUTION] 4
[INTERACTOR → SOLUTION] 9 5 9 11 6
[SOLUTION → INTERACTOR] 9
[SOLUTION → INTERACTOR] UPGRADE_DC 0
[SOLUTION → INTERACTOR] UPGRADE_DC 22
[SOLUTION → INTERACTOR] BUILD_CABLE 14 26
[SOLUTION → INTERACTOR] BUILD_CABLE 26 25
[SOLUTION → INTERACTOR] BUILD_DC 25
[SOLUTION → INTERACTOR] BUILD_CABLE 26 29
[SOLUTION → INTERACTOR] BUILD_DC 29
[SOLUTION → INTERACTOR] CONVERT 2 1
[SOLUTION → INTERACTOR] BUILD_CABLE 6 19
[INTERACTOR → SOLUTION] 6
[INTERACTOR → SOLUTION] 3 0 4 5 0
[SOLUTION → INTERACTOR] 0
[INTERACTOR → SOLUTION] 7
[INTERACTOR → SOLUTION] 3 0 4 5 0
[SOLUTION → INTERACTOR] 0
[INTERACTOR → SOLUTION] 9
[INTERACTOR → SOLUTION] 3 0 4 5 0
[SOLUTION → INTERACTOR] 0
[INTERACTOR → SOLUTION] 5
[INTERACTOR → SOLUTION] 3 0 4 5 0
[SOLUTION → INTERACTOR] 0
[INTERACTOR → SOLUTION] 8
[INTERACTOR → SOLUTION] 3 0 4 5 0
[SOLUTION → INTERACTOR] 0
[INTERACTOR → SOLUTION] 9
[INTERACTOR → SOLUTION] 3 0 4 5 0
[SOLUTION → INTERACTOR] 0
[INTERACTOR → SOLUTION] 8
[INTERACTOR → SOLUTION] 3 0 4 5 0
[SOLUTION → INTERACTOR] 0
[INTERACTOR → SOLUTION] 9
[INTERACTOR → SOLUTION] 3 0 4 5 0
[SOLUTION → INTERACTOR] 0
[INTERACTOR → SOLUTION] 7
[INTERACTOR → SOLUTION] 3 0 4 5 0
[SOLUTION → INTERACTOR] 0
[INTERACTOR → SOLUTION] 10
[INTERACTOR → SOLUTION] 3 0 4 5 0
[SOLUTION → INTERACTOR] 0
[INTERACTOR → SOLUTION] 11
[INTERACTOR → SOLUTION] 3 0 4 5 0
[SOLUTION → INTERACTOR] 0
[INTERACTOR → SOLUTION] 11
[INTERACTOR → SOLUTION] 3 0 4 5 0
[SOLUTION → INTERACTOR] 0
[INTERACTOR → SOLUTION] 10
[INTERACTOR → SOLUTION] 3 0 4 5 0
[SOLUTION → INTERACTOR] 0
[INTERACTOR → SOLUTION] 11
[INTERACTOR → SOLUTION] 3 0 4 5 0
[SOLUTION → INTERACTOR] 0
[INTERACTOR → SOLUTION] 12
[INTERACTOR → SOLUTION] 3 0 4 5 0
[SOLUTION → INTERACTOR] 0
[INTERACTOR → SOLUTION] 7
[INTERACTOR → SOLUTION] 3 0 4 5 0
[SOLUTION → INTERACTOR] 0
[INTERACTOR → SOLUTION] 7
[INTERACTOR → SOLUTION] 3 0 4 5 0
[SOLUTION → INTERACTOR] 0
[INTERACTOR → SOLUTION] 5
[INTERACTOR → SOLUTION] 3 0 4 5 0
[SOLUTION → INTERACTOR] 0
[INTERACTOR → SOLUTION] 6
[INTERACTOR → SOLUTION] 3 0 4 5 0
[SOLUTION → INTERACTOR] 0
[INTERACTOR → SOLUTION] 3
[INTERACTOR → SOLUTION] 3 0 4 5 0
[SOLUTION → INTERACTOR] 0
[INTERACTOR → SOLUTION] 8
[INTERACTOR → SOLUTION] 3 0 4 5 0
[SOLUTION → INTERACTOR] 0
[INTERACTOR → SOLUTION] 4
[INTERACTOR → SOLUTION] 11 6 13 13 10
[SOLUTION → INTERACTOR] 3
[SOLUTION → INTERACTOR] UPGRADE_DC 14
[SOLUTION → INTERACTOR] UPGRADE_DC 18
[SOLUTION → INTERACTOR] UPGRADE_DC 29
[INTERACTOR → SOLUTION] 113
[INTERACTOR → SOLUTION] 1 10 25 26 14 17 27 28
[INTERACTOR → SOLUTION] 3 10 38 39 29 26 25 40
[INTERACTOR → SOLUTION] 1 10 47 48 41 39 38 49
[INTERACTOR → SOLUTION] 0 10 14 15 0 5 16 17
[INTERACTOR → SOLUTION] 2 10 29 30 18 15 14 26
[INTERACTOR → SOLUTION] 4 10 41 42 31 30 29 39
[INTERACTOR → SOLUTION] 0 10 50 51 43 42 41 48
[INTERACTOR → SOLUTION] 0 10 0 1 2 3 4 5
[INTERACTOR → SOLUTION] 5 0 18 19 6 1 0 15
[INTERACTOR → SOLUTION] 0 10 31 32 20 19 18 30
[INTERACTOR → SOLUTION] 2 10 43 44 33 32 31 42
[INTERACTOR → SOLUTION] 4 10 52 53 45 44 43 51
[INTERACTOR → SOLUTION] 2 10 6 7 8 9 2 1
[INTERACTOR → SOLUTION] 2 10 20 21 10 7 6 19
[INTERACTOR → SOLUTION] 1 10 33 34 22 21 20 32
[INTERACTOR → SOLUTION] 4 10 45 46 35 34 33 44
[INTERACTOR → SOLUTION] 3 10 10 11 12 13 8 7
[INTERACTOR → SOLUTION] 3 10 22 23 24 11 10 21
[INTERACTOR → SOLUTION] 3 10 35 36 37 23 22 34
[INTERACTOR → SOLUTION] C0 2 47 48
[INTERACTOR → SOLUTION] C1 2 2 3
[INTERACTOR → SOLUTION] C2 2 35 36
[INTERACTOR → SOLUTION] C3 2 16 17
[INTERACTOR → SOLUTION] C4 2 8 13
[INTERACTOR → SOLUTION] C31 8 25 28 50 51 38 49 52 53
[SOLUTION → INTERACTOR] START
[SOLUTION → INTERACTOR] BUILD_DC 7
[SOLUTION → INTERACTOR] BUILD_DC 14
[SOLUTION → INTERACTOR] BUILD_CABLE 7 10
[SOLUTION → INTERACTOR] BUILD_CABLE 14 26
[INTERACTOR → SOLUTION] 9
[INTERACTOR → SOLUTION] 0 0 0 0 0
[SOLUTION → INTERACTOR] 0
[INTERACTOR → SOLUTION] 8
[INTERACTOR → SOLUTION] 0 0 0 0 0
[SOLUTION → INTERACTOR] 0
[INTERACTOR → SOLUTION] 9
[INTERACTOR → SOLUTION] 0 0 0 0 0
[SOLUTION → INTERACTOR] 0
[INTERACTOR → SOLUTION] 10
[INTERACTOR → SOLUTION] 1 1 3 1 0
[SOLUTION → INTERACTOR] 1
[SOLUTION → INTERACTOR] BUILD_CABLE 26 25
[INTERACTOR → SOLUTION] 6
[INTERACTOR → SOLUTION] 0 0 3 1 0
[SOLUTION → INTERACTOR] 0
[INTERACTOR → SOLUTION] 8
[INTERACTOR → SOLUTION] 0 0 3 1 0
[SOLUTION → INTERACTOR] 0
[INTERACTOR → SOLUTION] 3
[INTERACTOR → SOLUTION] 0 0 3 1 0
[SOLUTION → INTERACTOR] 0
[INTERACTOR → SOLUTION] 7
[INTERACTOR → SOLUTION] 0 0 3 1 0
[SOLUTION → INTERACTOR] 0
[INTERACTOR → SOLUTION] 10
[INTERACTOR → SOLUTION] 1 1 6 2 0
[SOLUTION → INTERACTOR] 1
[SOLUTION → INTERACTOR] BUILD_DC 25
[INTERACTOR → SOLUTION] 8
[INTERACTOR → SOLUTION] 0 0 5 1 0
[SOLUTION → INTERACTOR] 0
[INTERACTOR → SOLUTION] 10
[INTERACTOR → SOLUTION] 1 2 8 3 0
[SOLUTION → INTERACTOR] 3
[SOLUTION → INTERACTOR] BUILD_CABLE 10 21
[SOLUTION → INTERACTOR] CONVERT 2 0
[SOLUTION → INTERACTOR] BUILD_DC 21
[INTERACTOR → SOLUTION] 5
[INTERACTOR → SOLUTION] 0 0 4 2 0
[SOLUTION → INTERACTOR] 0
[INTERACTOR → SOLUTION] 8
[INTERACTOR → SOLUTION] 0 0 4 2 0
[SOLUTION → INTERACTOR] 0
[INTERACTOR → SOLUTION] 11
[INTERACTOR → SOLUTION] 0 0 4 2 0
[SOLUTION → INTERACTOR] 0
[INTERACTOR → SOLUTION] 9
[INTERACTOR → SOLUTION] 0 0 4 2 0
[SOLUTION → INTERACTOR] 0
[INTERACTOR → SOLUTION] 7
[INTERACTOR → SOLUTION] 0 0 4 2 0
[SOLUTION → INTERACTOR] 0
[INTERACTOR → SOLUTION] 6
[INTERACTOR → SOLUTION] 0 0 4 2 0
[SOLUTION → INTERACTOR] 0
[INTERACTOR → SOLUTION] 9
[INTERACTOR → SOLUTION] 0 0 4 2 0
[SOLUTION → INTERACTOR] 0
[INTERACTOR → SOLUTION] 8
[INTERACTOR → SOLUTION] 0 0 4 2 0
[SOLUTION → INTERACTOR] 0
[INTERACTOR → SOLUTION] 4
[INTERACTOR → SOLUTION] 0 0 4 2 0
[SOLUTION → INTERACTOR] 0
[INTERACTOR → SOLUTION] 8
[INTERACTOR → SOLUTION] 0 0 4 2 0
[SOLUTION → INTERACTOR] 0
[INTERACTOR → SOLUTION] 5
[INTERACTOR → SOLUTION] 0 0 4 2 0
[SOLUTION → INTERACTOR] 0
[INTERACTOR → SOLUTION] 5
[INTERACTOR → SOLUTION] 0 0 4 2 0
[SOLUTION → INTERACTOR] 0
[INTERACTOR → SOLUTION] 8
[INTERACTOR → SOLUTION] 0 0 4 2 0
[SOLUTION → INTERACTOR] 0
[INTERACTOR → SOLUTION] 8
[INTERACTOR → SOLUTION] 0 0 4 2 0
[SOLUTION → INTERACTOR] 0
[INTERACTOR → SOLUTION] 11
[INTERACTOR → SOLUTION] 0 0 4 2 0
[SOLUTION → INTERACTOR] 0
[INTERACTOR → SOLUTION] 10
[INTERACTOR → SOLUTION] 1 3 8 5 0
[SOLUTION → INTERACTOR] 3
[SOLUTION → INTERACTOR] BUILD_CABLE 26 29
[SOLUTION → INTERACTOR] CONVERT 2 0
[SOLUTION → INTERACTOR] BUILD_DC 29
[INTERACTOR → SOLUTION] 8
[INTERACTOR → SOLUTION] 0 1 4 4 0
[SOLUTION → INTERACTOR] 0
[INTERACTOR → SOLUTION] 7
[INTERACTOR → SOLUTION] 0 1 4 4 0
[SOLUTION → INTERACTOR] 0
[INTERACTOR → SOLUTION] 3
[INTERACTOR → SOLUTION] 0 1 4 4 0
[SOLUTION → INTERACTOR] 0
[INTERACTOR → SOLUTION] 5
[INTERACTOR → SOLUTION] 0 1 4 4 0
[SOLUTION → INTERACTOR] 0
[INTERACTOR → SOLUTION] 4
[INTERACTOR → SOLUTION] 0 1 4 4 0
[SOLUTION → INTERACTOR] 0
[INTERACTOR → SOLUTION] 3
[INTERACTOR → SOLUTION] 0 1 4 4 0
[SOLUTION → INTERACTOR] 0
[INTERACTOR → SOLUTION] 6
[INTERACTOR → SOLUTION] 0 1 4 4 0
[SOLUTION → INTERACTOR] 0
[INTERACTOR → SOLUTION] 9
[INTERACTOR → SOLUTION] 0 1 4 4 0
[SOLUTION → INTERACTOR] 0
[INTERACTOR → SOLUTION] 9
[INTERACTOR → SOLUTION] 0 1 4 4 0
[SOLUTION → INTERACTOR] 0
[INTERACTOR → SOLUTION] 4
[INTERACTOR → SOLUTION] 0 1 4 4 0
[SOLUTION → INTERACTOR] 0
[INTERACTOR → SOLUTION] 5
[INTERACTOR → SOLUTION] 0 1 4 4 0
[SOLUTION → INTERACTOR] 0
[INTERACTOR → SOLUTION] 9
[INTERACTOR → SOLUTION] 0 1 4 4 0
[SOLUTION → INTERACTOR] 0
[INTERACTOR → SOLUTION] 3
[INTERACTOR → SOLUTION] 0 1 4 4 0
[SOLUTION → INTERACTOR] 0
[INTERACTOR → SOLUTION] 6
[INTERACTOR → SOLUTION] 0 1 4 4 0
[SOLUTION → INTERACTOR] 0
[INTERACTOR → SOLUTION] 8
[INTERACTOR → SOLUTION] 0 1 4 4 0
[SOLUTION → INTERACTOR] 0
[INTERACTOR → SOLUTION] 3
[INTERACTOR → SOLUTION] 0 1 4 4 0
[SOLUTION → INTERACTOR] 0
[INTERACTOR → SOLUTION] 11
[INTERACTOR → SOLUTION] 0 1 4 4 0
[SOLUTION → INTERACTOR] 0
[INTERACTOR → SOLUTION] 8
[INTERACTOR → SOLUTION] 0 1 4 4 0
[SOLUTION → INTERACTOR] 0
[INTERACTOR → SOLUTION] 4
[INTERACTOR → SOLUTION] 0 1 4 4 0
[SOLUTION → INTERACTOR] 0
[INTERACTOR → SOLUTION] 6
[INTERACTOR → SOLUTION] 0 1 4 4 0
[SOLUTION → INTERACTOR] 0
[INTERACTOR → SOLUTION] 10
[INTERACTOR → SOLUTION] 1 4 9 8 1
[SOLUTION → INTERACTOR] 5
[SOLUTION → INTERACTOR] BUILD_CABLE 25 40
[SOLUTION → INTERACTOR] CONVERT 2 0
[SOLUTION → INTERACTOR] BUILD_CABLE 40 38
[SOLUTION → INTERACTOR] CONVERT 2 0
[SOLUTION → INTERACTOR] BUILD_DC 38
[INTERACTOR → SOLUTION] 10
[INTERACTOR → SOLUTION] 1 5 7 12 2
[SOLUTION → INTERACTOR] 3
[SOLUTION → INTERACTOR] BUILD_CABLE 10 11
[SOLUTION → INTERACTOR] CONVERT 2 0
[SOLUTION → INTERACTOR] BUILD_DC 11
[INTERACTOR → SOLUTION] 9
[INTERACTOR → SOLUTION] 0 3 3 11 2
[SOLUTION → INTERACTOR] 0
[INTERACTOR → SOLUTION] 6
[INTERACTOR → SOLUTION] 0 3 3 11 2
[SOLUTION → INTERACTOR] 0
[INTERACTOR → SOLUTION] 9
[INTERACTOR → SOLUTION] 0 3 3 11 2
[SOLUTION → INTERACTOR] 0
[INTERACTOR → SOLUTION] 6
[INTERACTOR → SOLUTION] 0 3 3 11 2
[SOLUTION → INTERACTOR] 0
[INTERACTOR → SOLUTION] 10
[INTERACTOR → SOLUTION] 1 7 8 18 3
[SOLUTION → INTERACTOR] 6
[SOLUTION → INTERACTOR] UPGRADE_DC 7
[SOLUTION → INTERACTOR] BUILD_CABLE 29 30
[SOLUTION → INTERACTOR] CONVERT 1 0
[SOLUTION → INTERACTOR] BUILD_CABLE 30 31
[SOLUTION → INTERACTOR] CONVERT 2 0
[SOLUTION → INTERACTOR] BUILD_DC 31
[INTERACTOR → SOLUTION] 7
[INTERACTOR → SOLUTION] 0 1 4 15 0
[SOLUTION → INTERACTOR] 0
[INTERACTOR → SOLUTION] 6
[INTERACTOR → SOLUTION] 0 1 4 15 0
[SOLUTION → INTERACTOR] 0
[INTERACTOR → SOLUTION] 6
[INTERACTOR → SOLUTION] 0 1 4 15 0
[SOLUTION → INTERACTOR] 0
[INTERACTOR → SOLUTION] 11
[INTERACTOR → SOLUTION] 0 1 4 15 0
[SOLUTION → INTERACTOR] 0
[INTERACTOR → SOLUTION] 6
[INTERACTOR → SOLUTION] 0 1 4 15 0
[SOLUTION → INTERACTOR] 0
[INTERACTOR → SOLUTION] 7
[INTERACTOR → SOLUTION] 0 1 4 15 0
[SOLUTION → INTERACTOR] 0
[INTERACTOR → SOLUTION] 8
[INTERACTOR → SOLUTION] 0 1 4 15 0
[SOLUTION → INTERACTOR] 0
[INTERACTOR → SOLUTION] 12
[INTERACTOR → SOLUTION] 0 1 4 15 0
[SOLUTION → INTERACTOR] 0
[INTERACTOR → SOLUTION] 4
[INTERACTOR → SOLUTION] 0 1 4 15 0
[SOLUTION → INTERACTOR] 0
[INTERACTOR → SOLUTION] 4
[INTERACTOR → SOLUTION] 0 1 4 15 0
[SOLUTION → INTERACTOR] 0
[INTERACTOR → SOLUTION] 10
[INTERACTOR → SOLUTION] 2 5 12 23 2
[SOLUTION → INTERACTOR] 6
[SOLUTION → INTERACTOR] BUILD_CABLE 30 18
[SOLUTION → INTERACTOR] BUILD_DC 18
[SOLUTION → INTERACTOR] CONVERT 2 0
[SOLUTION → INTERACTOR] BUILD_CABLE 31 42
[SOLUTION → INTERACTOR] CONVERT 2 0
[SOLUTION → INTERACTOR] BUILD_CABLE 42 41
[INTERACTOR → SOLUTION] 4
[INTERACTOR → SOLUTION] 0 1 5 22 2
[SOLUTION → INTERACTOR] 0
[INTERACTOR → SOLUTION] 4
[INTERACTOR → SOLUTION] 0 1 5 22 2
[SOLUTION → INTERACTOR] 0
[INTERACTOR → SOLUTION] 6
[INTERACTOR → SOLUTION] 0 1 5 22 2
[SOLUTION → INTERACTOR] 0
[INTERACTOR → SOLUTION] 7
[INTERACTOR → SOLUTION] 0 1 5 22 2
[SOLUTION → INTERACTOR] 0
[INTERACTOR → SOLUTION] 10
[INTERACTOR → SOLUTION] 3 5 14 30 4
[SOLUTION → INTERACTOR] 9
[SOLUTION → INTERACTOR] BUILD_DC 41
[SOLUTION → INTERACTOR] UPGRADE_DC 14
[SOLUTION → INTERACTOR] BUILD_CABLE 42 43
[SOLUTION → INTERACTOR] BUILD_DC 43
[SOLUTION → INTERACTOR] CONVERT 2 0
[SOLUTION → INTERACTOR] BUILD_CABLE 41 48
[SOLUTION → INTERACTOR] CONVERT 2 0
[SOLUTION → INTERACTOR] BUILD_CABLE 48 50
[SOLUTION → INTERACTOR] CONVERT 2 0
[INTERACTOR → SOLUTION] 3
[INTERACTOR → SOLUTION] 1 0 3 26 1
[SOLUTION → INTERACTOR] 0
[INTERACTOR → SOLUTION] 6
[INTERACTOR → SOLUTION] 1 0 3 26 1
[SOLUTION → INTERACTOR] 0
[INTERACTOR → SOLUTION] 6
[INTERACTOR → SOLUTION] 1 0 3 26 1
[SOLUTION → INTERACTOR] 0
[INTERACTOR → SOLUTION] 7
[INTERACTOR → SOLUTION] 1 0 3 26 1
[SOLUTION → INTERACTOR] 0
[INTERACTOR → SOLUTION] 4
[INTERACTOR → SOLUTION] 1 0 3 26 1
[SOLUTION → INTERACTOR] 0
[INTERACTOR → SOLUTION] 7
[INTERACTOR → SOLUTION] 1 0 3 26 1
[SOLUTION → INTERACTOR] 0
[INTERACTOR → SOLUTION] 9
[INTERACTOR → SOLUTION] 1 0 3 26 1
[SOLUTION → INTERACTOR] 0
[INTERACTOR → SOLUTION] 9
[INTERACTOR → SOLUTION] 1 0 3 26 1
[SOLUTION → INTERACTOR] 0
[INTERACTOR → SOLUTION] 8
[INTERACTOR → SOLUTION] 1 0 3 26 1
[SOLUTION → INTERACTOR] 0
[INTERACTOR → SOLUTION] 8
[INTERACTOR → SOLUTION] 1 0 3 26 1
[SOLUTION → INTERACTOR] 0
[INTERACTOR → SOLUTION] 6
[INTERACTOR → SOLUTION] 1 0 3 26 1
[SOLUTION → INTERACTOR] 0
[INTERACTOR → SOLUTION] 5
[INTERACTOR → SOLUTION] 1 0 3 26 1
[SOLUTION → INTERACTOR] 0
[INTERACTOR → SOLUTION] 6
[INTERACTOR → SOLUTION] 1 0 3 26 1
[SOLUTION → INTERACTOR] 0
[INTERACTOR → SOLUTION] 9
[INTERACTOR → SOLUTION] 1 0 3 26 1
[SOLUTION → INTERACTOR] 0
[INTERACTOR → SOLUTION] 4
[INTERACTOR → SOLUTION] 1 0 3 26 1
[SOLUTION → INTERACTOR] 0
[INTERACTOR → SOLUTION] 6
[INTERACTOR → SOLUTION] 1 0 3 26 1
[SOLUTION → INTERACTOR] 0
[INTERACTOR → SOLUTION] 7
[INTERACTOR → SOLUTION] 1 0 3 26 1
[SOLUTION → INTERACTOR] 0
[INTERACTOR → SOLUTION] 6
[INTERACTOR → SOLUTION] 1 0 3 26 1
[SOLUTION → INTERACTOR] 0
[INTERACTOR → SOLUTION] 12
[INTERACTOR → SOLUTION] 1 0 3 26 1
[SOLUTION → INTERACTOR] 0
[INTERACTOR → SOLUTION] 6
[INTERACTOR → SOLUTION] 1 0 3 26 1
[SOLUTION → INTERACTOR] 0
[INTERACTOR → SOLUTION] 9
[INTERACTOR → SOLUTION] 1 0 3 26 1
[SOLUTION → INTERACTOR] 0
[INTERACTOR → SOLUTION] 5
[INTERACTOR → SOLUTION] 1 0 3 26 1
[SOLUTION → INTERACTOR] 0
[INTERACTOR → SOLUTION] 5
[INTERACTOR → SOLUTION] 1 0 3 26 1
[SOLUTION → INTERACTOR] 0
[INTERACTOR → SOLUTION] 12
[INTERACTOR → SOLUTION] 1 0 3 26 1
[SOLUTION → INTERACTOR] 0
[INTERACTOR → SOLUTION] 8
[INTERACTOR → SOLUTION] 1 0 3 26 1
[SOLUTION → INTERACTOR] 0
[INTERACTOR → SOLUTION] 11
[INTERACTOR → SOLUTION] 1 0 3 26 1
[SOLUTION → INTERACTOR] 0
[INTERACTOR → SOLUTION] 10
[INTERACTOR → SOLUTION] 7 6 14 34 5
[SOLUTION → INTERACTOR] 10
[SOLUTION → INTERACTOR] BUILD_DC 50
[SOLUTION → INTERACTOR] UPGRADE_DC 21
[SOLUTION → INTERACTOR] BUILD_CABLE 43 51
[SOLUTION → INTERACTOR] BUILD_CABLE 51 52
[SOLUTION → INTERACTOR] BUILD_DC 52
[SOLUTION → INTERACTOR] BUILD_CABLE 31 32
[SOLUTION → INTERACTOR] BUILD_CABLE 32 33
[SOLUTION → INTERACTOR] CONVERT 2 1
[SOLUTION → INTERACTOR] BUILD_DC 33
[SOLUTION → INTERACTOR] CONVERT 2 0
[INTERACTOR → SOLUTION] 11
[INTERACTOR → SOLUTION] 1 0 5 29 2
[SOLUTION → INTERACTOR] 0
[INTERACTOR → SOLUTION] 6
[INTERACTOR → SOLUTION] 1 0 5 29 2
[SOLUTION → INTERACTOR] 0
[INTERACTOR → SOLUTION] 11
[INTERACTOR → SOLUTION] 1 0 5 29 2
[SOLUTION → INTERACTOR] 0
[INTERACTOR → SOLUTION] 8
[INTERACTOR → SOLUTION] 1 0 5 29 2
[SOLUTION → INTERACTOR] 0
[INTERACTOR → SOLUTION] 11
[INTERACTOR → SOLUTION] 1 0 5 29 2
[SOLUTION → INTERACTOR] 0
[INTERACTOR → SOLUTION] 8
[INTERACTOR → SOLUTION] 1 0 5 29 2
[SOLUTION → INTERACTOR] 0
[INTERACTOR → SOLUTION] 6
[INTERACTOR → SOLUTION] 1 0 5 29 2
[SOLUTION → INTERACTOR] 0
[INTERACTOR → SOLUTION] 8
[INTERACTOR → SOLUTION] 1 0 5 29 2
[SOLUTION → INTERACTOR] 0
[INTERACTOR → SOLUTION] 9
[INTERACTOR → SOLUTION] 1 0 5 29 2
[SOLUTION → INTERACTOR] 0
[INTERACTOR → SOLUTION] 8
[INTERACTOR → SOLUTION] 1 0 5 29 2
[SOLUTION → INTERACTOR] 0
[INTERACTOR → SOLUTION] 3
[INTERACTOR → SOLUTION] 1 0 5 29 2
[SOLUTION → INTERACTOR] 0
[INTERACTOR → SOLUTION] 7
[INTERACTOR → SOLUTION] 1 0 5 29 2
[SOLUTION → INTERACTOR] 0
[INTERACTOR → SOLUTION] 6
[INTERACTOR → SOLUTION] 1 0 5 29 2
[SOLUTION → INTERACTOR] 0
[INTERACTOR → SOLUTION] 6
[INTERACTOR → SOLUTION] 1 0 5 29 2
[SOLUTION → INTERACTOR] 0
[INTERACTOR → SOLUTION] 10
[INTERACTOR → SOLUTION] 8 8 18 38 8
[SOLUTION → INTERACTOR] 5
[SOLUTION → INTERACTOR] UPGRADE_DC 29
[SOLUTION → INTERACTOR] UPGRADE_DC 31
[SOLUTION → INTERACTOR] CONVERT 2 4
[SOLUTION → INTERACTOR] CONVERT 2 4
[SOLUTION → INTERACTOR] UPGRADE_DC 41
[INTERACTOR → SOLUTION] 6
[INTERACTOR → SOLUTION] 8 8 12 32 1
[SOLUTION → INTERACTOR] 0
[INTERACTOR → SOLUTION] SCORE: 116
