[INTERACTOR → SOLUTION] 24
[INTERACTOR → SOLUTION] 31
[INTERACTOR → SOLUTION] 4 6 25 26 14 17 27 28
[INTERACTOR → SOLUTION] 3 2 38 39 29 26 25 40
[INTERACTOR → SOLUTION] 2 8 47 48 41 39 38 49
[INTERACTOR → SOLUTION] 4 3 14 15 0 5 16 17
[INTERACTOR → SOLUTION] 3 11 29 30 18 15 14 26
[INTERACTOR → SOLUTION] 1 11 41 42 31 30 29 39
[INTERACTOR → SOLUTION] 3 4 50 51 43 42 41 48
[INTERACTOR → SOLUTION] 1 10 0 1 2 3 4 5
[INTERACTOR → SOLUTION] 1 10 18 19 6 1 0 15
[INTERACTOR → SOLUTION] 2 3 31 32 20 19 18 30
[INTERACTOR → SOLUTION] 0 12 43 44 33 32 31 42
[INTERACTOR → SOLUTION] 3 6 52 53 45 44 43 51
[INTERACTOR → SOLUTION] 0 5 6 7 8 9 2 1
[INTERACTOR → SOLUTION] 0 5 20 21 10 7 6 19
[INTERACTOR → SOLUTION] 4 9 33 34 22 21 20 32
[INTERACTOR → SOLUTION] 2 4 45 46 35 34 33 44
[INTERACTOR → SOLUTION] 0 8 10 11 12 13 8 7
[INTERACTOR → SOLUTION] 5 0 22 23 24 11 10 21
[INTERACTOR → SOLUTION] 2 9 35 36 37 23 22 34
[INTERACTOR → SOLUTION] C0 2 11 12
[INTERACTOR → SOLUTION] C1 2 2 3
[INTERACTOR → SOLUTION] C2 2 23 24
[INTERACTOR → SOLUTION] C3 2 36 37
[INTERACTOR → SOLUTION] C4 2 27 28
[INTERACTOR → SOLUTION] C31 8 51 52 47 48 4 5 38 40
[SOLUTION → INTERACTOR] START
[SOLUTION → INTERACTOR] BUILD_DC 6
[SOLUTION → INTERACTOR] BUILD_DC 41
[SOLUTION → INTERACTOR] BUILD_CABLE 6 7
[SOLUTION → INTERACTOR] BUILD_CABLE 41 39
[INTERACTOR → SOLUTION] 6
[INTERACTOR → SOLUTION] 0 0 0 0 0
[SOLUTION → INTERACTOR] 0
[INTERACTOR → SOLUTION] 3
[INTERACTOR → SOLUTION] 0 0 0 0 0
[SOLUTION → INTERACTOR] 0
[INTERACTOR → SOLUTION] 6
[INTERACTOR → SOLUTION] 0 0 0 0 0
[SOLUTION → INTERACTOR] 0
[INTERACTOR → SOLUTION] 6
[INTERACTOR → SOLUTION] 0 0 0 0 0
[SOLUTION → INTERACTOR] 0
[INTERACTOR → SOLUTION] 10
[INTERACTOR → SOLUTION] 0 1 0 0 0
[SOLUTION → INTERACTOR] 0
[INTERACTOR → SOLUTION] 8
[INTERACTOR → SOLUTION] 0 1 1 0 0
[SOLUTION → INTERACTOR] 0
[INTERACTOR → SOLUTION] 6
[INTERACTOR → SOLUTION] 0 1 1 0 0
[SOLUTION → INTERACTOR] 0
[INTERACTOR → SOLUTION] 6
[INTERACTOR → SOLUTION] 0 1 1 0 0
[SOLUTION → INTERACTOR] 0
[INTERACTOR → SOLUTION] 4
[INTERACTOR → SOLUTION] 0 1 1 1 0
[SOLUTION → INTERACTOR] 0
[INTERACTOR → SOLUTION] 6
[INTERACTOR → SOLUTION] 0 1 1 1 0
[SOLUTION → INTERACTOR] 0
[INTERACTOR → SOLUTION] 10
[INTERACTOR → SOLUTION] 0 2 1 1 0
[SOLUTION → INTERACTOR] 0
[INTERACTOR → SOLUTION] 8
[INTERACTOR → SOLUTION] 0 2 2 1 0
[SOLUTION → INTERACTOR] 0
[INTERACTOR → SOLUTION] 10
[INTERACTOR → SOLUTION] 0 3 2 1 0
[SOLUTION → INTERACTOR] 0
[INTERACTOR → SOLUTION] 5
[INTERACTOR → SOLUTION] 2 3 2 1 0
[SOLUTION → INTERACTOR] 2
[SOLUTION → INTERACTOR] BUILD_CABLE 39 38
[SOLUTION → INTERACTOR] BUILD_DC 38
[INTERACTOR → SOLUTION] 7
[INTERACTOR → SOLUTION] 0 1 1 0 0
[SOLUTION → INTERACTOR] 0
[INTERACTOR → SOLUTION] 10
[INTERACTOR → SOLUTION] 0 2 1 0 0
[SOLUTION → INTERACTOR] 0
[INTERACTOR → SOLUTION] 11
[INTERACTOR → SOLUTION] 0 3 1 0 0
[SOLUTION → INTERACTOR] 0
[INTERACTOR → SOLUTION] 8
[INTERACTOR → SOLUTION] 0 3 3 0 0
[SOLUTION → INTERACTOR] 0
[INTERACTOR → SOLUTION] 10
[INTERACTOR → SOLUTION] 0 4 3 0 0
[SOLUTION → INTERACTOR] 0
[INTERACTOR → SOLUTION] 7
[INTERACTOR → SOLUTION] 0 4 3 0 0
[SOLUTION → INTERACTOR] 0
[INTERACTOR → SOLUTION] 9
[INTERACTOR → SOLUTION] 0 4 3 0 0
[SOLUTION → INTERACTOR] 0
[INTERACTOR → SOLUTION] 6
[INTERACTOR → SOLUTION] 0 4 3 0 0
[SOLUTION → INTERACTOR] 0
[INTERACTOR → SOLUTION] 5
[INTERACTOR → SOLUTION] 2 4 3 0 0
[SOLUTION → INTERACTOR] 0
[INTERACTOR → SOLUTION] 8
[INTERACTOR → SOLUTION] 2 4 5 0 0
[SOLUTION → INTERACTOR] 0
[INTERACTOR → SOLUTION] 3
[INTERACTOR → SOLUTION] 2 4 5 0 0
[SOLUTION → INTERACTOR] 0
[INTERACTOR → SOLUTION] 4
[INTERACTOR → SOLUTION] 2 4 5 1 0
[SOLUTION → INTERACTOR] 0
[INTERACTOR → SOLUTION] 8
[INTERACTOR → SOLUTION] 2 4 7 1 0
[SOLUTION → INTERACTOR] 0
[INTERACTOR → SOLUTION] 7
[INTERACTOR → SOLUTION] 2 4 7 1 0
[SOLUTION → INTERACTOR] 0
[INTERACTOR → SOLUTION] 5
[INTERACTOR → SOLUTION] 4 4 7 1 0
[SOLUTION → INTERACTOR] 0
[INTERACTOR → SOLUTION] 10
[INTERACTOR → SOLUTION] 4 5 7 1 0
[SOLUTION → INTERACTOR] 0
[INTERACTOR → SOLUTION] 10
[INTERACTOR → SOLUTION] 4 6 7 1 0
[SOLUTION → INTERACTOR] 0
[INTERACTOR → SOLUTION] 45
[INTERACTOR → SOLUTION] 3 6 25 26 14 17 27 28
[INTERACTOR → SOLUTION] 4 10 38 39 29 26 25 40
[INTERACTOR → SOLUTION] 0 10 47 48 41 39 38 49
[INTERACTOR → SOLUTION] 3 8 14 15 0 5 16 17
[INTERACTOR → SOLUTION] 2 11 29 30 18 15 14 26
[INTERACTOR → SOLUTION] 4 6 41 42 31 30 29 39
[INTERACTOR → SOLUTION] 0 9 50 51 43 42 41 48
[INTERACTOR → SOLUTION] 0 3 0 1 2 3 4 5
[INTERACTOR → SOLUTION] 4 9 18 19 6 1 0 15
[INTERACTOR → SOLUTION] 0 12 31 32 20 19 18 30
[INTERACTOR → SOLUTION] 2 5 43 44 33 32 31 42
[INTERACTOR → SOLUTION] 2 8 52 53 45 44 43 51
[INTERACTOR → SOLUTION] 3 2 6 7 8 9 2 1
[INTERACTOR → SOLUTION] 1 4 20 21 10 7 6 19
[INTERACTOR → SOLUTION] 1 3 33 34 22 21 20 32
[INTERACTOR → SOLUTION] 1 5 45 46 35 34 33 44
[INTERACTOR → SOLUTION] 3 11 10 11 12 13 8 7
[INTERACTOR → SOLUTION] 5 0 22 23 24 11 10 21
[INTERACTOR → SOLUTION] 2 4 35 36 37 23 22 34
[INTERACTOR → SOLUTION] C0 2 23 24
[INTERACTOR → SOLUTION] C1 2 35 46
[INTERACTOR → SOLUTION] C2 2 8 9
[INTERACTOR → SOLUTION] C3 2 2 3
[INTERACTOR → SOLUTION] C4 2 47 48
[INTERACTOR → SOLUTION] C31 8 11 12 36 37 17 27 50 51
[SOLUTION → INTERACTOR] START
[SOLUTION → INTERACTOR] BUILD_DC 7
[SOLUTION → INTERACTOR] BUILD_DC 43
[SOLUTION → INTERACTOR] BUILD_CABLE 7 6
[SOLUTION → INTERACTOR] BUILD_CABLE 43 42
[INTERACTOR → SOLUTION] 5
[INTERACTOR → SOLUTION] 0 0 1 0 0
[SOLUTION → INTERACTOR] 0
[INTERACTOR → SOLUTION] 8
[INTERACTOR → SOLUTION] 0 0 2 0 0
[SOLUTION → INTERACTOR] 0
[INTERACTOR → SOLUTION] 2
[INTERACTOR → SOLUTION] 0 0 2 1 0
[SOLUTION → INTERACTOR] 0
[INTERACTOR → SOLUTION] 3
[INTERACTOR → SOLUTION] 0 0 2 1 0
[SOLUTION → INTERACTOR] 0
[INTERACTOR → SOLUTION] 9
[INTERACTOR → SOLUTION] 1 0 2 1 0
[SOLUTION → INTERACTOR] 0
[INTERACTOR → SOLUTION] 8
[INTERACTOR → SOLUTION] 1 0 3 1 0
[SOLUTION → INTERACTOR] 0
[INTERACTOR → SOLUTION] 6
[INTERACTOR → SOLUTION] 1 0 3 1 0
[SOLUTION → INTERACTOR] 0
[INTERACTOR → SOLUTION] 5
[INTERACTOR → SOLUTION] 1 0 4 1 0
[SOLUTION → INTERACTOR] 0
[INTERACTOR → SOLUTION] 8
[INTERACTOR → SOLUTION] 1 0 5 1 0
[SOLUTION → INTERACTOR] 0
[INTERACTOR → SOLUTION] 6
[INTERACTOR → SOLUTION] 1 0 5 1 0
[SOLUTION → INTERACTOR] 0
[INTERACTOR → SOLUTION] 7
[INTERACTOR → SOLUTION] 1 0 5 1 0
[SOLUTION → INTERACTOR] 0
[INTERACTOR → SOLUTION] 11
[INTERACTOR → SOLUTION] 1 0 5 2 0
[SOLUTION → INTERACTOR] 0
[INTERACTOR → SOLUTION] 10
[INTERACTOR → SOLUTION] 1 0 5 2 0
[SOLUTION → INTERACTOR] 0
[INTERACTOR → SOLUTION] 11
[INTERACTOR → SOLUTION] 1 0 5 3 0
[SOLUTION → INTERACTOR] 0
[INTERACTOR → SOLUTION] 6
[INTERACTOR → SOLUTION] 1 0 5 3 0
[SOLUTION → INTERACTOR] 0
[INTERACTOR → SOLUTION] 4
[INTERACTOR → SOLUTION] 1 1 5 3 0
[SOLUTION → INTERACTOR] 1
[SOLUTION → INTERACTOR] BUILD_CABLE 42 41
[INTERACTOR → SOLUTION] 10
[INTERACTOR → SOLUTION] 0 0 5 3 0
[SOLUTION → INTERACTOR] 0
[INTERACTOR → SOLUTION] 6
[INTERACTOR → SOLUTION] 0 0 5 3 0
[SOLUTION → INTERACTOR] 0
[INTERACTOR → SOLUTION] 4
[INTERACTOR → SOLUTION] 0 1 5 3 0
[SOLUTION → INTERACTOR] 0
[INTERACTOR → SOLUTION] 7
[INTERACTOR → SOLUTION] 0 1 5 3 0
[SOLUTION → INTERACTOR] 0
[INTERACTOR → SOLUTION] 5
[INTERACTOR → SOLUTION] 0 1 6 3 0
[SOLUTION → INTERACTOR] 0
[INTERACTOR → SOLUTION] 7
[INTERACTOR → SOLUTION] 0 1 6 3 0
[SOLUTION → INTERACTOR] 0
[INTERACTOR → SOLUTION] 3
[INTERACTOR → SOLUTION] 0 1 6 3 0
[SOLUTION → INTERACTOR] 0
[INTERACTOR → SOLUTION] 5
[INTERACTOR → SOLUTION] 0 1 7 3 0
[SOLUTION → INTERACTOR] 2
[SOLUTION → INTERACTOR] CONVERT 2 0
[SOLUTION → INTERACTOR] BUILD_DC 41
[INTERACTOR → SOLUTION] 9
[INTERACTOR → SOLUTION] 2 0 2 2 0
[SOLUTION → INTERACTOR] 0
[INTERACTOR → SOLUTION] 7
[INTERACTOR → SOLUTION] 2 0 2 2 0
[SOLUTION → INTERACTOR] 0
[INTERACTOR → SOLUTION] 3
[INTERACTOR → SOLUTION] 2 0 2 2 0
[SOLUTION → INTERACTOR] 0
[INTERACTOR → SOLUTION] 8
[INTERACTOR → SOLUTION] 2 0 3 2 0
[SOLUTION → INTERACTOR] 0
[INTERACTOR → SOLUTION] 9
[INTERACTOR → SOLUTION] 4 0 3 2 0
[SOLUTION → INTERACTOR] 0
[INTERACTOR → SOLUTION] 9
[INTERACTOR → SOLUTION] 6 0 3 2 0
[SOLUTION → INTERACTOR] 0
[INTERACTOR → SOLUTION] 8
[INTERACTOR → SOLUTION] 6 0 4 2 0
[SOLUTION → INTERACTOR] 0
[INTERACTOR → SOLUTION] 8
[INTERACTOR → SOLUTION] 6 0 5 2 0
[SOLUTION → INTERACTOR] 0
[INTERACTOR → SOLUTION] 8
[INTERACTOR → SOLUTION] 6 0 6 2 0
[SOLUTION → INTERACTOR] 0
[INTERACTOR → SOLUTION] 7
[INTERACTOR → SOLUTION] 6 0 6 2 0
[SOLUTION → INTERACTOR] 0
[INTERACTOR → SOLUTION] 3
[INTERACTOR → SOLUTION] 6 0 6 2 0
[SOLUTION → INTERACTOR] 0
[INTERACTOR → SOLUTION] 10
[INTERACTOR → SOLUTION] 7 0 6 2 0
[SOLUTION → INTERACTOR] 1
[SOLUTION → INTERACTOR] CONVERT 0 1
[INTERACTOR → SOLUTION] 7
[INTERACTOR → SOLUTION] 3 1 6 2 0
[SOLUTION → INTERACTOR] 0
[INTERACTOR → SOLUTION] 7
[INTERACTOR → SOLUTION] 3 1 6 2 0
[SOLUTION → INTERACTOR] 0
[INTERACTOR → SOLUTION] 9
[INTERACTOR → SOLUTION] 5 1 6 2 0
[SOLUTION → INTERACTOR] 0
[INTERACTOR → SOLUTION] 11
[INTERACTOR → SOLUTION] 5 1 6 3 0
[SOLUTION → INTERACTOR] 0
[INTERACTOR → SOLUTION] 7
[INTERACTOR → SOLUTION] 5 1 6 3 0
[SOLUTION → INTERACTOR] 0
[INTERACTOR → SOLUTION] 6
[INTERACTOR → SOLUTION] 5 1 6 3 1
[SOLUTION → INTERACTOR] 0
[INTERACTOR → SOLUTION] 5
[INTERACTOR → SOLUTION] 5 1 7 3 1
[SOLUTION → INTERACTOR] 0
[INTERACTOR → SOLUTION] 9
[INTERACTOR → SOLUTION] 7 1 7 3 1
[SOLUTION → INTERACTOR] 0
[INTERACTOR → SOLUTION] 9
[INTERACTOR → SOLUTION] 9 1 7 3 1
[SOLUTION → INTERACTOR] 0
[INTERACTOR → SOLUTION] 38
[INTERACTOR → SOLUTION] 0 6 25 26 14 17 27 28
[INTERACTOR → SOLUTION] 0 5 38 39 29 26 25 40
[INTERACTOR → SOLUTION] 2 11 47 48 41 39 38 49
[INTERACTOR → SOLUTION] 4 4 14 15 0 5 16 17
[INTERACTOR → SOLUTION] 2 6 29 30 18 15 14 26
[INTERACTOR → SOLUTION] 0 5 41 42 31 30 29 39
[INTERACTOR → SOLUTION] 0 2 50 51 43 42 41 48
[INTERACTOR → SOLUTION] 3 10 0 1 2 3 4 5
[INTERACTOR → SOLUTION] 3 11 18 19 6 1 0 15
[INTERACTOR → SOLUTION] 2 3 31 32 20 19 18 30
[INTERACTOR → SOLUTION] 1 10 43 44 33 32 31 42
[INTERACTOR → SOLUTION] 1 4 52 53 45 44 43 51
[INTERACTOR → SOLUTION] 5 0 6 7 8 9 2 1
[INTERACTOR → SOLUTION] 3 3 20 21 10 7 6 19
[INTERACTOR → SOLUTION] 4 8 33 34 22 21 20 32
[INTERACTOR → SOLUTION] 4 8 45 46 35 34 33 44
[INTERACTOR → SOLUTION] 2 9 10 11 12 13 8 7
[INTERACTOR → SOLUTION] 3 12 22 23 24 11 10 21
[INTERACTOR → SOLUTION] 1 9 35 36 37 23 22 34
[INTERACTOR → SOLUTION] C0 2 38 49
[INTERACTOR → SOLUTION] C1 2 25 28
[INTERACTOR → SOLUTION] C2 2 52 53
[INTERACTOR → SOLUTION] C3 2 23 37
[INTERACTOR → SOLUTION] C4 2 50 51
[INTERACTOR → SOLUTION] C31 8 5 16 8 13 2 3 35 46
[SOLUTION → INTERACTOR] START
[SOLUTION → INTERACTOR] BUILD_DC 10
[SOLUTION → INTERACTOR] BUILD_DC 31
[SOLUTION → INTERACTOR] BUILD_CABLE 10 21
[SOLUTION → INTERACTOR] BUILD_CABLE 31 30
[INTERACTOR → SOLUTION] 8
[INTERACTOR → SOLUTION] 0 0 0 0 0
[SOLUTION → INTERACTOR] 0
[INTERACTOR → SOLUTION] 6
[INTERACTOR → SOLUTION] 0 0 0 0 0
[SOLUTION → INTERACTOR] 0
[INTERACTOR → SOLUTION] 2
[INTERACTOR → SOLUTION] 0 0 0 0 0
[SOLUTION → INTERACTOR] 0
[INTERACTOR → SOLUTION] 5
[INTERACTOR → SOLUTION] 1 0 0 0 0
[SOLUTION → INTERACTOR] 0
[INTERACTOR → SOLUTION] 9
[INTERACTOR → SOLUTION] 1 0 1 0 0
[SOLUTION → INTERACTOR] 0
[INTERACTOR → SOLUTION] 5
[INTERACTOR → SOLUTION] 2 0 1 0 0
[SOLUTION → INTERACTOR] 0
[INTERACTOR → SOLUTION] 5
[INTERACTOR → SOLUTION] 3 0 1 0 0
[SOLUTION → INTERACTOR] 0
[INTERACTOR → SOLUTION] 5
[INTERACTOR → SOLUTION] 4 0 1 0 0
[SOLUTION → INTERACTOR] 0
[INTERACTOR → SOLUTION] 10
[INTERACTOR → SOLUTION] 4 1 1 0 0
[SOLUTION → INTERACTOR] 1
[SOLUTION → INTERACTOR] BUILD_CABLE 30 29
[INTERACTOR → SOLUTION] 8
[INTERACTOR → SOLUTION] 3 0 1 0 0
[SOLUTION → INTERACTOR] 0
[INTERACTOR → SOLUTION] 8
[INTERACTOR → SOLUTION] 3 0 1 0 0
[SOLUTION → INTERACTOR] 0
[INTERACTOR → SOLUTION] 9
[INTERACTOR → SOLUTION] 3 0 2 0 0
[SOLUTION → INTERACTOR] 0
[INTERACTOR → SOLUTION] 4
[INTERACTOR → SOLUTION] 3 0 2 0 0
[SOLUTION → INTERACTOR] 0
[INTERACTOR → SOLUTION] 2
[INTERACTOR → SOLUTION] 3 0 2 0 0
[SOLUTION → INTERACTOR] 0
[INTERACTOR → SOLUTION] 5
[INTERACTOR → SOLUTION] 4 0 2 0 0
[SOLUTION → INTERACTOR] 0
[INTERACTOR → SOLUTION] 6
[INTERACTOR → SOLUTION] 4 0 2 0 0
[SOLUTION → INTERACTOR] 0
[INTERACTOR → SOLUTION] 6
[INTERACTOR → SOLUTION] 4 0 2 0 0
[SOLUTION → INTERACTOR] 0
[INTERACTOR → SOLUTION] 9
[INTERACTOR → SOLUTION] 4 0 3 0 0
[SOLUTION → INTERACTOR] 0
[INTERACTOR → SOLUTION] 3
[INTERACTOR → SOLUTION] 4 0 4 1 0
[SOLUTION → INTERACTOR] 0
[INTERACTOR → SOLUTION] 9
[INTERACTOR → SOLUTION] 4 0 5 1 0
[SOLUTION → INTERACTOR] 0
[INTERACTOR → SOLUTION] 7
[INTERACTOR → SOLUTION] 4 0 5 1 0
[SOLUTION → INTERACTOR] 0
[INTERACTOR → SOLUTION] 11
[INTERACTOR → SOLUTION] 4 0 5 1 0
[SOLUTION → INTERACTOR] 0
[INTERACTOR → SOLUTION] 8
[INTERACTOR → SOLUTION] 4 0 5 1 0
[SOLUTION → INTERACTOR] 0
[INTERACTOR → SOLUTION] 7
[INTERACTOR → SOLUTION] 4 0 5 1 0
[SOLUTION → INTERACTOR] 0
[INTERACTOR → SOLUTION] 6
[INTERACTOR → SOLUTION] 4 0 5 1 0
[SOLUTION → INTERACTOR] 0
[INTERACTOR → SOLUTION] 4
[INTERACTOR → SOLUTION] 4 0 5 1 0
[SOLUTION → INTERACTOR] 0
[INTERACTOR → SOLUTION] 9
[INTERACTOR → SOLUTION] 4 0 6 1 0
[SOLUTION → INTERACTOR] 0
[INTERACTOR → SOLUTION] 8
[INTERACTOR → SOLUTION] 4 0 6 1 0
[SOLUTION → INTERACTOR] 0
[INTERACTOR → SOLUTION] 3
[INTERACTOR → SOLUTION] 4 0 7 2 0
[SOLUTION → INTERACTOR] 2
[SOLUTION → INTERACTOR] CONVERT 2 1
[SOLUTION → INTERACTOR] BUILD_DC 29
[INTERACTOR → SOLUTION] 10
[INTERACTOR → SOLUTION] 3 1 2 1 0
[SOLUTION → INTERACTOR] 0
[INTERACTOR → SOLUTION] 4
[INTERACTOR → SOLUTION] 3 1 2 1 0
[SOLUTION → INTERACTOR] 0
[INTERACTOR → SOLUTION] 9
[INTERACTOR → SOLUTION] 3 1 3 1 0
[SOLUTION → INTERACTOR] 0
[INTERACTOR → SOLUTION] 8
[INTERACTOR → SOLUTION] 3 1 3 1 0
[SOLUTION → INTERACTOR] 0
[INTERACTOR → SOLUTION] 4
[INTERACTOR → SOLUTION] 3 1 3 1 0
[SOLUTION → INTERACTOR] 0
[INTERACTOR → SOLUTION] 12
[INTERACTOR → SOLUTION] 3 1 3 2 0
[SOLUTION → INTERACTOR] 0
[INTERACTOR → SOLUTION] 3
[INTERACTOR → SOLUTION] 3 1 4 3 0
[SOLUTION → INTERACTOR] 0
[INTERACTOR → SOLUTION] 5
[INTERACTOR → SOLUTION] 6 1 4 3 0
[SOLUTION → INTERACTOR] 0
[INTERACTOR → SOLUTION] 7
[INTERACTOR → SOLUTION] 6 1 4 3 0
[SOLUTION → INTERACTOR] 0
[INTERACTOR → SOLUTION] 50
[INTERACTOR → SOLUTION] 3 9 25 26 14 17 27 28
[INTERACTOR → SOLUTION] 2 8 38 39 29 26 25 40
[INTERACTOR → SOLUTION] 2 12 47 48 41 39 38 49
[INTERACTOR → SOLUTION] 3 10 14 15 0 5 16 17
[INTERACTOR → SOLUTION] 3 2 29 30 18 15 14 26
[INTERACTOR → SOLUTION] 4 10 41 42 31 30 29 39
[INTERACTOR → SOLUTION] 4 5 50 51 43 42 41 48
[INTERACTOR → SOLUTION] 0 8 0 1 2 3 4 5
[INTERACTOR → SOLUTION] 1 4 18 19 6 1 0 15
[INTERACTOR → SOLUTION] 4 4 31 32 20 19 18 30
[INTERACTOR → SOLUTION] 2 3 43 44 33 32 31 42
[INTERACTOR → SOLUTION] 0 9 52 53 45 44 43 51
[INTERACTOR → SOLUTION] 1 11 6 7 8 9 2 1
[INTERACTOR → SOLUTION] 0 11 20 21 10 7 6 19
[INTERACTOR → SOLUTION] 1 6 33 34 22 21 20 32
[INTERACTOR → SOLUTION] 0 6 45 46 35 34 33 44
[INTERACTOR → SOLUTION] 2 5 10 11 12 13 8 7
[INTERACTOR → SOLUTION] 3 3 22 23 24 11 10 21
[INTERACTOR → SOLUTION] 5 0 35 36 37 23 22 34
[INTERACTOR → SOLUTION] C0 2 2 9
[INTERACTOR → SOLUTION] C1 2 36 37
[INTERACTOR → SOLUTION] C2 2 47 48
[INTERACTOR → SOLUTION] C3 2 51 52
[INTERACTOR → SOLUTION] C4 2 45 46
[INTERACTOR → SOLUTION] C31 8 11 12 38 49 23 24 17 27
[SOLUTION → INTERACTOR] START
[SOLUTION → INTERACTOR] BUILD_DC 26
[SOLUTION → INTERACTOR] BUILD_DC 33
[SOLUTION → INTERACTOR] BUILD_CABLE 26 25
[SOLUTION → INTERACTOR] BUILD_CABLE 33 44
[INTERACTOR → SOLUTION] 9
[INTERACTOR → SOLUTION] 0 0 0 1 0
[SOLUTION → INTERACTOR] 0
[INTERACTOR → SOLUTION] 8
[INTERACTOR → SOLUTION] 0 0 1 1 0
[SOLUTION → INTERACTOR] 0
[INTERACTOR → SOLUTION] 5
[INTERACTOR → SOLUTION] 0 0 1 1 0
[SOLUTION → INTERACTOR] 0
[INTERACTOR → SOLUTION] 3
[INTERACTOR → SOLUTION] 0 0 2 1 0
[SOLUTION → INTERACTOR] 0
[INTERACTOR → SOLUTION] 5
[INTERACTOR → SOLUTION] 0 0 2 1 0
[SOLUTION → INTERACTOR] 0
[INTERACTOR → SOLUTION] 4
[INTERACTOR → SOLUTION] 0 0 2 1 0
[SOLUTION → INTERACTOR] 0
[INTERACTOR → SOLUTION] 8
[INTERACTOR → SOLUTION] 0 0 3 1 0
[SOLUTION → INTERACTOR] 0
[INTERACTOR → SOLUTION] 8
[INTERACTOR → SOLUTION] 0 0 4 1 0
[SOLUTION → INTERACTOR] 0
[INTERACTOR → SOLUTION] 10
[INTERACTOR → SOLUTION] 0 0 4 1 0
[SOLUTION → INTERACTOR] 0
[INTERACTOR → SOLUTION] 3
[INTERACTOR → SOLUTION] 0 0 5 1 0
[SOLUTION → INTERACTOR] 0
[INTERACTOR → SOLUTION] 5
[INTERACTOR → SOLUTION] 0 0 5 1 0
[SOLUTION → INTERACTOR] 0
[INTERACTOR → SOLUTION] 7
[INTERACTOR → SOLUTION] 0 0 5 1 0
[SOLUTION → INTERACTOR] 0
[INTERACTOR → SOLUTION] 6
[INTERACTOR → SOLUTION] 1 1 5 1 0
[SOLUTION → INTERACTOR] 1
[SOLUTION → INTERACTOR] BUILD_CABLE 44 43
[INTERACTOR → SOLUTION] 9
[INTERACTOR → SOLUTION] 0 0 5 2 0
[SOLUTION → INTERACTOR] 0
[INTERACTOR → SOLUTION] 8
[INTERACTOR → SOLUTION] 0 0 6 2 0
[SOLUTION → INTERACTOR] 0
[INTERACTOR → SOLUTION] 7
[INTERACTOR → SOLUTION] 0 0 6 2 0
[SOLUTION → INTERACTOR] 0
[INTERACTOR → SOLUTION] 5
[INTERACTOR → SOLUTION] 0 0 6 2 0
[SOLUTION → INTERACTOR] 0
[INTERACTOR → SOLUTION] 8
[INTERACTOR → SOLUTION] 0 0 7 2 0
[SOLUTION → INTERACTOR] 1
[SOLUTION → INTERACTOR] CONVERT 2 0
[INTERACTOR → SOLUTION] 6
[INTERACTOR → SOLUTION] 2 1 3 2 0
[SOLUTION → INTERACTOR] 1
[SOLUTION → INTERACTOR] BUILD_DC 43
[INTERACTOR → SOLUTION] 9
[INTERACTOR → SOLUTION] 2 0 2 2 0
[SOLUTION → INTERACTOR] 0
[INTERACTOR → SOLUTION] 12
[INTERACTOR → SOLUTION] 2 0 2 2 0
[SOLUTION → INTERACTOR] 0
[INTERACTOR → SOLUTION] 11
[INTERACTOR → SOLUTION] 2 0 2 2 0
[SOLUTION → INTERACTOR] 0
[INTERACTOR → SOLUTION] 7
[INTERACTOR → SOLUTION] 2 0 2 2 0
[SOLUTION → INTERACTOR] 0
[INTERACTOR → SOLUTION] 9
[INTERACTOR → SOLUTION] 3 0 2 3 0
[SOLUTION → INTERACTOR] 0
[INTERACTOR → SOLUTION] 7
[INTERACTOR → SOLUTION] 3 0 2 3 0
[SOLUTION → INTERACTOR] 0
[INTERACTOR → SOLUTION] 5
[INTERACTOR → SOLUTION] 3 0 2 3 1
[SOLUTION → INTERACTOR] 0
[INTERACTOR → SOLUTION] 6
[INTERACTOR → SOLUTION] 4 1 2 3 1
[SOLUTION → INTERACTOR] 1
[SOLUTION → INTERACTOR] BUILD_CABLE 44 45
[INTERACTOR → SOLUTION] 7
[INTERACTOR → SOLUTION] 3 0 2 3 1
[SOLUTION → INTERACTOR] 0
[INTERACTOR → SOLUTION] 7
[INTERACTOR → SOLUTION] 3 0 2 3 1
[SOLUTION → INTERACTOR] 0
[INTERACTOR → SOLUTION] 4
[INTERACTOR → SOLUTION] 3 0 2 3 1
[SOLUTION → INTERACTOR] 0
[INTERACTOR → SOLUTION] 4
[INTERACTOR → SOLUTION] 3 0 2 3 1
[SOLUTION → INTERACTOR] 0
[INTERACTOR → SOLUTION] 11
[INTERACTOR → SOLUTION] 3 0 2 3 1
[SOLUTION → INTERACTOR] 0
[INTERACTOR → SOLUTION] 5
[INTERACTOR → SOLUTION] 3 0 2 3 2
[SOLUTION → INTERACTOR] 0
[INTERACTOR → SOLUTION] 8
[INTERACTOR → SOLUTION] 3 0 3 3 2
[SOLUTION → INTERACTOR] 0
[INTERACTOR → SOLUTION] 7
[INTERACTOR → SOLUTION] 3 0 3 3 2
[SOLUTION → INTERACTOR] 0
[INTERACTOR → SOLUTION] 10
[INTERACTOR → SOLUTION] 3 0 3 3 2
[SOLUTION → INTERACTOR] 0
[INTERACTOR → SOLUTION] 8
[INTERACTOR → SOLUTION] 3 0 4 3 2
[SOLUTION → INTERACTOR] 0
[INTERACTOR → SOLUTION] 8
[INTERACTOR → SOLUTION] 3 0 5 3 2
[SOLUTION → INTERACTOR] 0
[INTERACTOR → SOLUTION] 10
[INTERACTOR → SOLUTION] 3 0 5 3 2
[SOLUTION → INTERACTOR] 0
[INTERACTOR → SOLUTION] 5
[INTERACTOR → SOLUTION] 3 0 5 3 3
[SOLUTION → INTERACTOR] 1
[SOLUTION → INTERACTOR] UPGRADE_DC 33
[INTERACTOR → SOLUTION] 7
[INTERACTOR → SOLUTION] 3 0 5 1 0
[SOLUTION → INTERACTOR] 0
[INTERACTOR → SOLUTION] 4
[INTERACTOR → SOLUTION] 3 0 5 1 0
[SOLUTION → INTERACTOR] 0
[INTERACTOR → SOLUTION] 7
[INTERACTOR → SOLUTION] 3 0 5 1 0
[SOLUTION → INTERACTOR] 0
[INTERACTOR → SOLUTION] 5
[INTERACTOR → SOLUTION] 3 0 5 1 1
[SOLUTION → INTERACTOR] 0
[INTERACTOR → SOLUTION] 8
[INTERACTOR → SOLUTION] 3 0 6 1 1
[SOLUTION → INTERACTOR] 0
[INTERACTOR → SOLUTION] 7
[INTERACTOR → SOLUTION] 3 0 6 1 1
[SOLUTION → INTERACTOR] 0
[INTERACTOR → SOLUTION] 9
[INTERACTOR → SOLUTION] 4 0 6 2 1
[SOLUTION → INTERACTOR] 0
[INTERACTOR → SOLUTION] 6
[INTERACTOR → SOLUTION] 6 2 6 2 1
[SOLUTION → INTERACTOR] 1
[SOLUTION → INTERACTOR] BUILD_DC 45
[INTERACTOR → SOLUTION] 12
[INTERACTOR → SOLUTION] 5 1 5 1 1
[SOLUTION → INTERACTOR] 0
[INTERACTOR → SOLUTION] 5
[INTERACTOR → SOLUTION] 5 1 5 1 2
[SOLUTION → INTERACTOR] 0
[INTERACTOR → SOLUTION] 37
[INTERACTOR → SOLUTION] 2 10 25 26 14 17 27 28
[INTERACTOR → SOLUTION] 1 8 38 39 29 26 25 40
[INTERACTOR → SOLUTION] 0 10 47 48 41 39 38 49
[INTERACTOR → SOLUTION] 4 6 14 15 0 5 16 17
[INTERACTOR → SOLUTION] 4 4 29 30 18 15 14 26
[INTERACTOR → SOLUTION] 1 6 41 42 31 30 29 39
[INTERACTOR → SOLUTION] 3 4 50 51 43 42 41 48
[INTERACTOR → SOLUTION] 0 5 0 1 2 3 4 5
[INTERACTOR → SOLUTION] 2 5 18 19 6 1 0 15
[INTERACTOR → SOLUTION] 0 11 31 32 20 19 18 30
[INTERACTOR → SOLUTION] 0 8 43 44 33 32 31 42
[INTERACTOR → SOLUTION] 3 9 52 53 45 44 43 51
[INTERACTOR → SOLUTION] 3 12 6 7 8 9 2 1
[INTERACTOR → SOLUTION] 2 3 20 21 10 7 6 19
[INTERACTOR → SOLUTION] 4 9 33 34 22 21 20 32
[INTERACTOR → SOLUTION] 5 0 45 46 35 34 33 44
[INTERACTOR → SOLUTION] 2 11 10 11 12 13 8 7
[INTERACTOR → SOLUTION] 1 3 22 23 24 11 10 21
[INTERACTOR → SOLUTION] 3 2 35 36 37 23 22 34
[INTERACTOR → SOLUTION] C0 2 36 37
[INTERACTOR → SOLUTION] C1 2 16 17
[INTERACTOR → SOLUTION] C2 2 35 46
[INTERACTOR → SOLUTION] C3 2 11 12
[INTERACTOR → SOLUTION] C4 2 45 53
[INTERACTOR → SOLUTION] C31 8 8 13 25 28 48 50 38 40
[SOLUTION → INTERACTOR] START
[SOLUTION → INTERACTOR] BUILD_DC 1
[SOLUTION → INTERACTOR] BUILD_DC 42
[SOLUTION → INTERACTOR] BUILD_CABLE 1 0
[SOLUTION → INTERACTOR] BUILD_CABLE 42 31
[INTERACTOR → SOLUTION] 3
[INTERACTOR → SOLUTION] 0 0 0 0 0
[SOLUTION → INTERACTOR] 0
[INTERACTOR → SOLUTION] 2
[INTERACTOR → SOLUTION] 0 0 0 0 0
[SOLUTION → INTERACTOR] 0
[INTERACTOR → SOLUTION] 3
[INTERACTOR → SOLUTION] 0 0 0 0 0
[SOLUTION → INTERACTOR] 0
[INTERACTOR → SOLUTION] 7
[INTERACTOR → SOLUTION] 0 0 0 0 0
[SOLUTION → INTERACTOR] 0
[INTERACTOR → SOLUTION] 4
[INTERACTOR → SOLUTION] 0 0 0 1 0
[SOLUTION → INTERACTOR] 0
[INTERACTOR → SOLUTION] 8
[INTERACTOR → SOLUTION] 1 0 0 1 0
[SOLUTION → INTERACTOR] 0
[INTERACTOR → SOLUTION] 5
[INTERACTOR → SOLUTION] 2 0 1 1 0
[SOLUTION → INTERACTOR] 0
[INTERACTOR → SOLUTION] 6
[INTERACTOR → SOLUTION] 2 1 1 1 0
[SOLUTION → INTERACTOR] 1
[SOLUTION → INTERACTOR] BUILD_CABLE 0 15
[INTERACTOR → SOLUTION] 5
[INTERACTOR → SOLUTION] 2 0 2 1 0
[SOLUTION → INTERACTOR] 0
[INTERACTOR → SOLUTION] 7
[INTERACTOR → SOLUTION] 2 0 2 1 0
[SOLUTION → INTERACTOR] 0
[INTERACTOR → SOLUTION] 6
[INTERACTOR → SOLUTION] 2 1 2 1 0
[SOLUTION → INTERACTOR] 1
[SOLUTION → INTERACTOR] BUILD_DC 15
[INTERACTOR → SOLUTION] 7
[INTERACTOR → SOLUTION] 1 0 1 0 0
[SOLUTION → INTERACTOR] 0
[INTERACTOR → SOLUTION] 8
[INTERACTOR → SOLUTION] 2 0 1 0 0
[SOLUTION → INTERACTOR] 0
[INTERACTOR → SOLUTION] 7
[INTERACTOR → SOLUTION] 2 0 1 0 0
[SOLUTION → INTERACTOR] 0
[INTERACTOR → SOLUTION] 9
[INTERACTOR → SOLUTION] 2 0 1 0 0
[SOLUTION → INTERACTOR] 0
[INTERACTOR → SOLUTION] 5
[INTERACTOR → SOLUTION] 3 0 3 0 0
[SOLUTION → INTERACTOR] 0
[INTERACTOR → SOLUTION] 7
[INTERACTOR → SOLUTION] 3 0 3 0 0
[SOLUTION → INTERACTOR] 0
[INTERACTOR → SOLUTION] 7
[INTERACTOR → SOLUTION] 3 0 3 0 0
[SOLUTION → INTERACTOR] 0
[INTERACTOR → SOLUTION] 4
[INTERACTOR → SOLUTION] 3 0 3 1 1
[SOLUTION → INTERACTOR] 0
[INTERACTOR → SOLUTION] 9
[INTERACTOR → SOLUTION] 3 0 3 1 1
[SOLUTION → INTERACTOR] 0
[INTERACTOR → SOLUTION] 5
[INTERACTOR → SOLUTION] 4 0 5 1 1
[SOLUTION → INTERACTOR] 0
[INTERACTOR → SOLUTION] 8
[INTERACTOR → SOLUTION] 5 0 5 1 1
[SOLUTION → INTERACTOR] 0
[INTERACTOR → SOLUTION] 11
[INTERACTOR → SOLUTION] 5 0 5 1 1
[SOLUTION → INTERACTOR] 0
[INTERACTOR → SOLUTION] 4
[INTERACTOR → SOLUTION] 5 0 5 2 2
[SOLUTION → INTERACTOR] 0
[INTERACTOR → SOLUTION] 6
[INTERACTOR → SOLUTION] 5 1 5 2 3
[SOLUTION → INTERACTOR] 2
[SOLUTION → INTERACTOR] UPGRADE_DC 42
[SOLUTION → INTERACTOR] BUILD_CABLE 31 32
[INTERACTOR → SOLUTION] 6
[INTERACTOR → SOLUTION] 4 2 5 0 1
[SOLUTION → INTERACTOR] 2
[SOLUTION → INTERACTOR] BUILD_CABLE 31 30
[SOLUTION → INTERACTOR] BUILD_CABLE 30 29
[INTERACTOR → SOLUTION] 5
[INTERACTOR → SOLUTION] 3 0 7 0 1
[SOLUTION → INTERACTOR] 2
[SOLUTION → INTERACTOR] CONVERT 2 1
[SOLUTION → INTERACTOR] BUILD_CABLE 29 39
[INTERACTOR → SOLUTION] 12
[INTERACTOR → SOLUTION] 2 0 3 1 1
[SOLUTION → INTERACTOR] 0
[INTERACTOR → SOLUTION] 5
[INTERACTOR → SOLUTION] 3 0 5 1 1
[SOLUTION → INTERACTOR] 0
[INTERACTOR → SOLUTION] 9
[INTERACTOR → SOLUTION] 3 0 5 1 1
[SOLUTION → INTERACTOR] 0
[INTERACTOR → SOLUTION] 7
[INTERACTOR → SOLUTION] 3 0 5 1 1
[SOLUTION → INTERACTOR] 0
[INTERACTOR → SOLUTION] 6
[INTERACTOR → SOLUTION] 3 2 5 1 2
[SOLUTION → INTERACTOR] 1
[SOLUTION → INTERACTOR] BUILD_DC 29
[INTERACTOR → SOLUTION] 6
[INTERACTOR → SOLUTION] 2 4 4 0 3
[SOLUTION → INTERACTOR] 0
[INTERACTOR → SOLUTION] 3
[INTERACTOR → SOLUTION] 2 4 4 0 3
[SOLUTION → INTERACTOR] 0
[INTERACTOR → SOLUTION] 12
[INTERACTOR → SOLUTION] 2 4 4 1 3
[SOLUTION → INTERACTOR] 1
[SOLUTION → INTERACTOR] BUILD_DC 32
[INTERACTOR → SOLUTION] 10
[INTERACTOR → SOLUTION] 1 3 3 0 3
[SOLUTION → INTERACTOR] 0
[INTERACTOR → SOLUTION] 5
[INTERACTOR → SOLUTION] 2 3 5 0 3
[SOLUTION → INTERACTOR] 0
[INTERACTOR → SOLUTION] 49
[INTERACTOR → SOLUTION] 0 11 25 26 14 17 27 28
[INTERACTOR → SOLUTION] 3 10 38 39 29 26 25 40
[INTERACTOR → SOLUTION] 0 11 47 48 41 39 38 49
[INTERACTOR → SOLUTION] 1 6 14 15 0 5 16 17
[INTERACTOR → SOLUTION] 3 4 29 30 18 15 14 26
[INTERACTOR → SOLUTION] 2 10 41 42 31 30 29 39
[INTERACTOR → SOLUTION] 1 4 50 51 43 42 41 48
[INTERACTOR → SOLUTION] 4 3 0 1 2 3 4 5
[INTERACTOR → SOLUTION] 2 12 18 19 6 1 0 15
[INTERACTOR → SOLUTION] 1 9 31 32 20 19 18 30
[INTERACTOR → SOLUTION] 4 3 43 44 33 32 31 42
[INTERACTOR → SOLUTION] 2 6 52 53 45 44 43 51
[INTERACTOR → SOLUTION] 2 8 6 7 8 9 2 1
[INTERACTOR → SOLUTION] 4 2 20 21 10 7 6 19
[INTERACTOR → SOLUTION] 0 5 33 34 22 21 20 32
[INTERACTOR → SOLUTION] 3 5 45 46 35 34 33 44
[INTERACTOR → SOLUTION] 3 9 10 11 12 13 8 7
[INTERACTOR → SOLUTION] 5 0 22 23 24 11 10 21
[INTERACTOR → SOLUTION] 0 8 35 36 37 23 22 34
[INTERACTOR → SOLUTION] C0 2 35 36
[INTERACTOR → SOLUTION] C1 2 25 28
[INTERACTOR → SOLUTION] C2 2 5 16
[INTERACTOR → SOLUTION] C3 2 2 9
[INTERACTOR → SOLUTION] C4 2 23 24
[INTERACTOR → SOLUTION] C31 8 47 48 17 27 3 4 45 53
[SOLUTION → INTERACTOR] START
[SOLUTION → INTERACTOR] BUILD_DC 7
[SOLUTION → INTERACTOR] BUILD_DC 20
[SOLUTION → INTERACTOR] BUILD_CABLE 7 8
[SOLUTION → INTERACTOR] BUILD_CABLE 20 32
[INTERACTOR → SOLUTION] 3
[INTERACTOR → SOLUTION] 0 0 0 0 0
[SOLUTION → INTERACTOR] 0
[INTERACTOR → SOLUTION] 4
[INTERACTOR → SOLUTION] 0 0 0 0 0
[SOLUTION → INTERACTOR] 0
[INTERACTOR → SOLUTION] 2
[INTERACTOR → SOLUTION] 0 0 0 0 2
[SOLUTION → INTERACTOR] 0
[INTERACTOR → SOLUTION] 9
[INTERACTOR → SOLUTION] 0 1 0 1 2
[SOLUTION → INTERACTOR] 0
[INTERACTOR → SOLUTION] 5
[INTERACTOR → SOLUTION] 1 1 0 1 2
[SOLUTION → INTERACTOR] 1
[SOLUTION → INTERACTOR] BUILD_CABLE 32 33
[INTERACTOR → SOLUTION] 4
[INTERACTOR → SOLUTION] 0 0 0 1 2
[SOLUTION → INTERACTOR] 0
[INTERACTOR → SOLUTION] 6
[INTERACTOR → SOLUTION] 0 0 0 1 2
[SOLUTION → INTERACTOR] 0
[INTERACTOR → SOLUTION] 5
[INTERACTOR → SOLUTION] 1 0 0 1 2
[SOLUTION → INTERACTOR] 0
[INTERACTOR → SOLUTION] 7
[INTERACTOR → SOLUTION] 1 0 0 1 2
[SOLUTION → INTERACTOR] 0
[INTERACTOR → SOLUTION] 11
[INTERACTOR → SOLUTION] 1 0 0 1 2
[SOLUTION → INTERACTOR] 0
[INTERACTOR → SOLUTION] 7
[INTERACTOR → SOLUTION] 1 0 0 1 2
[SOLUTION → INTERACTOR] 0
[INTERACTOR → SOLUTION] 11
[INTERACTOR → SOLUTION] 1 0 0 1 2
[SOLUTION → INTERACTOR] 0
[INTERACTOR → SOLUTION] 9
[INTERACTOR → SOLUTION] 1 1 0 2 2
[SOLUTION → INTERACTOR] 1
[SOLUTION → INTERACTOR] BUILD_CABLE 33 34
[INTERACTOR → SOLUTION] 7
[INTERACTOR → SOLUTION] 0 0 0 2 2
[SOLUTION → INTERACTOR] 0
[INTERACTOR → SOLUTION] 7
[INTERACTOR → SOLUTION] 0 0 0 2 2
[SOLUTION → INTERACTOR] 0
[INTERACTOR → SOLUTION] 12
[INTERACTOR → SOLUTION] 0 0 0 2 2
[SOLUTION → INTERACTOR] 0
[INTERACTOR → SOLUTION] 5
[INTERACTOR → SOLUTION] 1 0 0 2 2
[SOLUTION → INTERACTOR] 0
[INTERACTOR → SOLUTION] 5
[INTERACTOR → SOLUTION] 2 0 0 2 2
[SOLUTION → INTERACTOR] 0
[INTERACTOR → SOLUTION] 7
[INTERACTOR → SOLUTION] 2 0 0 2 2
[SOLUTION → INTERACTOR] 0
[INTERACTOR → SOLUTION] 8
[INTERACTOR → SOLUTION] 2 0 1 2 2
[SOLUTION → INTERACTOR] 0
[INTERACTOR → SOLUTION] 8
[INTERACTOR → SOLUTION] 2 0 2 2 2
[SOLUTION → INTERACTOR] 0
[INTERACTOR → SOLUTION] 3
[INTERACTOR → SOLUTION] 2 0 2 2 2
[SOLUTION → INTERACTOR] 0
[INTERACTOR → SOLUTION] 10
[INTERACTOR → SOLUTION] 2 0 2 2 2
[SOLUTION → INTERACTOR] 0
[INTERACTOR → SOLUTION] 8
[INTERACTOR → SOLUTION] 2 0 3 2 2
[SOLUTION → INTERACTOR] 0
[INTERACTOR → SOLUTION] 9
[INTERACTOR → SOLUTION] 2 1 3 3 2
[SOLUTION → INTERACTOR] 1
[SOLUTION → INTERACTOR] BUILD_DC 34
[INTERACTOR → SOLUTION] 7
[INTERACTOR → SOLUTION] 1 0 2 2 2
[SOLUTION → INTERACTOR] 0
[INTERACTOR → SOLUTION] 9
[INTERACTOR → SOLUTION] 1 1 2 3 2
[SOLUTION → INTERACTOR] 1
[SOLUTION → INTERACTOR] BUILD_CABLE 33 44
[INTERACTOR → SOLUTION] 9
[INTERACTOR → SOLUTION] 0 1 2 4 2
[SOLUTION → INTERACTOR] 0
[INTERACTOR → SOLUTION] 11
[INTERACTOR → SOLUTION] 0 1 2 4 2
[SOLUTION → INTERACTOR] 0
[INTERACTOR → SOLUTION] 7
[INTERACTOR → SOLUTION] 0 1 2 4 2
[SOLUTION → INTERACTOR] 0
[INTERACTOR → SOLUTION] 12
[INTERACTOR → SOLUTION] 0 1 2 4 2
[SOLUTION → INTERACTOR] 0
[INTERACTOR → SOLUTION] 10
[INTERACTOR → SOLUTION] 0 1 2 4 2
[SOLUTION → INTERACTOR] 0
[INTERACTOR → SOLUTION] 8
[INTERACTOR → SOLUTION] 1 1 3 4 2
[SOLUTION → INTERACTOR] 1
[SOLUTION → INTERACTOR] BUILD_DC 44
[INTERACTOR → SOLUTION] 6
[INTERACTOR → SOLUTION] 0 0 3 3 2
[SOLUTION → INTERACTOR] 0
[INTERACTOR → SOLUTION] 8
[INTERACTOR → SOLUTION] 1 0 4 3 2
[SOLUTION → INTERACTOR] 0
[INTERACTOR → SOLUTION] 6
[INTERACTOR → SOLUTION] 1 0 5 3 2
[SOLUTION → INTERACTOR] 0
[INTERACTOR → SOLUTION] 10
[INTERACTOR → SOLUTION] 1 0 5 3 2
[SOLUTION → INTERACTOR] 0
[INTERACTOR → SOLUTION] 2
[INTERACTOR → SOLUTION] 1 0 5 3 4
[SOLUTION → INTERACTOR] 1
[SOLUTION → INTERACTOR] UPGRADE_DC 34
[INTERACTOR → SOLUTION] 10
[INTERACTOR → SOLUTION] 1 0 5 1 1
[SOLUTION → INTERACTOR] 0
[INTERACTOR → SOLUTION] 3
[INTERACTOR → SOLUTION] 1 0 5 1 2
[SOLUTION → INTERACTOR] 0
[INTERACTOR → SOLUTION] 7
[INTERACTOR → SOLUTION] 1 0 5 1 2
[SOLUTION → INTERACTOR] 0
[INTERACTOR → SOLUTION] 7
[INTERACTOR → SOLUTION] 1 0 5 1 2
[SOLUTION → INTERACTOR] 0
[INTERACTOR → SOLUTION] 3
[INTERACTOR → SOLUTION] 1 0 5 1 3
[SOLUTION → INTERACTOR] 0
[INTERACTOR → SOLUTION] 7
[INTERACTOR → SOLUTION] 1 0 5 1 3
[SOLUTION → INTERACTOR] 0
[INTERACTOR → SOLUTION] 11
[INTERACTOR → SOLUTION] 1 0 5 1 3
[SOLUTION → INTERACTOR] 0
[INTERACTOR → SOLUTION] 6
[INTERACTOR → SOLUTION] 1 0 6 1 3
[SOLUTION → INTERACTOR] 0
[INTERACTOR → SOLUTION] 8
[INTERACTOR → SOLUTION] 3 0 7 1 3
[SOLUTION → INTERACTOR] 1
[SOLUTION → INTERACTOR] CONVERT 2 1
[INTERACTOR → SOLUTION] 10
[INTERACTOR → SOLUTION] 3 1 3 1 3
[SOLUTION → INTERACTOR] 0
[INTERACTOR → SOLUTION] 5
[INTERACTOR → SOLUTION] 6 1 3 4 3
[SOLUTION → INTERACTOR] 1
[SOLUTION → INTERACTOR] UPGRADE_DC 44
[INTERACTOR → SOLUTION] 31
[INTERACTOR → SOLUTION] 0 10 25 26 14 17 27 28
[INTERACTOR → SOLUTION] 0 9 38 39 29 26 25 40
[INTERACTOR → SOLUTION] 2 11 47 48 41 39 38 49
[INTERACTOR → SOLUTION] 1 6 14 15 0 5 16 17
[INTERACTOR → SOLUTION] 5 0 29 30 18 15 14 26
[INTERACTOR → SOLUTION] 2 4 41 42 31 30 29 39
[INTERACTOR → SOLUTION] 0 3 50 51 43 42 41 48
[INTERACTOR → SOLUTION] 2 12 0 1 2 3 4 5
[INTERACTOR → SOLUTION] 1 4 18 19 6 1 0 15
[INTERACTOR → SOLUTION] 1 11 31 32 20 19 18 30
[INTERACTOR → SOLUTION] 3 5 43 44 33 32 31 42
[INTERACTOR → SOLUTION] 4 8 52 53 45 44 43 51
[INTERACTOR → SOLUTION] 3 8 6 7 8 9 2 1
[INTERACTOR → SOLUTION] 3 3 20 21 10 7 6 19
[INTERACTOR → SOLUTION] 4 9 33 34 22 21 20 32
[INTERACTOR → SOLUTION] 2 10 45 46 35 34 33 44
[INTERACTOR → SOLUTION] 3 5 10 11 12 13 8 7
[INTERACTOR → SOLUTION] 4 6 22 23 24 11 10 21
[INTERACTOR → SOLUTION] 0 2 35 36 37 23 22 34
[INTERACTOR → SOLUTION] C0 2 51 52
[INTERACTOR → SOLUTION] C1 2 16 17
[INTERACTOR → SOLUTION] C2 2 23 24
[INTERACTOR → SOLUTION] C3 2 36 37
[INTERACTOR → SOLUTION] C4 2 11 12
[INTERACTOR → SOLUTION] C31 8 27 28 2 9 3 4 35 46
[SOLUTION → INTERACTOR] START
[SOLUTION → INTERACTOR] BUILD_DC 6
[SOLUTION → INTERACTOR] BUILD_DC 39
[SOLUTION → INTERACTOR] BUILD_CABLE 6 7
[SOLUTION → INTERACTOR] BUILD_CABLE 39 29
[INTERACTOR → SOLUTION] 7
[INTERACTOR → SOLUTION] 0 0 0 0 0
[SOLUTION → INTERACTOR] 0
[INTERACTOR → SOLUTION] 9
[INTERACTOR → SOLUTION] 1 0 0 0 0
[SOLUTION → INTERACTOR] 0
[INTERACTOR → SOLUTION] 5
[INTERACTOR → SOLUTION] 1 0 0 0 0
[SOLUTION → INTERACTOR] 0
[INTERACTOR → SOLUTION] 11
[INTERACTOR → SOLUTION] 1 0 1 0 0
[SOLUTION → INTERACTOR] 0
[INTERACTOR → SOLUTION] 7
[INTERACTOR → SOLUTION] 1 0 1 0 0
[SOLUTION → INTERACTOR] 0
[INTERACTOR → SOLUTION] 7
[INTERACTOR → SOLUTION] 1 0 1 0 0
[SOLUTION → INTERACTOR] 0
[INTERACTOR → SOLUTION] 5
[INTERACTOR → SOLUTION] 1 0 1 0 0
[SOLUTION → INTERACTOR] 0
[INTERACTOR → SOLUTION] 9
[INTERACTOR → SOLUTION] 2 0 1 0 0
[SOLUTION → INTERACTOR] 0
[INTERACTOR → SOLUTION] 3
[INTERACTOR → SOLUTION] 2 0 1 1 0
[SOLUTION → INTERACTOR] 0
[INTERACTOR → SOLUTION] 7
[INTERACTOR → SOLUTION] 2 0 1 1 0
[SOLUTION → INTERACTOR] 0
[INTERACTOR → SOLUTION] 8
[INTERACTOR → SOLUTION] 2 0 1 2 0
[SOLUTION → INTERACTOR] 0
[INTERACTOR → SOLUTION] 2
[INTERACTOR → SOLUTION] 2 0 1 2 0
[SOLUTION → INTERACTOR] 0
[INTERACTOR → SOLUTION] 10
[INTERACTOR → SOLUTION] 2 0 1 2 0
[SOLUTION → INTERACTOR] 0
[INTERACTOR → SOLUTION] 3
[INTERACTOR → SOLUTION] 2 0 1 3 0
[SOLUTION → INTERACTOR] 0
[INTERACTOR → SOLUTION] 5
[INTERACTOR → SOLUTION] 2 0 1 3 0
[SOLUTION → INTERACTOR] 0
[INTERACTOR → SOLUTION] 8
[INTERACTOR → SOLUTION] 2 0 1 4 0
[SOLUTION → INTERACTOR] 0
[INTERACTOR → SOLUTION] 6
[INTERACTOR → SOLUTION] 2 0 1 4 0
[SOLUTION → INTERACTOR] 0
[INTERACTOR → SOLUTION] 6
[INTERACTOR → SOLUTION] 2 0 1 4 0
[SOLUTION → INTERACTOR] 0
[INTERACTOR → SOLUTION] 11
[INTERACTOR → SOLUTION] 2 0 2 4 0
[SOLUTION → INTERACTOR] 0
[INTERACTOR → SOLUTION] 8
[INTERACTOR → SOLUTION] 2 0 2 5 0
[SOLUTION → INTERACTOR] 0
[INTERACTOR → SOLUTION] 11
[INTERACTOR → SOLUTION] 2 0 3 5 0
[SOLUTION → INTERACTOR] 0
[INTERACTOR → SOLUTION] 7
[INTERACTOR → SOLUTION] 2 0 3 5 0
[SOLUTION → INTERACTOR] 0
[INTERACTOR → SOLUTION] 11
[INTERACTOR → SOLUTION] 2 0 4 5 0
[SOLUTION → INTERACTOR] 0
[INTERACTOR → SOLUTION] 3
[INTERACTOR → SOLUTION] 2 0 4 6 0
[SOLUTION → INTERACTOR] 0
[INTERACTOR → SOLUTION] 5
[INTERACTOR → SOLUTION] 2 0 4 6 0
[SOLUTION → INTERACTOR] 0
[INTERACTOR → SOLUTION] 7
[INTERACTOR → SOLUTION] 2 0 4 6 0
[SOLUTION → INTERACTOR] 0
[INTERACTOR → SOLUTION] 9
[INTERACTOR → SOLUTION] 3 0 4 6 0
[SOLUTION → INTERACTOR] 0
[INTERACTOR → SOLUTION] 7
[INTERACTOR → SOLUTION] 3 0 4 6 0
[SOLUTION → INTERACTOR] 0
[INTERACTOR → SOLUTION] 8
[INTERACTOR → SOLUTION] 3 0 4 7 0
[SOLUTION → INTERACTOR] 0
[INTERACTOR → SOLUTION] 9
[INTERACTOR → SOLUTION] 4 0 4 7 0
[SOLUTION → INTERACTOR] 0
[INTERACTOR → SOLUTION] 8
[INTERACTOR → SOLUTION] 4 0 4 8 0
[SOLUTION → INTERACTOR] 0
[INTERACTOR → SOLUTION] 37
[INTERACTOR → SOLUTION] 2 5 25 26 14 17 27 28
[INTERACTOR → SOLUTION] 0 3 38 39 29 26 25 40
[INTERACTOR → SOLUTION] 5 0 47 48 41 39 38 49
[INTERACTOR → SOLUTION] 1 9 14 15 0 5 16 17
[INTERACTOR → SOLUTION] 2 5 29 30 18 15 14 26
[INTERACTOR → SOLUTION] 4 10 41 42 31 30 29 39
[INTERACTOR → SOLUTION] 3 6 50 51 43 42 41 48
[INTERACTOR → SOLUTION] 0 6 0 1 2 3 4 5
[INTERACTOR → SOLUTION] 2 2 18 19 6 1 0 15
[INTERACTOR → SOLUTION] 3 3 31 32 20 19 18 30
[INTERACTOR → SOLUTION] 3 11 43 44 33 32 31 42
[INTERACTOR → SOLUTION] 1 8 52 53 45 44 43 51
[INTERACTOR → SOLUTION] 3 4 6 7 8 9 2 1
[INTERACTOR → SOLUTION] 2 4 20 21 10 7 6 19
[INTERACTOR → SOLUTION] 4 10 33 34 22 21 20 32
[INTERACTOR → SOLUTION] 0 12 45 46 35 34 33 44
[INTERACTOR → SOLUTION] 0 11 10 11 12 13 8 7
[INTERACTOR → SOLUTION] 1 8 22 23 24 11 10 21
[INTERACTOR → SOLUTION] 4 9 35 36 37 23 22 34
[INTERACTOR → SOLUTION] C0 2 35 46
[INTERACTOR → SOLUTION] C1 2 2 3
[INTERACTOR → SOLUTION] C2 2 8 9
[INTERACTOR → SOLUTION] C3 2 47 49
[INTERACTOR → SOLUTION] C4 2 23 24
[INTERACTOR → SOLUTION] C31 8 45 53 11 12 38 40 48 50
[SOLUTION → INTERACTOR] START
[SOLUTION → INTERACTOR] BUILD_DC 1
[SOLUTION → INTERACTOR] BUILD_DC 14
[SOLUTION → INTERACTOR] BUILD_CABLE 1 0
[SOLUTION → INTERACTOR] BUILD_CABLE 14 26
[INTERACTOR → SOLUTION] 4
[INTERACTOR → SOLUTION] 0 0 0 1 0
[SOLUTION → INTERACTOR] 0
[INTERACTOR → SOLUTION] 5
[INTERACTOR → SOLUTION] 0 0 2 1 0
[SOLUTION → INTERACTOR] 0
[INTERACTOR → SOLUTION] 8
[INTERACTOR → SOLUTION] 0 0 2 1 0
[SOLUTION → INTERACTOR] 0
[INTERACTOR → SOLUTION] 7
[INTERACTOR → SOLUTION] 0 0 2 1 0
[SOLUTION → INTERACTOR] 0
[INTERACTOR → SOLUTION] 5
[INTERACTOR → SOLUTION] 0 0 4 1 0
[SOLUTION → INTERACTOR] 0
[INTERACTOR → SOLUTION] 8
[INTERACTOR → SOLUTION] 0 0 4 1 0
[SOLUTION → INTERACTOR] 0
[INTERACTOR → SOLUTION] 9
[INTERACTOR → SOLUTION] 0 1 4 1 0
[SOLUTION → INTERACTOR] 0
[INTERACTOR → SOLUTION] 3
[INTERACTOR → SOLUTION] 0 1 4 1 0
[SOLUTION → INTERACTOR] 0
[INTERACTOR → SOLUTION] 8
[INTERACTOR → SOLUTION] 0 1 4 1 0
[SOLUTION → INTERACTOR] 0
[INTERACTOR → SOLUTION] 7
[INTERACTOR → SOLUTION] 0 1 4 1 0
[SOLUTION → INTERACTOR] 0
[INTERACTOR → SOLUTION] 9
[INTERACTOR → SOLUTION] 0 2 4 1 0
[SOLUTION → INTERACTOR] 0
[INTERACTOR → SOLUTION] 10
[INTERACTOR → SOLUTION] 0 2 4 1 0
[SOLUTION → INTERACTOR] 0
[INTERACTOR → SOLUTION] 4
[INTERACTOR → SOLUTION] 0 2 4 2 0
[SOLUTION → INTERACTOR] 0
[INTERACTOR → SOLUTION] 9
[INTERACTOR → SOLUTION] 0 3 4 2 0
[SOLUTION → INTERACTOR] 0
[INTERACTOR → SOLUTION] 2
[INTERACTOR → SOLUTION] 0 3 5 2 0
[SOLUTION → INTERACTOR] 0
[INTERACTOR → SOLUTION] 9
[INTERACTOR → SOLUTION] 0 4 5 2 0
[SOLUTION → INTERACTOR] 0
[INTERACTOR → SOLUTION] 7
[INTERACTOR → SOLUTION] 0 4 5 2 0
[SOLUTION → INTERACTOR] 0
[INTERACTOR → SOLUTION] 4
[INTERACTOR → SOLUTION] 0 4 5 3 0
[SOLUTION → INTERACTOR] 0
[INTERACTOR → SOLUTION] 5
[INTERACTOR → SOLUTION] 0 4 7 3 0
[SOLUTION → INTERACTOR] 2
[SOLUTION → INTERACTOR] CONVERT 2 0
[SOLUTION → INTERACTOR] BUILD_CABLE 0 5
[INTERACTOR → SOLUTION] 6
[INTERACTOR → SOLUTION] 1 3 3 3 0
[SOLUTION → INTERACTOR] 1
[SOLUTION → INTERACTOR] BUILD_DC 5
[INTERACTOR → SOLUTION] 7
[INTERACTOR → SOLUTION] 0 2 2 2 0
[SOLUTION → INTERACTOR] 0
[INTERACTOR → SOLUTION] 4
[INTERACTOR → SOLUTION] 0 2 2 3 0
[SOLUTION → INTERACTOR] 0
[INTERACTOR → SOLUTION] 10
[INTERACTOR → SOLUTION] 0 2 2 3 0
[SOLUTION → INTERACTOR] 0
[INTERACTOR → SOLUTION] 9
[INTERACTOR → SOLUTION] 0 4 2 3 0
[SOLUTION → INTERACTOR] 0
[INTERACTOR → SOLUTION] 9
[INTERACTOR → SOLUTION] 0 6 2 3 0
[SOLUTION → INTERACTOR] 0
[INTERACTOR → SOLUTION] 8
[INTERACTOR → SOLUTION] 0 6 2 3 0
[SOLUTION → INTERACTOR] 0
[INTERACTOR → SOLUTION] 8
[INTERACTOR → SOLUTION] 0 6 2 3 0
[SOLUTION → INTERACTOR] 0
[INTERACTOR → SOLUTION] 10
[INTERACTOR → SOLUTION] 0 6 2 3 0
[SOLUTION → INTERACTOR] 0
[INTERACTOR → SOLUTION] 10
[INTERACTOR → SOLUTION] 0 6 2 3 0
[SOLUTION → INTERACTOR] 0
[INTERACTOR → SOLUTION] 3
[INTERACTOR → SOLUTION] 0 6 2 3 0
[SOLUTION → INTERACTOR] 0
[INTERACTOR → SOLUTION] 5
[INTERACTOR → SOLUTION] 0 6 4 3 0
[SOLUTION → INTERACTOR] 0
[INTERACTOR → SOLUTION] 7
[INTERACTOR → SOLUTION] 0 6 4 3 0
[SOLUTION → INTERACTOR] 0
[INTERACTOR → SOLUTION] 7
[INTERACTOR → SOLUTION] 0 6 4 3 0
[SOLUTION → INTERACTOR] 0
[INTERACTOR → SOLUTION] 5
[INTERACTOR → SOLUTION] 0 6 6 3 0
[SOLUTION → INTERACTOR] 0
[INTERACTOR → SOLUTION] 3
[INTERACTOR → SOLUTION] 0 6 6 3 0
[SOLUTION → INTERACTOR] 0
[INTERACTOR → SOLUTION] 7
[INTERACTOR → SOLUTION] 0 6 6 3 0
[SOLUTION → INTERACTOR] 0
[INTERACTOR → SOLUTION] 11
[INTERACTOR → SOLUTION] 0 6 6 3 0
[SOLUTION → INTERACTOR] 0
[INTERACTOR → SOLUTION] 38
[INTERACTOR → SOLUTION] 2 9 25 26 14 17 27 28
[INTERACTOR → SOLUTION] 2 6 38 39 29 26 25 40
[INTERACTOR → SOLUTION] 3 12 47 48 41 39 38 49
[INTERACTOR → SOLUTION] 1 6 14 15 0 5 16 17
[INTERACTOR → SOLUTION] 4 8 29 30 18 15 14 26
[INTERACTOR → SOLUTION] 3 4 41 42 31 30 29 39
[INTERACTOR → SOLUTION] 5 0 50 51 43 42 41 48
[INTERACTOR → SOLUTION] 0 5 0 1 2 3 4 5
[INTERACTOR → SOLUTION] 2 3 18 19 6 1 0 15
[INTERACTOR → SOLUTION] 1 9 31 32 20 19 18 30
[INTERACTOR → SOLUTION] 4 11 43 44 33 32 31 42
[INTERACTOR → SOLUTION] 2 11 52 53 45 44 43 51
[INTERACTOR → SOLUTION] 4 10 6 7 8 9 2 1
[INTERACTOR → SOLUTION] 0 2 20 21 10 7 6 19
[INTERACTOR → SOLUTION] 3 5 33 34 22 21 20 32
[INTERACTOR → SOLUTION] 1 10 45 46 35 34 33 44
[INTERACTOR → SOLUTION] 3 3 10 11 12 13 8 7
[INTERACTOR → SOLUTION] 0 4 22 23 24 11 10 21
[INTERACTOR → SOLUTION] 0 8 35 36 37 23 22 34
[INTERACTOR → SOLUTION] C0 2 11 24
[INTERACTOR → SOLUTION] C1 2 4 5
[INTERACTOR → SOLUTION] C2 2 47 48
[INTERACTOR → SOLUTION] C3 2 50 51
[INTERACTOR → SOLUTION] C4 2 23 37
[INTERACTOR → SOLUTION] C31 8 25 40 52 53 8 9 45 46
[SOLUTION → INTERACTOR] START
[SOLUTION → INTERACTOR] BUILD_DC 14
[SOLUTION → INTERACTOR] BUILD_DC 22
[SOLUTION → INTERACTOR] BUILD_CABLE 14 26
[SOLUTION → INTERACTOR] BUILD_CABLE 22 34
[INTERACTOR → SOLUTION] 3
[INTERACTOR → SOLUTION] 0 0 0 0 0
[SOLUTION → INTERACTOR] 0
[INTERACTOR → SOLUTION] 8
[INTERACTOR → SOLUTION] 1 0 0 0 1
[SOLUTION → INTERACTOR] 0
[INTERACTOR → SOLUTION] 9
[INTERACTOR → SOLUTION] 1 0 1 0 1
[SOLUTION → INTERACTOR] 0
[INTERACTOR → SOLUTION] 9
[INTERACTOR → SOLUTION] 1 0 2 0 1
[SOLUTION → INTERACTOR] 0
[INTERACTOR → SOLUTION] 7
[INTERACTOR → SOLUTION] 1 0 2 0 1
[SOLUTION → INTERACTOR] 0
[INTERACTOR → SOLUTION] 7
[INTERACTOR → SOLUTION] 1 0 2 0 1
[SOLUTION → INTERACTOR] 0
[INTERACTOR → SOLUTION] 4
[INTERACTOR → SOLUTION] 2 0 2 0 1
[SOLUTION → INTERACTOR] 0
[INTERACTOR → SOLUTION] 4
[INTERACTOR → SOLUTION] 3 0 2 0 1
[SOLUTION → INTERACTOR] 0
[INTERACTOR → SOLUTION] 9
[INTERACTOR → SOLUTION] 3 0 3 0 1
[SOLUTION → INTERACTOR] 0
[INTERACTOR → SOLUTION] 9
[INTERACTOR → SOLUTION] 3 0 4 0 1
[SOLUTION → INTERACTOR] 0
[INTERACTOR → SOLUTION] 5
[INTERACTOR → SOLUTION] 3 0 4 1 1
[SOLUTION → INTERACTOR] 0
[INTERACTOR → SOLUTION] 6
[INTERACTOR → SOLUTION] 3 1 4 1 1
[SOLUTION → INTERACTOR] 1
[SOLUTION → INTERACTOR] BUILD_CABLE 26 25
[INTERACTOR → SOLUTION] 7
[INTERACTOR → SOLUTION] 2 0 4 1 1
[SOLUTION → INTERACTOR] 0
[INTERACTOR → SOLUTION] 9
[INTERACTOR → SOLUTION] 2 0 5 1 1
[SOLUTION → INTERACTOR] 0
[INTERACTOR → SOLUTION] 7
[INTERACTOR → SOLUTION] 2 0 5 1 1
[SOLUTION → INTERACTOR] 0
[INTERACTOR → SOLUTION] 5
[INTERACTOR → SOLUTION] 2 0 5 2 1
[SOLUTION → INTERACTOR] 0
[INTERACTOR → SOLUTION] 8
[INTERACTOR → SOLUTION] 3 0 5 2 2
[SOLUTION → INTERACTOR] 0
[INTERACTOR → SOLUTION] 9
[INTERACTOR → SOLUTION] 3 0 6 2 2
[SOLUTION → INTERACTOR] 0
[INTERACTOR → SOLUTION] 7
[INTERACTOR → SOLUTION] 3 0 6 2 2
[SOLUTION → INTERACTOR] 0
[INTERACTOR → SOLUTION] 5
[INTERACTOR → SOLUTION] 3 0 6 3 2
[SOLUTION → INTERACTOR] 0
[INTERACTOR → SOLUTION] 8
[INTERACTOR → SOLUTION] 4 0 6 3 3
[SOLUTION → INTERACTOR] 1
[SOLUTION → INTERACTOR] UPGRADE_DC 14
[INTERACTOR → SOLUTION] 8
[INTERACTOR → SOLUTION] 5 0 6 1 2
[SOLUTION → INTERACTOR] 0
[INTERACTOR → SOLUTION] 6
[INTERACTOR → SOLUTION] 5 2 6 1 2
[SOLUTION → INTERACTOR] 2
[SOLUTION → INTERACTOR] BUILD_DC 25
[SOLUTION → INTERACTOR] BUILD_CABLE 26 29
[INTERACTOR → SOLUTION] 9
[INTERACTOR → SOLUTION] 3 0 8 0 2
[SOLUTION → INTERACTOR] 2
[SOLUTION → INTERACTOR] CONVERT 2 1
[SOLUTION → INTERACTOR] BUILD_CABLE 29 30
[INTERACTOR → SOLUTION] 7
[INTERACTOR → SOLUTION] 2 0 5 0 2
[SOLUTION → INTERACTOR] 0
[INTERACTOR → SOLUTION] 9
[INTERACTOR → SOLUTION] 2 0 8 0 2
[SOLUTION → INTERACTOR] 2
[SOLUTION → INTERACTOR] CONVERT 2 1
[SOLUTION → INTERACTOR] BUILD_CABLE 30 18
[INTERACTOR → SOLUTION] 3
[INTERACTOR → SOLUTION] 1 0 5 0 2
[SOLUTION → INTERACTOR] 0
[INTERACTOR → SOLUTION] 6
[INTERACTOR → SOLUTION] 1 2 6 0 2
[SOLUTION → INTERACTOR] 2
[SOLUTION → INTERACTOR] CONVERT 2 3
[SOLUTION → INTERACTOR] BUILD_DC 29
[INTERACTOR → SOLUTION] 5
[INTERACTOR → SOLUTION] 0 1 2 1 2
[SOLUTION → INTERACTOR] 0
[INTERACTOR → SOLUTION] 7
[INTERACTOR → SOLUTION] 0 1 2 1 2
[SOLUTION → INTERACTOR] 0
[INTERACTOR → SOLUTION] 3
[INTERACTOR → SOLUTION] 0 1 2 1 2
[SOLUTION → INTERACTOR] 0
[INTERACTOR → SOLUTION] 10
[INTERACTOR → SOLUTION] 0 1 2 1 2
[SOLUTION → INTERACTOR] 0
[INTERACTOR → SOLUTION] 8
[INTERACTOR → SOLUTION] 1 1 2 1 5
[SOLUTION → INTERACTOR] 1
[SOLUTION → INTERACTOR] BUILD_DC 18
[INTERACTOR → SOLUTION] 11
[INTERACTOR → SOLUTION] 0 0 1 0 5
[SOLUTION → INTERACTOR] 0
[INTERACTOR → SOLUTION] 8
[INTERACTOR → SOLUTION] 1 0 1 0 9
[SOLUTION → INTERACTOR] 1
[SOLUTION → INTERACTOR] CONVERT 4 3
[INTERACTOR → SOLUTION] 6
[INTERACTOR → SOLUTION] 1 2 3 1 6
[SOLUTION → INTERACTOR] 0
[INTERACTOR → SOLUTION] 10
[INTERACTOR → SOLUTION] 1 2 3 1 6
[SOLUTION → INTERACTOR] 0
[INTERACTOR → SOLUTION] 12
[INTERACTOR → SOLUTION] 1 2 3 1 6
[SOLUTION → INTERACTOR] 0
[INTERACTOR → SOLUTION] 37
[INTERACTOR → SOLUTION] 0 4 25 26 14 17 27 28
[INTERACTOR → SOLUTION] 3 12 38 39 29 26 25 40
[INTERACTOR → SOLUTION] 2 2 47 48 41 39 38 49
[INTERACTOR → SOLUTION] 5 0 14 15 0 5 16 17
[INTERACTOR → SOLUTION] 0 3 29 30 18 15 14 26
[INTERACTOR → SOLUTION] 3 5 41 42 31 30 29 39
[INTERACTOR → SOLUTION] 3 5 50 51 43 42 41 48
[INTERACTOR → SOLUTION] 2 10 0 1 2 3 4 5
[INTERACTOR → SOLUTION] 2 6 18 19 6 1 0 15
[INTERACTOR → SOLUTION] 1 10 31 32 20 19 18 30
[INTERACTOR → SOLUTION] 4 8 43 44 33 32 31 42
[INTERACTOR → SOLUTION] 0 9 52 53 45 44 43 51
[INTERACTOR → SOLUTION] 1 3 6 7 8 9 2 1
[INTERACTOR → SOLUTION] 4 9 20 21 10 7 6 19
[INTERACTOR → SOLUTION] 3 11 33 34 22 21 20 32
[INTERACTOR → SOLUTION] 0 4 45 46 35 34 33 44
[INTERACTOR → SOLUTION] 2 11 10 11 12 13 8 7
[INTERACTOR → SOLUTION] 4 8 22 23 24 11 10 21
[INTERACTOR → SOLUTION] 1 6 35 36 37 23 22 34
[INTERACTOR → SOLUTION] C0 2 8 9
[INTERACTOR → SOLUTION] C1 2 16 17
[INTERACTOR → SOLUTION] C2 2 45 46
[INTERACTOR → SOLUTION] C3 2 25 40
[INTERACTOR → SOLUTION] C4 2 47 49
[INTERACTOR → SOLUTION] C31 8 11 12 51 52 2 3 23 37
[SOLUTION → INTERACTOR] START
[SOLUTION → INTERACTOR] BUILD_DC 18
[SOLUTION → INTERACTOR] BUILD_DC 43
[SOLUTION → INTERACTOR] BUILD_CABLE 18 19
[SOLUTION → INTERACTOR] BUILD_CABLE 43 42
[INTERACTOR → SOLUTION] 6
[INTERACTOR → SOLUTION] 0 0 1 0 0
[SOLUTION → INTERACTOR] 0
[INTERACTOR → SOLUTION] 5
[INTERACTOR → SOLUTION] 0 0 1 1 0
[SOLUTION → INTERACTOR] 0
[INTERACTOR → SOLUTION] 8
[INTERACTOR → SOLUTION] 0 0 1 1 1
[SOLUTION → INTERACTOR] 0
[INTERACTOR → SOLUTION] 10
[INTERACTOR → SOLUTION] 0 1 1 1 1
[SOLUTION → INTERACTOR] 0
[INTERACTOR → SOLUTION] 7
[INTERACTOR → SOLUTION] 0 1 1 1 1
[SOLUTION → INTERACTOR] 0
[INTERACTOR → SOLUTION] 5
[INTERACTOR → SOLUTION] 0 1 1 2 1
[SOLUTION → INTERACTOR] 0
[INTERACTOR → SOLUTION] 6
[INTERACTOR → SOLUTION] 0 1 2 2 1
[SOLUTION → INTERACTOR] 0
[INTERACTOR → SOLUTION] 4
[INTERACTOR → SOLUTION] 0 1 2 2 1
[SOLUTION → INTERACTOR] 0
[INTERACTOR → SOLUTION] 7
[INTERACTOR → SOLUTION] 0 1 2 2 1
[SOLUTION → INTERACTOR] 0
[INTERACTOR → SOLUTION] 7
[INTERACTOR → SOLUTION] 0 1 2 2 1
[SOLUTION → INTERACTOR] 0
[INTERACTOR → SOLUTION] 5
[INTERACTOR → SOLUTION] 0 1 2 3 1
[SOLUTION → INTERACTOR] 0
[INTERACTOR → SOLUTION] 7
[INTERACTOR → SOLUTION] 0 1 2 3 1
[SOLUTION → INTERACTOR] 0
[INTERACTOR → SOLUTION] 6
[INTERACTOR → SOLUTION] 0 1 3 3 1
[SOLUTION → INTERACTOR] 0
[INTERACTOR → SOLUTION] 7
[INTERACTOR → SOLUTION] 0 1 3 3 1
[SOLUTION → INTERACTOR] 0
[INTERACTOR → SOLUTION] 2
[INTERACTOR → SOLUTION] 0 1 3 3 1
[SOLUTION → INTERACTOR] 0
[INTERACTOR → SOLUTION] 5
[INTERACTOR → SOLUTION] 0 1 3 4 1
[SOLUTION → INTERACTOR] 0
[INTERACTOR → SOLUTION] 6
[INTERACTOR → SOLUTION] 0 1 4 4 1
[SOLUTION → INTERACTOR] 0
[INTERACTOR → SOLUTION] 6
[INTERACTOR → SOLUTION] 0 1 5 4 1
[SOLUTION → INTERACTOR] 0
[INTERACTOR → SOLUTION] 4
[INTERACTOR → SOLUTION] 0 1 5 4 1
[SOLUTION → INTERACTOR] 0
[INTERACTOR → SOLUTION] 4
[INTERACTOR → SOLUTION] 0 1 5 4 1
[SOLUTION → INTERACTOR] 0
[INTERACTOR → SOLUTION] 7
[INTERACTOR → SOLUTION] 0 1 5 4 1
[SOLUTION → INTERACTOR] 0
[INTERACTOR → SOLUTION] 5
[INTERACTOR → SOLUTION] 0 1 5 5 1
[SOLUTION → INTERACTOR] 0
[INTERACTOR → SOLUTION] 3
[INTERACTOR → SOLUTION] 1 1 5 5 1
[SOLUTION → INTERACTOR] 1
[SOLUTION → INTERACTOR] BUILD_CABLE 42 31
[INTERACTOR → SOLUTION] 12
[INTERACTOR → SOLUTION] 0 0 5 5 1
[SOLUTION → INTERACTOR] 0
[INTERACTOR → SOLUTION] 6
[INTERACTOR → SOLUTION] 0 0 6 5 1
[SOLUTION → INTERACTOR] 0
[INTERACTOR → SOLUTION] 8
[INTERACTOR → SOLUTION] 0 0 6 5 2
[SOLUTION → INTERACTOR] 0
[INTERACTOR → SOLUTION] 5
[INTERACTOR → SOLUTION] 0 0 6 6 2
[SOLUTION → INTERACTOR] 0
[INTERACTOR → SOLUTION] 5
[INTERACTOR → SOLUTION] 0 0 6 7 2
[SOLUTION → INTERACTOR] 0
[INTERACTOR → SOLUTION] 3
[INTERACTOR → SOLUTION] 1 0 6 7 2
[SOLUTION → INTERACTOR] 0
[INTERACTOR → SOLUTION] 9
[INTERACTOR → SOLUTION] 2 0 6 7 2
[SOLUTION → INTERACTOR] 0
[INTERACTOR → SOLUTION] 5
[INTERACTOR → SOLUTION] 2 0 6 8 2
[SOLUTION → INTERACTOR] 0
[INTERACTOR → SOLUTION] 7
[INTERACTOR → SOLUTION] 2 0 6 8 2
[SOLUTION → INTERACTOR] 0
[INTERACTOR → SOLUTION] 3
[INTERACTOR → SOLUTION] 3 0 6 8 2
[SOLUTION → INTERACTOR] 0
[INTERACTOR → SOLUTION] 9
[INTERACTOR → SOLUTION] 4 0 6 8 2
[SOLUTION → INTERACTOR] 0
[INTERACTOR → SOLUTION] 4
[INTERACTOR → SOLUTION] 4 0 6 8 2
[SOLUTION → INTERACTOR] 0
[INTERACTOR → SOLUTION] 7
[INTERACTOR → SOLUTION] 4 0 6 8 2
[SOLUTION → INTERACTOR] 0
[INTERACTOR → SOLUTION] 6
[INTERACTOR → SOLUTION] 4 0 7 8 2
[SOLUTION → INTERACTOR] 2
[SOLUTION → INTERACTOR] CONVERT 2 1
[SOLUTION → INTERACTOR] BUILD_DC 31
[INTERACTOR → SOLUTION] 40
[INTERACTOR → SOLUTION] 2 6 25 26 14 17 27 28
[INTERACTOR → SOLUTION] 3 3 38 39 29 26 25 40
[INTERACTOR → SOLUTION] 4 2 47 48 41 39 38 49
[INTERACTOR → SOLUTION] 0 11 14 15 0 5 16 17
[INTERACTOR → SOLUTION] 0 9 29 30 18 15 14 26
[INTERACTOR → SOLUTION] 0 8 41 42 31 30 29 39
[INTERACTOR → SOLUTION] 1 8 50 51 43 42 41 48
[INTERACTOR → SOLUTION] 1 12 0 1 2 3 4 5
[INTERACTOR → SOLUTION] 0 6 18 19 6 1 0 15
[INTERACTOR → SOLUTION] 2 5 31 32 20 19 18 30
[INTERACTOR → SOLUTION] 3 9 43 44 33 32 31 42
[INTERACTOR → SOLUTION] 3 4 52 53 45 44 43 51
[INTERACTOR → SOLUTION] 3 5 6 7 8 9 2 1
[INTERACTOR → SOLUTION] 4 10 20 21 10 7 6 19
[INTERACTOR → SOLUTION] 4 10 33 34 22 21 20 32
[INTERACTOR → SOLUTION] 2 11 45 46 35 34 33 44
[INTERACTOR → SOLUTION] 2 4 10 11 12 13 8 7
[INTERACTOR → SOLUTION] 1 3 22 23 24 11 10 21
[INTERACTOR → SOLUTION] 5 0 35 36 37 23 22 34
[INTERACTOR → SOLUTION] C0 2 38 49
[INTERACTOR → SOLUTION] C1 2 48 50
[INTERACTOR → SOLUTION] C2 2 11 24
[INTERACTOR → SOLUTION] C3 2 2 3
[INTERACTOR → SOLUTION] C4 2 8 9
[INTERACTOR → SOLUTION] C31 8 52 53 23 37 35 46 16 17
[SOLUTION → INTERACTOR] START
[SOLUTION → INTERACTOR] BUILD_DC 26
[SOLUTION → INTERACTOR] BUILD_DC 42
[SOLUTION → INTERACTOR] BUILD_CABLE 26 14
[SOLUTION → INTERACTOR] BUILD_CABLE 42 31
[INTERACTOR → SOLUTION] 9
[INTERACTOR → SOLUTION] 1 0 0 1 0
[SOLUTION → INTERACTOR] 0
[INTERACTOR → SOLUTION] 10
[INTERACTOR → SOLUTION] 1 0 0 1 0
[SOLUTION → INTERACTOR] 0
[INTERACTOR → SOLUTION] 10
[INTERACTOR → SOLUTION] 1 0 0 1 0
[SOLUTION → INTERACTOR] 0
[INTERACTOR → SOLUTION] 10
[INTERACTOR → SOLUTION] 1 0 0 1 0
[SOLUTION → INTERACTOR] 0
[INTERACTOR → SOLUTION] 8
[INTERACTOR → SOLUTION] 2 1 0 1 0
[SOLUTION → INTERACTOR] 1
[SOLUTION → INTERACTOR] BUILD_CABLE 14 17
[INTERACTOR → SOLUTION] 9
[INTERACTOR → SOLUTION] 2 0 0 2 0
[SOLUTION → INTERACTOR] 0
[INTERACTOR → SOLUTION] 5
[INTERACTOR → SOLUTION] 2 0 0 2 0
[SOLUTION → INTERACTOR] 0
[INTERACTOR → SOLUTION] 10
[INTERACTOR → SOLUTION] 2 0 0 2 0
[SOLUTION → INTERACTOR] 0
[INTERACTOR → SOLUTION] 7
[INTERACTOR → SOLUTION] 2 0 0 2 0
[SOLUTION → INTERACTOR] 0
[INTERACTOR → SOLUTION] 7
[INTERACTOR → SOLUTION] 2 0 0 2 0
[SOLUTION → INTERACTOR] 0
[INTERACTOR → SOLUTION] 4
[INTERACTOR → SOLUTION] 2 0 0 2 0
[SOLUTION → INTERACTOR] 0
[INTERACTOR → SOLUTION] 8
[INTERACTOR → SOLUTION] 3 1 0 2 0
[SOLUTION → INTERACTOR] 1
[SOLUTION → INTERACTOR] BUILD_CABLE 31 30
[INTERACTOR → SOLUTION] 6
[INTERACTOR → SOLUTION] 2 0 1 2 0
[SOLUTION → INTERACTOR] 0
[INTERACTOR → SOLUTION] 8
[INTERACTOR → SOLUTION] 3 1 1 2 0
[SOLUTION → INTERACTOR] 1
[SOLUTION → INTERACTOR] BUILD_DC 30
[INTERACTOR → SOLUTION] 3
[INTERACTOR → SOLUTION] 2 0 0 2 0
[SOLUTION → INTERACTOR] 0
[INTERACTOR → SOLUTION] 9
[INTERACTOR → SOLUTION] 4 0 0 3 0
[SOLUTION → INTERACTOR] 0
[INTERACTOR → SOLUTION] 8
[INTERACTOR → SOLUTION] 6 1 0 3 0
[SOLUTION → INTERACTOR] 1
[SOLUTION → INTERACTOR] BUILD_CABLE 17 16
[INTERACTOR → SOLUTION] 7
[INTERACTOR → SOLUTION] 5 0 0 3 0
[SOLUTION → INTERACTOR] 0
[INTERACTOR → SOLUTION] 8
[INTERACTOR → SOLUTION] 7 1 0 3 0
[SOLUTION → INTERACTOR] 2
[SOLUTION → INTERACTOR] CONVERT 0 2
[SOLUTION → INTERACTOR] BUILD_DC 17
[INTERACTOR → SOLUTION] 6
[INTERACTOR → SOLUTION] 2 0 2 2 0
[SOLUTION → INTERACTOR] 0
[INTERACTOR → SOLUTION] 4
[INTERACTOR → SOLUTION] 2 0 2 2 0
[SOLUTION → INTERACTOR] 0
[INTERACTOR → SOLUTION] 11
[INTERACTOR → SOLUTION] 3 0 2 2 0
[SOLUTION → INTERACTOR] 0
[INTERACTOR → SOLUTION] 7
[INTERACTOR → SOLUTION] 3 0 2 2 0
[SOLUTION → INTERACTOR] 0
[INTERACTOR → SOLUTION] 5
[INTERACTOR → SOLUTION] 3 0 3 2 0
[SOLUTION → INTERACTOR] 0
[INTERACTOR → SOLUTION] 4
[INTERACTOR → SOLUTION] 3 0 3 2 0
[SOLUTION → INTERACTOR] 0
[INTERACTOR → SOLUTION] 4
[INTERACTOR → SOLUTION] 3 0 3 2 0
[SOLUTION → INTERACTOR] 0
[INTERACTOR → SOLUTION] 2
[INTERACTOR → SOLUTION] 3 0 3 2 0
[SOLUTION → INTERACTOR] 0
[INTERACTOR → SOLUTION] 7
[INTERACTOR → SOLUTION] 3 0 3 2 0
[SOLUTION → INTERACTOR] 0
[INTERACTOR → SOLUTION] 4
[INTERACTOR → SOLUTION] 3 0 3 2 0
[SOLUTION → INTERACTOR] 0
[INTERACTOR → SOLUTION] 11
[INTERACTOR → SOLUTION] 4 0 3 2 0
[SOLUTION → INTERACTOR] 0
[INTERACTOR → SOLUTION] 9
[INTERACTOR → SOLUTION] 6 0 3 3 0
[SOLUTION → INTERACTOR] 1
[SOLUTION → INTERACTOR] CONVERT 0 1
[INTERACTOR → SOLUTION] 7
[INTERACTOR → SOLUTION] 3 1 3 3 0
[SOLUTION → INTERACTOR] 0
[INTERACTOR → SOLUTION] 6
[INTERACTOR → SOLUTION] 3 1 5 3 0
[SOLUTION → INTERACTOR] 0
[INTERACTOR → SOLUTION] 11
[INTERACTOR → SOLUTION] 4 1 5 3 0
[SOLUTION → INTERACTOR] 0
[INTERACTOR → SOLUTION] 9
[INTERACTOR → SOLUTION] 6 1 5 4 0
[SOLUTION → INTERACTOR] 0
[INTERACTOR → SOLUTION] 6
[INTERACTOR → SOLUTION] 6 1 7 4 0
[SOLUTION → INTERACTOR] 0
[INTERACTOR → SOLUTION] 5
[INTERACTOR → SOLUTION] 6 1 8 4 0
[SOLUTION → INTERACTOR] 0
[INTERACTOR → SOLUTION] 7
[INTERACTOR → SOLUTION] 6 1 8 4 0
[SOLUTION → INTERACTOR] 0
[INTERACTOR → SOLUTION] 10
[INTERACTOR → SOLUTION] 6 1 8 4 0
[SOLUTION → INTERACTOR] 0
[INTERACTOR → SOLUTION] 7
[INTERACTOR → SOLUTION] 6 1 8 4 0
[SOLUTION → INTERACTOR] 0
[INTERACTOR → SOLUTION] 37
[INTERACTOR → SOLUTION] 3 6 25 26 14 17 27 28
[INTERACTOR → SOLUTION] 0 11 38 39 29 26 25 40
[INTERACTOR → SOLUTION] 2 3 47 48 41 39 38 49
[INTERACTOR → SOLUTION] 4 10 14 15 0 5 16 17
[INTERACTOR → SOLUTION] 2 12 29 30 18 15 14 26
[INTERACTOR → SOLUTION] 2 4 41 42 31 30 29 39
[INTERACTOR → SOLUTION] 3 8 50 51 43 42 41 48
[INTERACTOR → SOLUTION] 3 3 0 1 2 3 4 5
[INTERACTOR → SOLUTION] 0 2 18 19 6 1 0 15
[INTERACTOR → SOLUTION] 1 4 31 32 20 19 18 30
[INTERACTOR → SOLUTION] 4 5 43 44 33 32 31 42
[INTERACTOR → SOLUTION] 3 11 52 53 45 44 43 51
[INTERACTOR → SOLUTION] 0 8 6 7 8 9 2 1
[INTERACTOR → SOLUTION] 0 10 20 21 10 7 6 19
[INTERACTOR → SOLUTION] 2 9 33 34 22 21 20 32
[INTERACTOR → SOLUTION] 1 6 45 46 35 34 33 44
[INTERACTOR → SOLUTION] 1 5 10 11 12 13 8 7
[INTERACTOR → SOLUTION] 5 0 22 23 24 11 10 21
[INTERACTOR → SOLUTION] 4 9 35 36 37 23 22 34
[INTERACTOR → SOLUTION] C0 2 8 13
[INTERACTOR → SOLUTION] C1 2 27 28
[INTERACTOR → SOLUTION] C2 2 3 4
[INTERACTOR → SOLUTION] C3 2 52 53
[INTERACTOR → SOLUTION] C4 2 45 46
[INTERACTOR → SOLUTION] C31 8 2 9 38 49 35 36 25 40
[SOLUTION → INTERACTOR] START
[SOLUTION → INTERACTOR] BUILD_DC 7
[SOLUTION → INTERACTOR] BUILD_DC 41
[SOLUTION → INTERACTOR] BUILD_CABLE 7 6
[SOLUTION → INTERACTOR] BUILD_CABLE 41 42
[INTERACTOR → SOLUTION] 6
[INTERACTOR → SOLUTION] 0 0 0 0 0
[SOLUTION → INTERACTOR] 0
[INTERACTOR → SOLUTION] 8
[INTERACTOR → SOLUTION] 1 0 0 1 0
[SOLUTION → INTERACTOR] 0
[INTERACTOR → SOLUTION] 6
[INTERACTOR → SOLUTION] 1 0 0 1 0
[SOLUTION → INTERACTOR] 0
[INTERACTOR → SOLUTION] 4
[INTERACTOR → SOLUTION] 1 0 1 1 0
[SOLUTION → INTERACTOR] 0
[INTERACTOR → SOLUTION] 8
[INTERACTOR → SOLUTION] 2 0 1 2 0
[SOLUTION → INTERACTOR] 0
[INTERACTOR → SOLUTION] 5
[INTERACTOR → SOLUTION] 2 1 1 2 0
[SOLUTION → INTERACTOR] 1
[SOLUTION → INTERACTOR] BUILD_CABLE 42 43
[INTERACTOR → SOLUTION] 9
[INTERACTOR → SOLUTION] 1 0 1 2 0
[SOLUTION → INTERACTOR] 0
[INTERACTOR → SOLUTION] 8
[INTERACTOR → SOLUTION] 2 0 1 3 0
[SOLUTION → INTERACTOR] 0
[INTERACTOR → SOLUTION] 3
[INTERACTOR → SOLUTION] 2 0 2 3 0
[SOLUTION → INTERACTOR] 0
[INTERACTOR → SOLUTION] 7
[INTERACTOR → SOLUTION] 2 0 2 3 0
[SOLUTION → INTERACTOR] 0
[INTERACTOR → SOLUTION] 9
[INTERACTOR → SOLUTION] 2 0 2 3 0
[SOLUTION → INTERACTOR] 0
[INTERACTOR → SOLUTION] 6
[INTERACTOR → SOLUTION] 2 0 2 3 0
[SOLUTION → INTERACTOR] 0
[INTERACTOR → SOLUTION] 9
[INTERACTOR → SOLUTION] 2 0 2 3 0
[SOLUTION → INTERACTOR] 0
[INTERACTOR → SOLUTION] 8
[INTERACTOR → SOLUTION] 3 0 2 4 0
[SOLUTION → INTERACTOR] 0
[INTERACTOR → SOLUTION] 5
[INTERACTOR → SOLUTION] 3 1 2 4 0
[SOLUTION → INTERACTOR] 1
[SOLUTION → INTERACTOR] BUILD_DC 43
[INTERACTOR → SOLUTION] 9
[INTERACTOR → SOLUTION] 2 0 1 3 0
[SOLUTION → INTERACTOR] 0
[INTERACTOR → SOLUTION] 4
[INTERACTOR → SOLUTION] 2 0 2 3 0
[SOLUTION → INTERACTOR] 0
[INTERACTOR → SOLUTION] 9
[INTERACTOR → SOLUTION] 2 0 2 3 0
[SOLUTION → INTERACTOR] 0
[INTERACTOR → SOLUTION] 5
[INTERACTOR → SOLUTION] 2 1 2 3 1
[SOLUTION → INTERACTOR] 1
[SOLUTION → INTERACTOR] BUILD_CABLE 42 31
[INTERACTOR → SOLUTION] 10
[INTERACTOR → SOLUTION] 2 0 2 3 1
[SOLUTION → INTERACTOR] 0
[INTERACTOR → SOLUTION] 6
[INTERACTOR → SOLUTION] 2 0 2 3 1
[SOLUTION → INTERACTOR] 0
[INTERACTOR → SOLUTION] 8
[INTERACTOR → SOLUTION] 3 0 2 5 1
[SOLUTION → INTERACTOR] 0
[INTERACTOR → SOLUTION] 9
[INTERACTOR → SOLUTION] 3 0 2 5 1
[SOLUTION → INTERACTOR] 0
[INTERACTOR → SOLUTION] 8
[INTERACTOR → SOLUTION] 4 0 2 7 1
[SOLUTION → INTERACTOR] 0
[INTERACTOR → SOLUTION] 10
[INTERACTOR → SOLUTION] 5 0 2 7 1
[SOLUTION → INTERACTOR] 0
[INTERACTOR → SOLUTION] 5
[INTERACTOR → SOLUTION] 5 1 2 7 2
[SOLUTION → INTERACTOR] 1
[SOLUTION → INTERACTOR] BUILD_DC 31
[INTERACTOR → SOLUTION] 7
[INTERACTOR → SOLUTION] 4 0 1 6 2
[SOLUTION → INTERACTOR] 0
[INTERACTOR → SOLUTION] 3
[INTERACTOR → SOLUTION] 4 0 2 6 2
[SOLUTION → INTERACTOR] 0
[INTERACTOR → SOLUTION] 8
[INTERACTOR → SOLUTION] 5 0 2 8 2
[SOLUTION → INTERACTOR] 0
[INTERACTOR → SOLUTION] 8
[INTERACTOR → SOLUTION] 6 0 2 10 2
[SOLUTION → INTERACTOR] 0
[INTERACTOR → SOLUTION] 4
[INTERACTOR → SOLUTION] 6 1 4 10 2
[SOLUTION → INTERACTOR] 0
[INTERACTOR → SOLUTION] 6
[INTERACTOR → SOLUTION] 6 1 4 10 2
[SOLUTION → INTERACTOR] 0
[INTERACTOR → SOLUTION] 7
[INTERACTOR → SOLUTION] 6 1 4 10 2
[SOLUTION → INTERACTOR] 0
[INTERACTOR → SOLUTION] 8
[INTERACTOR → SOLUTION] 7 1 4 12 2
[SOLUTION → INTERACTOR] 0
[INTERACTOR → SOLUTION] 7
[INTERACTOR → SOLUTION] 7 1 4 12 2
[SOLUTION → INTERACTOR] 0
[INTERACTOR → SOLUTION] 7
[INTERACTOR → SOLUTION] 7 1 4 12 2
[SOLUTION → INTERACTOR] 0
[INTERACTOR → SOLUTION] 4
[INTERACTOR → SOLUTION] 7 2 6 12 2
[SOLUTION → INTERACTOR] 0
[INTERACTOR → SOLUTION] 37
[INTERACTOR → SOLUTION] 2 9 25 26 14 17 27 28
[INTERACTOR → SOLUTION] 1 4 38 39 29 26 25 40
[INTERACTOR → SOLUTION] 5 0 47 48 41 39 38 49
[INTERACTOR → SOLUTION] 1 10 14 15 0 5 16 17
[INTERACTOR → SOLUTION] 0 2 29 30 18 15 14 26
[INTERACTOR → SOLUTION] 2 3 41 42 31 30 29 39
[INTERACTOR → SOLUTION] 3 8 50 51 43 42 41 48
[INTERACTOR → SOLUTION] 0 5 0 1 2 3 4 5
[INTERACTOR → SOLUTION] 0 8 18 19 6 1 0 15
[INTERACTOR → SOLUTION] 3 11 31 32 20 19 18 30
[INTERACTOR → SOLUTION] 1 4 43 44 33 32 31 42
[INTERACTOR → SOLUTION] 4 5 52 53 45 44 43 51
[INTERACTOR → SOLUTION] 3 12 6 7 8 9 2 1
[INTERACTOR → SOLUTION] 4 6 20 21 10 7 6 19
[INTERACTOR → SOLUTION] 3 11 33 34 22 21 20 32
[INTERACTOR → SOLUTION] 4 6 45 46 35 34 33 44
[INTERACTOR → SOLUTION] 0 10 10 11 12 13 8 7
[INTERACTOR → SOLUTION] 2 3 22 23 24 11 10 21
[INTERACTOR → SOLUTION] 2 9 35 36 37 23 22 34
[INTERACTOR → SOLUTION] C0 2 12 13
[INTERACTOR → SOLUTION] C1 2 50 51
[INTERACTOR → SOLUTION] C2 2 45 46
[INTERACTOR → SOLUTION] C3 2 2 3
[INTERACTOR → SOLUTION] C4 2 38 40
[INTERACTOR → SOLUTION] C31 8 23 37 17 27 11 24 47 49
[SOLUTION → INTERACTOR] START
[SOLUTION → INTERACTOR] BUILD_DC 10
[SOLUTION → INTERACTOR] BUILD_DC 42
[SOLUTION → INTERACTOR] BUILD_CABLE 10 7
[SOLUTION → INTERACTOR] BUILD_CABLE 42 43
[INTERACTOR → SOLUTION] 6
[INTERACTOR → SOLUTION] 0 0 0 0 1
[SOLUTION → INTERACTOR] 0
[INTERACTOR → SOLUTION] 4
[INTERACTOR → SOLUTION] 0 1 0 0 1
[SOLUTION → INTERACTOR] 0
[INTERACTOR → SOLUTION] 8
[INTERACTOR → SOLUTION] 0 1 0 1 1
[SOLUTION → INTERACTOR] 0
[INTERACTOR → SOLUTION] 6
[INTERACTOR → SOLUTION] 0 1 0 1 2
[SOLUTION → INTERACTOR] 0
[INTERACTOR → SOLUTION] 8
[INTERACTOR → SOLUTION] 0 1 0 2 2
[SOLUTION → INTERACTOR] 0
[INTERACTOR → SOLUTION] 6
[INTERACTOR → SOLUTION] 0 1 0 2 3
[SOLUTION → INTERACTOR] 1
[SOLUTION → INTERACTOR] UPGRADE_DC 10
[INTERACTOR → SOLUTION] 3
[INTERACTOR → SOLUTION] 0 1 3 0 0
[SOLUTION → INTERACTOR] 0
[INTERACTOR → SOLUTION] 7
[INTERACTOR → SOLUTION] 0 1 3 0 0
[SOLUTION → INTERACTOR] 0
[INTERACTOR → SOLUTION] 7
[INTERACTOR → SOLUTION] 0 1 3 0 0
[SOLUTION → INTERACTOR] 0
[INTERACTOR → SOLUTION] 8
[INTERACTOR → SOLUTION] 0 1 3 1 0
[SOLUTION → INTERACTOR] 0
[INTERACTOR → SOLUTION] 5
[INTERACTOR → SOLUTION] 0 1 3 1 0
[SOLUTION → INTERACTOR] 0
[INTERACTOR → SOLUTION] 6
[INTERACTOR → SOLUTION] 0 1 3 1 2
[SOLUTION → INTERACTOR] 0
[INTERACTOR → SOLUTION] 7
[INTERACTOR → SOLUTION] 0 1 3 1 2
[SOLUTION → INTERACTOR] 0
[INTERACTOR → SOLUTION] 7
[INTERACTOR → SOLUTION] 0 1 3 1 2
[SOLUTION → INTERACTOR] 0
[INTERACTOR → SOLUTION] 11
[INTERACTOR → SOLUTION] 0 1 3 1 2
[SOLUTION → INTERACTOR] 0
[INTERACTOR → SOLUTION] 8
[INTERACTOR → SOLUTION] 0 1 3 2 2
[SOLUTION → INTERACTOR] 0
[INTERACTOR → SOLUTION] 6
[INTERACTOR → SOLUTION] 0 1 3 2 4
[SOLUTION → INTERACTOR] 1
[SOLUTION → INTERACTOR] UPGRADE_DC 42
[INTERACTOR → SOLUTION] 8
[INTERACTOR → SOLUTION] 0 1 3 2 1
[SOLUTION → INTERACTOR] 0
[INTERACTOR → SOLUTION] 7
[INTERACTOR → SOLUTION] 0 1 3 2 1
[SOLUTION → INTERACTOR] 0
[INTERACTOR → SOLUTION] 5
[INTERACTOR → SOLUTION] 0 1 3 2 1
[SOLUTION → INTERACTOR] 0
[INTERACTOR → SOLUTION] 2
[INTERACTOR → SOLUTION] 0 1 3 2 1
[SOLUTION → INTERACTOR] 0
[INTERACTOR → SOLUTION] 7
[INTERACTOR → SOLUTION] 0 1 3 2 1
[SOLUTION → INTERACTOR] 0
[INTERACTOR → SOLUTION] 7
[INTERACTOR → SOLUTION] 0 1 3 2 1
[SOLUTION → INTERACTOR] 0
[INTERACTOR → SOLUTION] 5
[INTERACTOR → SOLUTION] 0 1 3 2 1
[SOLUTION → INTERACTOR] 0
[INTERACTOR → SOLUTION] 5
[INTERACTOR → SOLUTION] 0 1 3 2 1
[SOLUTION → INTERACTOR] 0
[INTERACTOR → SOLUTION] 10
[INTERACTOR → SOLUTION] 2 1 3 2 1
[SOLUTION → INTERACTOR] 1
[SOLUTION → INTERACTOR] BUILD_CABLE 43 44
[INTERACTOR → SOLUTION] 3
[INTERACTOR → SOLUTION] 1 0 7 2 1
[SOLUTION → INTERACTOR] 2
[SOLUTION → INTERACTOR] CONVERT 2 1
[SOLUTION → INTERACTOR] BUILD_DC 44
[INTERACTOR → SOLUTION] 8
[INTERACTOR → SOLUTION] 0 0 2 3 1
[SOLUTION → INTERACTOR] 0
[INTERACTOR → SOLUTION] 9
[INTERACTOR → SOLUTION] 0 0 2 3 1
[SOLUTION → INTERACTOR] 0
[INTERACTOR → SOLUTION] 4
[INTERACTOR → SOLUTION] 0 3 2 3 1
[SOLUTION → INTERACTOR] 0
[INTERACTOR → SOLUTION] 9
[INTERACTOR → SOLUTION] 0 3 2 3 1
[SOLUTION → INTERACTOR] 0
[INTERACTOR → SOLUTION] 6
[INTERACTOR → SOLUTION] 0 3 2 3 4
[SOLUTION → INTERACTOR] 1
[SOLUTION → INTERACTOR] UPGRADE_DC 44
[INTERACTOR → SOLUTION] 4
[INTERACTOR → SOLUTION] 0 7 2 1 1
[SOLUTION → INTERACTOR] 1
[SOLUTION → INTERACTOR] CONVERT 1 0
[INTERACTOR → SOLUTION] 5
[INTERACTOR → SOLUTION] 1 3 2 1 3
[SOLUTION → INTERACTOR] 0
[INTERACTOR → SOLUTION] 5
[INTERACTOR → SOLUTION] 1 3 2 1 5
[SOLUTION → INTERACTOR] 0
[INTERACTOR → SOLUTION] 8
[INTERACTOR → SOLUTION] 1 3 2 3 5
[SOLUTION → INTERACTOR] 1
[SOLUTION → INTERACTOR] UPGRADE_DC 44
[INTERACTOR → SOLUTION] 7
[INTERACTOR → SOLUTION] 1 3 2 0 1
[SOLUTION → INTERACTOR] 0
[INTERACTOR → SOLUTION] 50
[INTERACTOR → SOLUTION] 0 2 25 26 14 17 27 28
[INTERACTOR → SOLUTION] 1 4 38 39 29 26 25 40
[INTERACTOR → SOLUTION] 3 10 47 48 41 39 38 49
[INTERACTOR → SOLUTION] 0 8 14 15 0 5 16 17
[INTERACTOR → SOLUTION] 2 10 29 30 18 15 14 26
[INTERACTOR → SOLUTION] 4 8 41 42 31 30 29 39
[INTERACTOR → SOLUTION] 2 11 50 51 43 42 41 48
[INTERACTOR → SOLUTION] 3 5 0 1 2 3 4 5
[INTERACTOR → SOLUTION] 2 4 18 19 6 1 0 15
[INTERACTOR → SOLUTION] 3 3 31 32 20 19 18 30
[INTERACTOR → SOLUTION] 0 9 43 44 33 32 31 42
[INTERACTOR → SOLUTION] 5 0 52 53 45 44 43 51
[INTERACTOR → SOLUTION] 1 6 6 7 8 9 2 1
[INTERACTOR → SOLUTION] 2 9 20 21 10 7 6 19
[INTERACTOR → SOLUTION] 3 5 33 34 22 21 20 32
[INTERACTOR → SOLUTION] 4 6 45 46 35 34 33 44
[INTERACTOR → SOLUTION] 0 12 10 11 12 13 8 7
[INTERACTOR → SOLUTION] 4 11 22 23 24 11 10 21
[INTERACTOR → SOLUTION] 1 3 35 36 37 23 22 34
[INTERACTOR → SOLUTION] C0 2 51 52
[INTERACTOR → SOLUTION] C1 2 23 24
[INTERACTOR → SOLUTION] C2 2 25 40
[INTERACTOR → SOLUTION] C3 2 11 12
[INTERACTOR → SOLUTION] C4 2 27 28
[INTERACTOR → SOLUTION] C31 8 16 17 47 49 4 5 45 46
[SOLUTION → INTERACTOR] START
[SOLUTION → INTERACTOR] BUILD_DC 0
[SOLUTION → INTERACTOR] BUILD_DC 6
[SOLUTION → INTERACTOR] BUILD_CABLE 0 1
[SOLUTION → INTERACTOR] BUILD_CABLE 6 1
[INTERACTOR → SOLUTION] 6
[INTERACTOR → SOLUTION] 0 1 0 0 0
[SOLUTION → INTERACTOR] 0
[INTERACTOR → SOLUTION] 7
[INTERACTOR → SOLUTION] 0 1 0 0 0
[SOLUTION → INTERACTOR] 0
[INTERACTOR → SOLUTION] 9
[INTERACTOR → SOLUTION] 0 1 1 0 0
[SOLUTION → INTERACTOR] 0
[INTERACTOR → SOLUTION] 5
[INTERACTOR → SOLUTION] 0 1 1 1 0
[SOLUTION → INTERACTOR] 0
[INTERACTOR → SOLUTION] 7
[INTERACTOR → SOLUTION] 0 1 1 1 0
[SOLUTION → INTERACTOR] 0
[INTERACTOR → SOLUTION] 12
[INTERACTOR → SOLUTION] 0 1 1 1 0
[SOLUTION → INTERACTOR] 0
[INTERACTOR → SOLUTION] 4
[INTERACTOR → SOLUTION] 0 1 3 1 0
[SOLUTION → INTERACTOR] 0
[INTERACTOR → SOLUTION] 7
[INTERACTOR → SOLUTION] 0 1 3 1 0
[SOLUTION → INTERACTOR] 0
[INTERACTOR → SOLUTION] 6
[INTERACTOR → SOLUTION] 0 2 3 1 0
[SOLUTION → INTERACTOR] 0
[INTERACTOR → SOLUTION] 7
[INTERACTOR → SOLUTION] 0 2 3 1 0
[SOLUTION → INTERACTOR] 0
[INTERACTOR → SOLUTION] 7
[INTERACTOR → SOLUTION] 0 2 3 1 0
[SOLUTION → INTERACTOR] 0
[INTERACTOR → SOLUTION] 8
[INTERACTOR → SOLUTION] 1 2 3 1 0
[SOLUTION → INTERACTOR] 1
[SOLUTION → INTERACTOR] BUILD_CABLE 1 2
[INTERACTOR → SOLUTION] 7
[INTERACTOR → SOLUTION] 0 1 3 1 0
[SOLUTION → INTERACTOR] 0
[INTERACTOR → SOLUTION] 12
[INTERACTOR → SOLUTION] 0 1 3 1 0
[SOLUTION → INTERACTOR] 0
[INTERACTOR → SOLUTION] 4
[INTERACTOR → SOLUTION] 0 1 5 1 0
[SOLUTION → INTERACTOR] 0
[INTERACTOR → SOLUTION] 4
[INTERACTOR → SOLUTION] 0 1 7 1 0
[SOLUTION → INTERACTOR] 2
[SOLUTION → INTERACTOR] CONVERT 2 0
[SOLUTION → INTERACTOR] BUILD_DC 2
[INTERACTOR → SOLUTION] 4
[INTERACTOR → SOLUTION] 0 0 4 0 0
[SOLUTION → INTERACTOR] 0
[INTERACTOR → SOLUTION] 11
[INTERACTOR → SOLUTION] 0 0 4 0 0
[SOLUTION → INTERACTOR] 0
[INTERACTOR → SOLUTION] 7
[INTERACTOR → SOLUTION] 0 0 4 0 0
[SOLUTION → INTERACTOR] 0
[INTERACTOR → SOLUTION] 5
[INTERACTOR → SOLUTION] 0 0 4 2 0
[SOLUTION → INTERACTOR] 0
[INTERACTOR → SOLUTION] 3
[INTERACTOR → SOLUTION] 0 0 4 2 0
[SOLUTION → INTERACTOR] 0
[INTERACTOR → SOLUTION] 7
[INTERACTOR → SOLUTION] 0 0 4 2 0
[SOLUTION → INTERACTOR] 0
[INTERACTOR → SOLUTION] 9
[INTERACTOR → SOLUTION] 0 0 5 2 0
[SOLUTION → INTERACTOR] 0
[INTERACTOR → SOLUTION] 12
[INTERACTOR → SOLUTION] 0 0 5 2 0
[SOLUTION → INTERACTOR] 0
[INTERACTOR → SOLUTION] 4
[INTERACTOR → SOLUTION] 0 0 7 2 0
[SOLUTION → INTERACTOR] 1
[SOLUTION → INTERACTOR] CONVERT 2 0
[INTERACTOR → SOLUTION] 4
[INTERACTOR → SOLUTION] 1 0 5 2 0
[SOLUTION → INTERACTOR] 0
[INTERACTOR → SOLUTION] 7
[INTERACTOR → SOLUTION] 1 0 5 2 0
[SOLUTION → INTERACTOR] 0
[INTERACTOR → SOLUTION] 8
[INTERACTOR → SOLUTION] 2 0 5 2 0
[SOLUTION → INTERACTOR] 0
[INTERACTOR → SOLUTION] 11
[INTERACTOR → SOLUTION] 2 0 5 2 0
[SOLUTION → INTERACTOR] 0
[INTERACTOR → SOLUTION] 10
[INTERACTOR → SOLUTION] 2 0 5 2 0
[SOLUTION → INTERACTOR] 0
[INTERACTOR → SOLUTION] 8
[INTERACTOR → SOLUTION] 3 0 5 2 0
[SOLUTION → INTERACTOR] 0
[INTERACTOR → SOLUTION] 6
[INTERACTOR → SOLUTION] 3 2 5 2 0
[SOLUTION → INTERACTOR] 2
[SOLUTION → INTERACTOR] BUILD_CABLE 0 5
[SOLUTION → INTERACTOR] BUILD_CABLE 5 16
[INTERACTOR → SOLUTION] 4
[INTERACTOR → SOLUTION] 1 0 7 2 0
[SOLUTION → INTERACTOR] 2
[SOLUTION → INTERACTOR] CONVERT 2 1
[SOLUTION → INTERACTOR] BUILD_DC 16
[INTERACTOR → SOLUTION] 5
[INTERACTOR → SOLUTION] 0 0 2 3 0
[SOLUTION → INTERACTOR] 0
[INTERACTOR → SOLUTION] 6
[INTERACTOR → SOLUTION] 0 2 2 3 0
[SOLUTION → INTERACTOR] 0
[INTERACTOR → SOLUTION] 7
[INTERACTOR → SOLUTION] 0 2 2 3 0
[SOLUTION → INTERACTOR] 0
[INTERACTOR → SOLUTION] 7
[INTERACTOR → SOLUTION] 0 2 2 3 0
[SOLUTION → INTERACTOR] 0
[INTERACTOR → SOLUTION] 7
[INTERACTOR → SOLUTION] 0 2 2 3 0
[SOLUTION → INTERACTOR] 0
[INTERACTOR → SOLUTION] 8
[INTERACTOR → SOLUTION] 2 2 2 3 0
[SOLUTION → INTERACTOR] 2
[SOLUTION → INTERACTOR] BUILD_CABLE 5 4
[SOLUTION → INTERACTOR] BUILD_DC 4
[INTERACTOR → SOLUTION] 8
[INTERACTOR → SOLUTION] 2 0 1 2 0
[SOLUTION → INTERACTOR] 0
[INTERACTOR → SOLUTION] 8
[INTERACTOR → SOLUTION] 4 0 1 2 0
[SOLUTION → INTERACTOR] 0
[INTERACTOR → SOLUTION] 8
[INTERACTOR → SOLUTION] 6 0 1 2 0
[SOLUTION → INTERACTOR] 1
[SOLUTION → INTERACTOR] CONVERT 0 1
[INTERACTOR → SOLUTION] 11
[INTERACTOR → SOLUTION] 3 1 1 2 0
[SOLUTION → INTERACTOR] 0
[INTERACTOR → SOLUTION] 11
[INTERACTOR → SOLUTION] 3 1 1 2 0
[SOLUTION → INTERACTOR] 0
[INTERACTOR → SOLUTION] 6
[INTERACTOR → SOLUTION] 3 3 1 2 0
[SOLUTION → INTERACTOR] 0
[INTERACTOR → SOLUTION] 9
[INTERACTOR → SOLUTION] 3 3 2 2 0
[SOLUTION → INTERACTOR] 0
[INTERACTOR → SOLUTION] 10
[INTERACTOR → SOLUTION] 3 3 2 2 0
[SOLUTION → INTERACTOR] 0
[INTERACTOR → SOLUTION] 9
[INTERACTOR → SOLUTION] 3 3 3 2 0
[SOLUTION → INTERACTOR] 0
[INTERACTOR → SOLUTION] 5
[INTERACTOR → SOLUTION] 3 3 3 5 0
[SOLUTION → INTERACTOR] 0
[INTERACTOR → SOLUTION] 8
[INTERACTOR → SOLUTION] 5 3 3 5 0
[SOLUTION → INTERACTOR] 0
[INTERACTOR → SOLUTION] 33
[INTERACTOR → SOLUTION] 0 6 25 26 14 17 27 28
[INTERACTOR → SOLUTION] 1 4 38 39 29 26 25 40
[INTERACTOR → SOLUTION] 4 8 47 48 41 39 38 49
[INTERACTOR → SOLUTION] 1 10 14 15 0 5 16 17
[INTERACTOR → SOLUTION] 0 9 29 30 18 15 14 26
[INTERACTOR → SOLUTION] 0 11 41 42 31 30 29 39
[INTERACTOR → SOLUTION] 3 9 50 51 43 42 41 48
[INTERACTOR → SOLUTION] 3 10 0 1 2 3 4 5
[INTERACTOR → SOLUTION] 5 0 18 19 6 1 0 15
[INTERACTOR → SOLUTION] 3 12 31 32 20 19 18 30
[INTERACTOR → SOLUTION] 3 11 43 44 33 32 31 42
[INTERACTOR → SOLUTION] 4 5 52 53 45 44 43 51
[INTERACTOR → SOLUTION] 1 8 6 7 8 9 2 1
[INTERACTOR → SOLUTION] 2 6 20 21 10 7 6 19
[INTERACTOR → SOLUTION] 2 2 33 34 22 21 20 32
[INTERACTOR → SOLUTION] 0 5 45 46 35 34 33 44
[INTERACTOR → SOLUTION] 4 4 10 11 12 13 8 7
[INTERACTOR → SOLUTION] 2 3 22 23 24 11 10 21
[INTERACTOR → SOLUTION] 2 3 35 36 37 23 22 34
[INTERACTOR → SOLUTION] C0 2 47 49
[INTERACTOR → SOLUTION] C1 2 11 12
[INTERACTOR → SOLUTION] C2 2 52 53
[INTERACTOR → SOLUTION] C3 2 38 40
[INTERACTOR → SOLUTION] C4 2 8 9
[INTERACTOR → SOLUTION] C31 8 35 46 27 28 48 50 5 16
[SOLUTION → INTERACTOR] START
[SOLUTION → INTERACTOR] BUILD_DC 1
[SOLUTION → INTERACTOR] BUILD_DC 34
[SOLUTION → INTERACTOR] BUILD_CABLE 1 6
[SOLUTION → INTERACTOR] BUILD_CABLE 34 33
[INTERACTOR → SOLUTION] 7
[INTERACTOR → SOLUTION] 0 0 0 0 0
[SOLUTION → INTERACTOR] 0
[INTERACTOR → SOLUTION] 6
[INTERACTOR → SOLUTION] 0 0 0 0 0
[SOLUTION → INTERACTOR] 0
[INTERACTOR → SOLUTION] 3
[INTERACTOR → SOLUTION] 0 0 1 0 0
[SOLUTION → INTERACTOR] 0
[INTERACTOR → SOLUTION] 7
[INTERACTOR → SOLUTION] 0 0 1 0 0
[SOLUTION → INTERACTOR] 0
[INTERACTOR → SOLUTION] 11
[INTERACTOR → SOLUTION] 0 0 1 0 0
[SOLUTION → INTERACTOR] 0
[INTERACTOR → SOLUTION] 9
[INTERACTOR → SOLUTION] 0 0 1 0 0
[SOLUTION → INTERACTOR] 0
[INTERACTOR → SOLUTION] 9
[INTERACTOR → SOLUTION] 0 0 1 0 0
[SOLUTION → INTERACTOR] 0
[INTERACTOR → SOLUTION] 7
[INTERACTOR → SOLUTION] 0 0 1 0 0
[SOLUTION → INTERACTOR] 0
[INTERACTOR → SOLUTION] 5
[INTERACTOR → SOLUTION] 1 0 1 0 0
[SOLUTION → INTERACTOR] 0
[INTERACTOR → SOLUTION] 10
[INTERACTOR → SOLUTION] 1 0 1 1 0
[SOLUTION → INTERACTOR] 0
[INTERACTOR → SOLUTION] 3
[INTERACTOR → SOLUTION] 1 0 2 1 0
[SOLUTION → INTERACTOR] 0
[INTERACTOR → SOLUTION] 4
[INTERACTOR → SOLUTION] 1 0 2 1 0
[SOLUTION → INTERACTOR] 0
[INTERACTOR → SOLUTION] 4
[INTERACTOR → SOLUTION] 1 0 2 1 0
[SOLUTION → INTERACTOR] 0
[INTERACTOR → SOLUTION] 6
[INTERACTOR → SOLUTION] 1 0 2 1 0
[SOLUTION → INTERACTOR] 0
[INTERACTOR → SOLUTION] 9
[INTERACTOR → SOLUTION] 1 0 2 1 0
[SOLUTION → INTERACTOR] 0
[INTERACTOR → SOLUTION] 7
[INTERACTOR → SOLUTION] 1 0 2 1 0
[SOLUTION → INTERACTOR] 0
[INTERACTOR → SOLUTION] 6
[INTERACTOR → SOLUTION] 1 0 2 1 0
[SOLUTION → INTERACTOR] 0
[INTERACTOR → SOLUTION] 8
[INTERACTOR → SOLUTION] 1 1 2 1 0
[SOLUTION → INTERACTOR] 1
[SOLUTION → INTERACTOR] BUILD_CABLE 6 7
[INTERACTOR → SOLUTION] 10
[INTERACTOR → SOLUTION] 0 0 2 2 0
[SOLUTION → INTERACTOR] 0
[INTERACTOR → SOLUTION] 10
[INTERACTOR → SOLUTION] 0 0 2 3 0
[SOLUTION → INTERACTOR] 0
[INTERACTOR → SOLUTION] 7
[INTERACTOR → SOLUTION] 0 0 2 3 0
[SOLUTION → INTERACTOR] 0
[INTERACTOR → SOLUTION] 9
[INTERACTOR → SOLUTION] 0 0 2 3 0
[SOLUTION → INTERACTOR] 0
[INTERACTOR → SOLUTION] 6
[INTERACTOR → SOLUTION] 0 0 2 3 0
[SOLUTION → INTERACTOR] 0
[INTERACTOR → SOLUTION] 7
[INTERACTOR → SOLUTION] 0 0 2 3 0
[SOLUTION → INTERACTOR] 0
[INTERACTOR → SOLUTION] 7
[INTERACTOR → SOLUTION] 0 0 2 3 0
[SOLUTION → INTERACTOR] 0
[INTERACTOR → SOLUTION] 7
[INTERACTOR → SOLUTION] 0 0 2 3 0
[SOLUTION → INTERACTOR] 0
[INTERACTOR → SOLUTION] 8
[INTERACTOR → SOLUTION] 0 1 2 3 0
[SOLUTION → INTERACTOR] 0
[INTERACTOR → SOLUTION] 10
[INTERACTOR → SOLUTION] 0 1 2 4 0
[SOLUTION → INTERACTOR] 0
[INTERACTOR → SOLUTION] 2
[INTERACTOR → SOLUTION] 0 1 3 4 0
[SOLUTION → INTERACTOR] 0
[INTERACTOR → SOLUTION] 6
[INTERACTOR → SOLUTION] 0 1 3 4 0
[SOLUTION → INTERACTOR] 0
[INTERACTOR → SOLUTION] 6
[INTERACTOR → SOLUTION] 0 1 3 4 0
[SOLUTION → INTERACTOR] 0
[INTERACTOR → SOLUTION] 7
[INTERACTOR → SOLUTION] 0 1 3 4 0
[SOLUTION → INTERACTOR] 0
[INTERACTOR → SOLUTION] 6
[INTERACTOR → SOLUTION] 0 1 3 4 0
[SOLUTION → INTERACTOR] 0
[INTERACTOR → SOLUTION] 48
[INTERACTOR → SOLUTION] 1 10 25 26 14 17 27 28
[INTERACTOR → SOLUTION] 0 3 38 39 29 26 25 40
[INTERACTOR → SOLUTION] 1 11 47 48 41 39 38 49
[INTERACTOR → SOLUTION] 3 6 14 15 0 5 16 17
[INTERACTOR → SOLUTION] 2 5 29 30 18 15 14 26
[INTERACTOR → SOLUTION] 3 11 41 42 31 30 29 39
[INTERACTOR → SOLUTION] 4 8 50 51 43 42 41 48
[INTERACTOR → SOLUTION] 1 2 0 1 2 3 4 5
[INTERACTOR → SOLUTION] 4 12 18 19 6 1 0 15
[INTERACTOR → SOLUTION] 2 9 31 32 20 19 18 30
[INTERACTOR → SOLUTION] 0 4 43 44 33 32 31 42
[INTERACTOR → SOLUTION] 3 3 52 53 45 44 43 51
[INTERACTOR → SOLUTION] 3 4 6 7 8 9 2 1
[INTERACTOR → SOLUTION] 2 5 20 21 10 7 6 19
[INTERACTOR → SOLUTION] 2 6 33 34 22 21 20 32
[INTERACTOR → SOLUTION] 5 0 45 46 35 34 33 44
[INTERACTOR → SOLUTION] 4 8 10 11 12 13 8 7
[INTERACTOR → SOLUTION] 0 9 22 23 24 11 10 21
[INTERACTOR → SOLUTION] 0 10 35 36 37 23 22 34
[INTERACTOR → SOLUTION] C0 2 35 46
[INTERACTOR → SOLUTION] C1 2 23 37
[INTERACTOR → SOLUTION] C2 2 4 5
[INTERACTOR → SOLUTION] C3 2 2 3
[INTERACTOR → SOLUTION] C4 2 38 49
[INTERACTOR → SOLUTION] C31 8 27 28 52 53 16 17 47 48
[SOLUTION → INTERACTOR] START
[SOLUTION → INTERACTOR] BUILD_DC 14
[SOLUTION → INTERACTOR] BUILD_DC 21
[SOLUTION → INTERACTOR] BUILD_CABLE 14 15
[SOLUTION → INTERACTOR] BUILD_CABLE 21 10
[INTERACTOR → SOLUTION] 6
[INTERACTOR → SOLUTION] 0 0 1 1 0
[SOLUTION → INTERACTOR] 0
[INTERACTOR → SOLUTION] 8
[INTERACTOR → SOLUTION] 0 0 1 1 0
[SOLUTION → INTERACTOR] 0
[INTERACTOR → SOLUTION] 5
[INTERACTOR → SOLUTION] 0 0 3 1 0
[SOLUTION → INTERACTOR] 0
[INTERACTOR → SOLUTION] 7
[INTERACTOR → SOLUTION] 0 0 3 1 0
[SOLUTION → INTERACTOR] 0
[INTERACTOR → SOLUTION] 5
[INTERACTOR → SOLUTION] 0 0 5 1 0
[SOLUTION → INTERACTOR] 0
[INTERACTOR → SOLUTION] 5
[INTERACTOR → SOLUTION] 0 0 7 1 0
[SOLUTION → INTERACTOR] 1
[SOLUTION → INTERACTOR] CONVERT 2 0
[INTERACTOR → SOLUTION] 10
[INTERACTOR → SOLUTION] 1 1 3 1 0
[SOLUTION → INTERACTOR] 1
[SOLUTION → INTERACTOR] BUILD_CABLE 10 7
[INTERACTOR → SOLUTION] 4
[INTERACTOR → SOLUTION] 0 0 3 1 0
[SOLUTION → INTERACTOR] 0
[INTERACTOR → SOLUTION] 7
[INTERACTOR → SOLUTION] 0 0 3 1 0
[SOLUTION → INTERACTOR] 0
[INTERACTOR → SOLUTION] 6
[INTERACTOR → SOLUTION] 0 0 4 2 0
[SOLUTION → INTERACTOR] 0
[INTERACTOR → SOLUTION] 6
[INTERACTOR → SOLUTION] 0 0 5 3 0
[SOLUTION → INTERACTOR] 0
[INTERACTOR → SOLUTION] 2
[INTERACTOR → SOLUTION] 0 0 5 3 0
[SOLUTION → INTERACTOR] 0
[INTERACTOR → SOLUTION] 6
[INTERACTOR → SOLUTION] 0 0 6 4 0
[SOLUTION → INTERACTOR] 0
[INTERACTOR → SOLUTION] 9
[INTERACTOR → SOLUTION] 1 0 6 4 0
[SOLUTION → INTERACTOR] 0
[INTERACTOR → SOLUTION] 10
[INTERACTOR → SOLUTION] 1 1 6 4 0
[SOLUTION → INTERACTOR] 1
[SOLUTION → INTERACTOR] BUILD_DC 7
[INTERACTOR → SOLUTION] 11
[INTERACTOR → SOLUTION] 0 0 5 3 0
[SOLUTION → INTERACTOR] 0
[INTERACTOR → SOLUTION] 8
[INTERACTOR → SOLUTION] 0 0 5 3 1
[SOLUTION → INTERACTOR] 0
[INTERACTOR → SOLUTION] 8
[INTERACTOR → SOLUTION] 0 0 5 3 2
[SOLUTION → INTERACTOR] 0
[INTERACTOR → SOLUTION] 10
[INTERACTOR → SOLUTION] 0 1 5 3 2
[SOLUTION → INTERACTOR] 0
[INTERACTOR → SOLUTION] 6
[INTERACTOR → SOLUTION] 0 1 6 4 2
[SOLUTION → INTERACTOR] 0
[INTERACTOR → SOLUTION] 4
[INTERACTOR → SOLUTION] 0 1 6 5 2
[SOLUTION → INTERACTOR] 0
[INTERACTOR → SOLUTION] 6
[INTERACTOR → SOLUTION] 0 1 7 6 2
[SOLUTION → INTERACTOR] 2
[SOLUTION → INTERACTOR] CONVERT 2 0
[SOLUTION → INTERACTOR] BUILD_CABLE 10 11
[INTERACTOR → SOLUTION] 6
[INTERACTOR → SOLUTION] 0 0 4 7 2
[SOLUTION → INTERACTOR] 0
[INTERACTOR → SOLUTION] 8
[INTERACTOR → SOLUTION] 0 0 4 7 3
[SOLUTION → INTERACTOR] 1
[SOLUTION → INTERACTOR] UPGRADE_DC 21
[INTERACTOR → SOLUTION] 6
[INTERACTOR → SOLUTION] 0 0 6 6 0
[SOLUTION → INTERACTOR] 0
[INTERACTOR → SOLUTION] 3
[INTERACTOR → SOLUTION] 0 0 6 6 0
[SOLUTION → INTERACTOR] 0
[INTERACTOR → SOLUTION] 11
[INTERACTOR → SOLUTION] 0 0 6 6 0
[SOLUTION → INTERACTOR] 0
[INTERACTOR → SOLUTION] 2
[INTERACTOR → SOLUTION] 0 0 6 6 0
[SOLUTION → INTERACTOR] 0
[INTERACTOR → SOLUTION] 3
[INTERACTOR → SOLUTION] 0 0 6 6 0
[SOLUTION → INTERACTOR] 0
[INTERACTOR → SOLUTION] 4
[INTERACTOR → SOLUTION] 0 0 6 7 0
[SOLUTION → INTERACTOR] 0
[INTERACTOR → SOLUTION] 5
[INTERACTOR → SOLUTION] 0 0 10 7 0
[SOLUTION → INTERACTOR] 1
[SOLUTION → INTERACTOR] CONVERT 2 0
[INTERACTOR → SOLUTION] 2
[INTERACTOR → SOLUTION] 1 0 6 7 0
[SOLUTION → INTERACTOR] 0
[INTERACTOR → SOLUTION] 7
[INTERACTOR → SOLUTION] 1 0 6 7 0
[SOLUTION → INTERACTOR] 0
[INTERACTOR → SOLUTION] 5
[INTERACTOR → SOLUTION] 1 0 10 7 0
[SOLUTION → INTERACTOR] 2
[SOLUTION → INTERACTOR] CONVERT 2 1
[SOLUTION → INTERACTOR] BUILD_DC 11
[INTERACTOR → SOLUTION] 11
[INTERACTOR → SOLUTION] 0 0 5 6 0
[SOLUTION → INTERACTOR] 0
[INTERACTOR → SOLUTION] 6
[INTERACTOR → SOLUTION] 0 0 7 7 0
[SOLUTION → INTERACTOR] 1
[SOLUTION → INTERACTOR] CONVERT 2 0
[INTERACTOR → SOLUTION] 4
[INTERACTOR → SOLUTION] 1 0 3 8 0
[SOLUTION → INTERACTOR] 0
[INTERACTOR → SOLUTION] 5
[INTERACTOR → SOLUTION] 1 0 7 8 0
[SOLUTION → INTERACTOR] 2
[SOLUTION → INTERACTOR] CONVERT 2 1
[SOLUTION → INTERACTOR] BUILD_CABLE 15 18
[INTERACTOR → SOLUTION] 8
[INTERACTOR → SOLUTION] 0 0 3 8 2
[SOLUTION → INTERACTOR] 0
[INTERACTOR → SOLUTION] 7
[INTERACTOR → SOLUTION] 0 0 3 8 2
[SOLUTION → INTERACTOR] 0
[INTERACTOR → SOLUTION] 7
[INTERACTOR → SOLUTION] 0 0 3 8 2
[SOLUTION → INTERACTOR] 0
[INTERACTOR → SOLUTION] 3
[INTERACTOR → SOLUTION] 0 0 3 8 2
[SOLUTION → INTERACTOR] 0
[INTERACTOR → SOLUTION] 9
[INTERACTOR → SOLUTION] 3 0 3 8 2
[SOLUTION → INTERACTOR] 0
[INTERACTOR → SOLUTION] 8
[INTERACTOR → SOLUTION] 3 0 3 8 4
[SOLUTION → INTERACTOR] 1
[SOLUTION → INTERACTOR] UPGRADE_DC 14
[INTERACTOR → SOLUTION] 6
[INTERACTOR → SOLUTION] 3 0 5 8 1
[SOLUTION → INTERACTOR] 0
[INTERACTOR → SOLUTION] 5
[INTERACTOR → SOLUTION] 3 0 10 8 1
[SOLUTION → INTERACTOR] 2
[SOLUTION → INTERACTOR] CONVERT 2 1
[SOLUTION → INTERACTOR] BUILD_DC 18
[INTERACTOR → SOLUTION] 7
[INTERACTOR → SOLUTION] 2 0 5 7 1
[SOLUTION → INTERACTOR] 0
[INTERACTOR → SOLUTION] 5
[INTERACTOR → SOLUTION] 2 0 11 7 1
[SOLUTION → INTERACTOR] 1
[SOLUTION → INTERACTOR] CONVERT 2 1
[INTERACTOR → SOLUTION] 43
[INTERACTOR → SOLUTION] 0 2 25 26 14 17 27 28
[INTERACTOR → SOLUTION] 2 10 38 39 29 26 25 40
[INTERACTOR → SOLUTION] 4 6 47 48 41 39 38 49
[INTERACTOR → SOLUTION] 2 8 14 15 0 5 16 17
[INTERACTOR → SOLUTION] 4 6 29 30 18 15 14 26
[INTERACTOR → SOLUTION] 5 0 41 42 31 30 29 39
[INTERACTOR → SOLUTION] 0 9 50 51 43 42 41 48
[INTERACTOR → SOLUTION] 2 11 0 1 2 3 4 5
[INTERACTOR → SOLUTION] 1 3 18 19 6 1 0 15
[INTERACTOR → SOLUTION] 4 4 31 32 20 19 18 30
[INTERACTOR → SOLUTION] 0 5 43 44 33 32 31 42
[INTERACTOR → SOLUTION] 1 11 52 53 45 44 43 51
[INTERACTOR → SOLUTION] 3 8 6 7 8 9 2 1
[INTERACTOR → SOLUTION] 3 4 20 21 10 7 6 19
[INTERACTOR → SOLUTION] 0 10 33 34 22 21 20 32
[INTERACTOR → SOLUTION] 3 9 45 46 35 34 33 44
[INTERACTOR → SOLUTION] 1 12 10 11 12 13 8 7
[INTERACTOR → SOLUTION] 3 5 22 23 24 11 10 21
[INTERACTOR → SOLUTION] 2 3 35 36 37 23 22 34
[INTERACTOR → SOLUTION] C0 2 50 51
[INTERACTOR → SOLUTION] C1 2 35 46
[INTERACTOR → SOLUTION] C2 2 36 37
[INTERACTOR → SOLUTION] C3 2 47 48
[INTERACTOR → SOLUTION] C4 2 52 53
[INTERACTOR → SOLUTION] C31 8 2 3 17 27 23 24 25 40
[SOLUTION → INTERACTOR] START
[SOLUTION → INTERACTOR] BUILD_DC 0
[SOLUTION → INTERACTOR] BUILD_DC 44
[SOLUTION → INTERACTOR] BUILD_CABLE 0 15
[SOLUTION → INTERACTOR] BUILD_CABLE 44 33
[INTERACTOR → SOLUTION] 9
[INTERACTOR → SOLUTION] 0 0 0 1 0
[SOLUTION → INTERACTOR] 0
[INTERACTOR → SOLUTION] 7
[INTERACTOR → SOLUTION] 0 0 0 1 0
[SOLUTION → INTERACTOR] 0
[INTERACTOR → SOLUTION] 10
[INTERACTOR → SOLUTION] 0 0 0 1 0
[SOLUTION → INTERACTOR] 0
[INTERACTOR → SOLUTION] 4
[INTERACTOR → SOLUTION] 0 0 0 1 0
[SOLUTION → INTERACTOR] 0
[INTERACTOR → SOLUTION] 11
[INTERACTOR → SOLUTION] 0 1 1 1 0
[SOLUTION → INTERACTOR] 0
[INTERACTOR → SOLUTION] 5
[INTERACTOR → SOLUTION] 1 1 1 1 0
[SOLUTION → INTERACTOR] 1
[SOLUTION → INTERACTOR] BUILD_CABLE 15 14
[INTERACTOR → SOLUTION] 7
[INTERACTOR → SOLUTION] 0 0 1 1 0
[SOLUTION → INTERACTOR] 0
[INTERACTOR → SOLUTION] 4
[INTERACTOR → SOLUTION] 0 0 1 1 0
[SOLUTION → INTERACTOR] 0
[INTERACTOR → SOLUTION] 9
[INTERACTOR → SOLUTION] 0 0 1 2 0
[SOLUTION → INTERACTOR] 0
[INTERACTOR → SOLUTION] 4
[INTERACTOR → SOLUTION] 0 0 1 2 0
[SOLUTION → INTERACTOR] 0
[INTERACTOR → SOLUTION] 6
[INTERACTOR → SOLUTION] 0 0 1 2 0
[SOLUTION → INTERACTOR] 0
[INTERACTOR → SOLUTION] 9
[INTERACTOR → SOLUTION] 0 0 1 3 0
[SOLUTION → INTERACTOR] 0
[INTERACTOR → SOLUTION] 8
[INTERACTOR → SOLUTION] 0 0 2 3 0
[SOLUTION → INTERACTOR] 0
[INTERACTOR → SOLUTION] 2
[INTERACTOR → SOLUTION] 0 0 2 3 0
[SOLUTION → INTERACTOR] 0
[INTERACTOR → SOLUTION] 10
[INTERACTOR → SOLUTION] 0 0 2 3 0
[SOLUTION → INTERACTOR] 0
[INTERACTOR → SOLUTION] 12
[INTERACTOR → SOLUTION] 0 0 2 3 0
[SOLUTION → INTERACTOR] 0
[INTERACTOR → SOLUTION] 4
[INTERACTOR → SOLUTION] 0 0 2 3 0
[SOLUTION → INTERACTOR] 0
[INTERACTOR → SOLUTION] 8
[INTERACTOR → SOLUTION] 0 0 3 3 0
[SOLUTION → INTERACTOR] 0
[INTERACTOR → SOLUTION] 10
[INTERACTOR → SOLUTION] 0 0 3 3 0
[SOLUTION → INTERACTOR] 0
[INTERACTOR → SOLUTION] 7
[INTERACTOR → SOLUTION] 0 0 3 3 0
[SOLUTION → INTERACTOR] 0
[INTERACTOR → SOLUTION] 7
[INTERACTOR → SOLUTION] 0 0 3 3 0
[SOLUTION → INTERACTOR] 0
[INTERACTOR → SOLUTION] 8
[INTERACTOR → SOLUTION] 0 0 4 3 0
[SOLUTION → INTERACTOR] 0
[INTERACTOR → SOLUTION] 5
[INTERACTOR → SOLUTION] 1 0 4 3 0
[SOLUTION → INTERACTOR] 0
[INTERACTOR → SOLUTION] 10
[INTERACTOR → SOLUTION] 1 0 4 3 0
[SOLUTION → INTERACTOR] 0
[INTERACTOR → SOLUTION] 6
[INTERACTOR → SOLUTION] 1 0 4 3 0
[SOLUTION → INTERACTOR] 0
[INTERACTOR → SOLUTION] 3
[INTERACTOR → SOLUTION] 1 1 4 3 0
[SOLUTION → INTERACTOR] 1
[SOLUTION → INTERACTOR] BUILD_DC 14
[INTERACTOR → SOLUTION] 7
[INTERACTOR → SOLUTION] 0 0 3 2 0
[SOLUTION → INTERACTOR] 0
[INTERACTOR → SOLUTION] 3
[INTERACTOR → SOLUTION] 0 1 3 2 0
[SOLUTION → INTERACTOR] 0
[INTERACTOR → SOLUTION] 6
[INTERACTOR → SOLUTION] 0 1 3 2 1
[SOLUTION → INTERACTOR] 0
[INTERACTOR → SOLUTION] 4
[INTERACTOR → SOLUTION] 0 1 3 2 1
[SOLUTION → INTERACTOR] 0
[INTERACTOR → SOLUTION] 6
[INTERACTOR → SOLUTION] 0 1 3 2 2
[SOLUTION → INTERACTOR] 0
[INTERACTOR → SOLUTION] 5
[INTERACTOR → SOLUTION] 1 1 3 2 2
[SOLUTION → INTERACTOR] 1
[SOLUTION → INTERACTOR] BUILD_CABLE 15 18
[INTERACTOR → SOLUTION] 7
[INTERACTOR → SOLUTION] 0 0 3 2 2
[SOLUTION → INTERACTOR] 0
[INTERACTOR → SOLUTION] 11
[INTERACTOR → SOLUTION] 0 1 4 2 2
[SOLUTION → INTERACTOR] 0
[INTERACTOR → SOLUTION] 10
[INTERACTOR → SOLUTION] 0 1 4 2 2
[SOLUTION → INTERACTOR] 0
[INTERACTOR → SOLUTION] 10
[INTERACTOR → SOLUTION] 0 1 4 2 2
[SOLUTION → INTERACTOR] 0
[INTERACTOR → SOLUTION] 10
[INTERACTOR → SOLUTION] 0 1 4 2 2
[SOLUTION → INTERACTOR] 0
[INTERACTOR → SOLUTION] 4
[INTERACTOR → SOLUTION] 0 1 4 2 2
[SOLUTION → INTERACTOR] 0
[INTERACTOR → SOLUTION] 9
[INTERACTOR → SOLUTION] 0 1 4 3 2
[SOLUTION → INTERACTOR] 0
[INTERACTOR → SOLUTION] 7
[INTERACTOR → SOLUTION] 0 1 4 3 2
[SOLUTION → INTERACTOR] 0
[INTERACTOR → SOLUTION] 10
[INTERACTOR → SOLUTION] 0 1 4 3 2
[SOLUTION → INTERACTOR] 0
[INTERACTOR → SOLUTION] 9
[INTERACTOR → SOLUTION] 0 1 4 4 2
[SOLUTION → INTERACTOR] 0
[INTERACTOR → SOLUTION] 11
[INTERACTOR → SOLUTION] 0 2 5 4 2
[SOLUTION → INTERACTOR] 0
[INTERACTOR → SOLUTION] 37
[INTERACTOR → SOLUTION] 0 2 25 26 14 17 27 28
[INTERACTOR → SOLUTION] 0 6 38 39 29 26 25 40
[INTERACTOR → SOLUTION] 0 5 47 48 41 39 38 49
[INTERACTOR → SOLUTION] 3 4 14 15 0 5 16 17
[INTERACTOR → SOLUTION] 1 3 29 30 18 15 14 26
[INTERACTOR → SOLUTION] 0 4 41 42 31 30 29 39
[INTERACTOR → SOLUTION] 4 3 50 51 43 42 41 48
[INTERACTOR → SOLUTION] 2 9 0 1 2 3 4 5
[INTERACTOR → SOLUTION] 3 11 18 19 6 1 0 15
[INTERACTOR → SOLUTION] 1 8 31 32 20 19 18 30
[INTERACTOR → SOLUTION] 4 11 43 44 33 32 31 42
[INTERACTOR → SOLUTION] 3 8 52 53 45 44 43 51
[INTERACTOR → SOLUTION] 4 10 6 7 8 9 2 1
[INTERACTOR → SOLUTION] 5 0 20 21 10 7 6 19
[INTERACTOR → SOLUTION] 2 10 33 34 22 21 20 32
[INTERACTOR → SOLUTION] 2 5 45 46 35 34 33 44
[INTERACTOR → SOLUTION] 2 12 10 11 12 13 8 7
[INTERACTOR → SOLUTION] 1 9 22 23 24 11 10 21
[INTERACTOR → SOLUTION] 3 6 35 36 37 23 22 34
[INTERACTOR → SOLUTION] C0 2 5 16
[INTERACTOR → SOLUTION] C1 2 3 4
[INTERACTOR → SOLUTION] C2 2 47 48
[INTERACTOR → SOLUTION] C3 2 35 36
[INTERACTOR → SOLUTION] C4 2 50 51
[INTERACTOR → SOLUTION] C31 8 27 28 11 12 38 40 23 37
[SOLUTION → INTERACTOR] START
[SOLUTION → INTERACTOR] BUILD_DC 22
[SOLUTION → INTERACTOR] BUILD_DC 39
[SOLUTION → INTERACTOR] BUILD_CABLE 22 34
[SOLUTION → INTERACTOR] BUILD_CABLE 39 29
[INTERACTOR → SOLUTION] 10
[INTERACTOR → SOLUTION] 0 0 1 0 0
[SOLUTION → INTERACTOR] 0
[INTERACTOR → SOLUTION] 6
[INTERACTOR → SOLUTION] 1 0 1 1 0
[SOLUTION → INTERACTOR] 0
[INTERACTOR → SOLUTION] 10
[INTERACTOR → SOLUTION] 1 0 2 1 0
[SOLUTION → INTERACTOR] 0
[INTERACTOR → SOLUTION] 5
[INTERACTOR → SOLUTION] 2 0 2 1 0
[SOLUTION → INTERACTOR] 0
[INTERACTOR → SOLUTION] 3
[INTERACTOR → SOLUTION] 2 0 2 1 0
[SOLUTION → INTERACTOR] 0
[INTERACTOR → SOLUTION] 5
[INTERACTOR → SOLUTION] 3 0 2 1 0
[SOLUTION → INTERACTOR] 0
[INTERACTOR → SOLUTION] 9
[INTERACTOR → SOLUTION] 3 1 2 1 0
[SOLUTION → INTERACTOR] 1
[SOLUTION → INTERACTOR] BUILD_CABLE 29 30
[INTERACTOR → SOLUTION] 6
[INTERACTOR → SOLUTION] 3 0 2 2 0
[SOLUTION → INTERACTOR] 0
[INTERACTOR → SOLUTION] 8
[INTERACTOR → SOLUTION] 3 0 2 2 0
[SOLUTION → INTERACTOR] 0
[INTERACTOR → SOLUTION] 5
[INTERACTOR → SOLUTION] 4 0 2 2 0
[SOLUTION → INTERACTOR] 0
[INTERACTOR → SOLUTION] 5
[INTERACTOR → SOLUTION] 5 0 2 2 0
[SOLUTION → INTERACTOR] 0
[INTERACTOR → SOLUTION] 6
[INTERACTOR → SOLUTION] 6 0 2 3 0
[SOLUTION → INTERACTOR] 0
[INTERACTOR → SOLUTION] 6
[INTERACTOR → SOLUTION] 7 0 2 4 0
[SOLUTION → INTERACTOR] 2
[SOLUTION → INTERACTOR] CONVERT 0 1
[SOLUTION → INTERACTOR] BUILD_DC 30
[INTERACTOR → SOLUTION] 7
[INTERACTOR → SOLUTION] 2 0 1 3 0
[SOLUTION → INTERACTOR] 0
[INTERACTOR → SOLUTION] 9
[INTERACTOR → SOLUTION] 2 1 1 3 0
[SOLUTION → INTERACTOR] 1
[SOLUTION → INTERACTOR] BUILD_CABLE 34 33
[INTERACTOR → SOLUTION] 11
[INTERACTOR → SOLUTION] 1 0 1 3 0
[SOLUTION → INTERACTOR] 0
[INTERACTOR → SOLUTION] 6
[INTERACTOR → SOLUTION] 2 0 1 4 0
[SOLUTION → INTERACTOR] 0
[INTERACTOR → SOLUTION] 8
[INTERACTOR → SOLUTION] 2 1 1 4 0
[SOLUTION → INTERACTOR] 1
[SOLUTION → INTERACTOR] BUILD_DC 33
[INTERACTOR → SOLUTION] 3
[INTERACTOR → SOLUTION] 1 1 0 3 0
[SOLUTION → INTERACTOR] 1
[SOLUTION → INTERACTOR] BUILD_CABLE 34 35
[INTERACTOR → SOLUTION] 10
[INTERACTOR → SOLUTION] 0 0 2 3 0
[SOLUTION → INTERACTOR] 0
[INTERACTOR → SOLUTION] 9
[INTERACTOR → SOLUTION] 0 1 2 3 0
[SOLUTION → INTERACTOR] 0
[INTERACTOR → SOLUTION] 6
[INTERACTOR → SOLUTION] 1 1 2 4 0
[SOLUTION → INTERACTOR] 1
[SOLUTION → INTERACTOR] BUILD_DC 35
[INTERACTOR → SOLUTION] 7
[INTERACTOR → SOLUTION] 0 0 1 3 0
[SOLUTION → INTERACTOR] 0
[INTERACTOR → SOLUTION] 5
[INTERACTOR → SOLUTION] 1 0 3 3 0
[SOLUTION → INTERACTOR] 0
[INTERACTOR → SOLUTION] 6
[INTERACTOR → SOLUTION] 2 0 3 5 0
[SOLUTION → INTERACTOR] 0
[INTERACTOR → SOLUTION] 8
[INTERACTOR → SOLUTION] 2 1 3 5 0
[SOLUTION → INTERACTOR] 1
[SOLUTION → INTERACTOR] BUILD_CABLE 29 26
[INTERACTOR → SOLUTION] 8
[INTERACTOR → SOLUTION] 1 1 3 5 0
[SOLUTION → INTERACTOR] 1
[SOLUTION → INTERACTOR] BUILD_DC 26
[INTERACTOR → SOLUTION] 4
[INTERACTOR → SOLUTION] 2 0 2 4 0
[SOLUTION → INTERACTOR] 0
[INTERACTOR → SOLUTION] 5
[INTERACTOR → SOLUTION] 3 0 4 4 0
[SOLUTION → INTERACTOR] 0
[INTERACTOR → SOLUTION] 7
[INTERACTOR → SOLUTION] 3 0 4 4 0
[SOLUTION → INTERACTOR] 0
[INTERACTOR → SOLUTION] 4
[INTERACTOR → SOLUTION] 5 0 4 4 0
[SOLUTION → INTERACTOR] 0
[INTERACTOR → SOLUTION] 6
[INTERACTOR → SOLUTION] 7 0 4 6 0
[SOLUTION → INTERACTOR] 1
[SOLUTION → INTERACTOR] CONVERT 0 1
[INTERACTOR → SOLUTION] 9
[INTERACTOR → SOLUTION] 3 2 4 6 0
[SOLUTION → INTERACTOR] 0
[INTERACTOR → SOLUTION] 7
[INTERACTOR → SOLUTION] 3 2 4 6 0
[SOLUTION → INTERACTOR] 0
[INTERACTOR → SOLUTION] 6
[INTERACTOR → SOLUTION] 5 2 4 8 0
[SOLUTION → INTERACTOR] 0
[INTERACTOR → SOLUTION] 7
[INTERACTOR → SOLUTION] 5 2 4 8 0
[SOLUTION → INTERACTOR] 0
[INTERACTOR → SOLUTION] 11
[INTERACTOR → SOLUTION] 5 2 4 8 1
[SOLUTION → INTERACTOR] 0
[INTERACTOR → SOLUTION] 30
[INTERACTOR → SOLUTION] 3 5 25 26 14 17 27 28
[INTERACTOR → SOLUTION] 0 4 38 39 29 26 25 40
[INTERACTOR → SOLUTION] 1 8 47 48 41 39 38 49
[INTERACTOR → SOLUTION] 1 8 14 15 0 5 16 17
[INTERACTOR → SOLUTION] 4 5 29 30 18 15 14 26
[INTERACTOR → SOLUTION] 2 2 41 42 31 30 29 39
[INTERACTOR → SOLUTION] 0 9 50 51 43 42 41 48
[INTERACTOR → SOLUTION] 0 6 0 1 2 3 4 5
[INTERACTOR → SOLUTION] 2 11 18 19 6 1 0 15
[INTERACTOR → SOLUTION] 4 6 31 32 20 19 18 30
[INTERACTOR → SOLUTION] 0 12 43 44 33 32 31 42
[INTERACTOR → SOLUTION] 1 11 52 53 45 44 43 51
[INTERACTOR → SOLUTION] 2 3 6 7 8 9 2 1
[INTERACTOR → SOLUTION] 5 0 20 21 10 7 6 19
[INTERACTOR → SOLUTION] 3 3 33 34 22 21 20 32
[INTERACTOR → SOLUTION] 3 10 45 46 35 34 33 44
[INTERACTOR → SOLUTION] 4 4 10 11 12 13 8 7
[INTERACTOR → SOLUTION] 2 10 22 23 24 11 10 21
[INTERACTOR → SOLUTION] 3 9 35 36 37 23 22 34
[INTERACTOR → SOLUTION] C0 2 8 9
[INTERACTOR → SOLUTION] C1 2 12 13
[INTERACTOR → SOLUTION] C2 2 47 48
[INTERACTOR → SOLUTION] C3 2 17 27
[INTERACTOR → SOLUTION] C4 2 25 28
[INTERACTOR → SOLUTION] C31 8 35 36 23 24 38 49 4 5
[SOLUTION → INTERACTOR] START
[SOLUTION → INTERACTOR] BUILD_DC 0
[SOLUTION → INTERACTOR] BUILD_DC 22
[SOLUTION → INTERACTOR] BUILD_CABLE 0 15
[SOLUTION → INTERACTOR] BUILD_CABLE 22 34
[INTERACTOR → SOLUTION] 6
[INTERACTOR → SOLUTION] 1 0 0 0 0
[SOLUTION → INTERACTOR] 0
[INTERACTOR → SOLUTION] 2
[INTERACTOR → SOLUTION] 1 0 0 0 0
[SOLUTION → INTERACTOR] 0
[INTERACTOR → SOLUTION] 7
[INTERACTOR → SOLUTION] 1 0 0 0 0
[SOLUTION → INTERACTOR] 0
[INTERACTOR → SOLUTION] 8
[INTERACTOR → SOLUTION] 1 1 0 0 0
[SOLUTION → INTERACTOR] 1
[SOLUTION → INTERACTOR] BUILD_CABLE 34 35
[INTERACTOR → SOLUTION] 7
[INTERACTOR → SOLUTION] 0 0 0 0 0
[SOLUTION → INTERACTOR] 0
[INTERACTOR → SOLUTION] 4
[INTERACTOR → SOLUTION] 0 0 0 0 0
[SOLUTION → INTERACTOR] 0
[INTERACTOR → SOLUTION] 5
[INTERACTOR → SOLUTION] 0 0 0 0 0
[SOLUTION → INTERACTOR] 0
[INTERACTOR → SOLUTION] 11
[INTERACTOR → SOLUTION] 0 0 1 0 0
[SOLUTION → INTERACTOR] 0
[INTERACTOR → SOLUTION] 6
[INTERACTOR → SOLUTION] 1 0 1 0 0
[SOLUTION → INTERACTOR] 0
[INTERACTOR → SOLUTION] 8
[INTERACTOR → SOLUTION] 1 1 1 0 0
[SOLUTION → INTERACTOR] 1
[SOLUTION → INTERACTOR] BUILD_CABLE 35 36
[INTERACTOR → SOLUTION] 6
[INTERACTOR → SOLUTION] 1 0 1 0 0
[SOLUTION → INTERACTOR] 0
[INTERACTOR → SOLUTION] 8
[INTERACTOR → SOLUTION] 1 1 1 0 0
[SOLUTION → INTERACTOR] 1
[SOLUTION → INTERACTOR] BUILD_CABLE 15 14
[INTERACTOR → SOLUTION] 7
[INTERACTOR → SOLUTION] 0 0 1 0 0
[SOLUTION → INTERACTOR] 0
[INTERACTOR → SOLUTION] 8
[INTERACTOR → SOLUTION] 0 1 1 0 0
[SOLUTION → INTERACTOR] 0
[INTERACTOR → SOLUTION] 6
[INTERACTOR → SOLUTION] 1 1 1 0 0
[SOLUTION → INTERACTOR] 1
[SOLUTION → INTERACTOR] BUILD_CABLE 15 18
[INTERACTOR → SOLUTION] 7
[INTERACTOR → SOLUTION] 0 0 1 0 0
[SOLUTION → INTERACTOR] 0
[INTERACTOR → SOLUTION] 7
[INTERACTOR → SOLUTION] 0 0 1 0 0
[SOLUTION → INTERACTOR] 0
[INTERACTOR → SOLUTION] 11
[INTERACTOR → SOLUTION] 0 0 2 0 0
[SOLUTION → INTERACTOR] 0
[INTERACTOR → SOLUTION] 8
[INTERACTOR → SOLUTION] 0 1 2 0 0
[SOLUTION → INTERACTOR] 0
[INTERACTOR → SOLUTION] 6
[INTERACTOR → SOLUTION] 1 1 2 0 0
[SOLUTION → INTERACTOR] 1
[SOLUTION → INTERACTOR] BUILD_CABLE 14 26
[INTERACTOR → SOLUTION] 7
[INTERACTOR → SOLUTION] 0 0 2 0 0
[SOLUTION → INTERACTOR] 0
[INTERACTOR → SOLUTION] 9
[INTERACTOR → SOLUTION] 0 0 2 1 0
[SOLUTION → INTERACTOR] 0
[INTERACTOR → SOLUTION] 7
[INTERACTOR → SOLUTION] 0 0 2 1 0
[SOLUTION → INTERACTOR] 0
[INTERACTOR → SOLUTION] 6
[INTERACTOR → SOLUTION] 1 0 2 1 0
[SOLUTION → INTERACTOR] 0
[INTERACTOR → SOLUTION] 10
[INTERACTOR → SOLUTION] 1 0 3 1 0
[SOLUTION → INTERACTOR] 0
[INTERACTOR → SOLUTION] 3
[INTERACTOR → SOLUTION] 1 0 3 2 0
[SOLUTION → INTERACTOR] 0
[INTERACTOR → SOLUTION] 4
[INTERACTOR → SOLUTION] 1 0 3 2 0
[SOLUTION → INTERACTOR] 0
[INTERACTOR → SOLUTION] 11
[INTERACTOR → SOLUTION] 1 0 4 2 0
[SOLUTION → INTERACTOR] 0
[INTERACTOR → SOLUTION] 4
[INTERACTOR → SOLUTION] 1 0 4 2 0
[SOLUTION → INTERACTOR] 0
[INTERACTOR → SOLUTION] 6
[INTERACTOR → SOLUTION] 2 0 4 2 0
[SOLUTION → INTERACTOR] 0
[INTERACTOR → SOLUTION] 35
[INTERACTOR → SOLUTION] 0 5 25 26 14 17 27 28
[INTERACTOR → SOLUTION] 4 4 38 39 29 26 25 40
[INTERACTOR → SOLUTION] 0 6 47 48 41 39 38 49
[INTERACTOR → SOLUTION] 3 9 14 15 0 5 16 17
[INTERACTOR → SOLUTION] 3 5 29 30 18 15 14 26
[INTERACTOR → SOLUTION] 2 6 41 42 31 30 29 39
[INTERACTOR → SOLUTION] 4 3 50 51 43 42 41 48
[INTERACTOR → SOLUTION] 2 4 0 1 2 3 4 5
[INTERACTOR → SOLUTION] 1 9 18 19 6 1 0 15
[INTERACTOR → SOLUTION] 2 11 31 32 20 19 18 30
[INTERACTOR → SOLUTION] 3 10 43 44 33 32 31 42
[INTERACTOR → SOLUTION] 2 3 52 53 45 44 43 51
[INTERACTOR → SOLUTION] 4 8 6 7 8 9 2 1
[INTERACTOR → SOLUTION] 1 12 20 21 10 7 6 19
[INTERACTOR → SOLUTION] 0 8 33 34 22 21 20 32
[INTERACTOR → SOLUTION] 3 2 45 46 35 34 33 44
[INTERACTOR → SOLUTION] 0 11 10 11 12 13 8 7
[INTERACTOR → SOLUTION] 5 0 22 23 24 11 10 21
[INTERACTOR → SOLUTION] 1 10 35 36 37 23 22 34
[INTERACTOR → SOLUTION] C0 2 16 17
[INTERACTOR → SOLUTION] C1 2 12 13
[INTERACTOR → SOLUTION] C2 2 23 24
[INTERACTOR → SOLUTION] C3 2 2 9
[INTERACTOR → SOLUTION] C4 2 35 46
[INTERACTOR → SOLUTION] C31 8 52 53 25 28 50 51 38 49
[SOLUTION → INTERACTOR] START
[SOLUTION → INTERACTOR] BUILD_DC 15
[SOLUTION → INTERACTOR] BUILD_DC 39
[SOLUTION → INTERACTOR] BUILD_CABLE 15 14
[SOLUTION → INTERACTOR] BUILD_CABLE 39 29
[INTERACTOR → SOLUTION] 6
[INTERACTOR → SOLUTION] 1 0 1 0 0
[SOLUTION → INTERACTOR] 0
[INTERACTOR → SOLUTION] 11
[INTERACTOR → SOLUTION] 1 0 1 0 0
[SOLUTION → INTERACTOR] 0
[INTERACTOR → SOLUTION] 8
[INTERACTOR → SOLUTION] 1 0 1 0 0
[SOLUTION → INTERACTOR] 0
[INTERACTOR → SOLUTION] 8
[INTERACTOR → SOLUTION] 1 0 1 0 0
[SOLUTION → INTERACTOR] 0
[INTERACTOR → SOLUTION] 6
[INTERACTOR → SOLUTION] 2 0 2 0 0
[SOLUTION → INTERACTOR] 0
[INTERACTOR → SOLUTION] 8
[INTERACTOR → SOLUTION] 2 0 2 0 0
[SOLUTION → INTERACTOR] 0
[INTERACTOR → SOLUTION] 8
[INTERACTOR → SOLUTION] 2 0 2 0 0
[SOLUTION → INTERACTOR] 0
[INTERACTOR → SOLUTION] 5
[INTERACTOR → SOLUTION] 2 0 2 1 0
[SOLUTION → INTERACTOR] 0
[INTERACTOR → SOLUTION] 9
[INTERACTOR → SOLUTION] 2 1 2 2 0
[SOLUTION → INTERACTOR] 1
[SOLUTION → INTERACTOR] BUILD_CABLE 14 26
[INTERACTOR → SOLUTION] 6
[INTERACTOR → SOLUTION] 2 0 3 2 0
[SOLUTION → INTERACTOR] 0
[INTERACTOR → SOLUTION] 5
[INTERACTOR → SOLUTION] 2 0 3 3 0
[SOLUTION → INTERACTOR] 0
[INTERACTOR → SOLUTION] 9
[INTERACTOR → SOLUTION] 2 1 3 4 0
[SOLUTION → INTERACTOR] 1
[SOLUTION → INTERACTOR] BUILD_DC 26
[INTERACTOR → SOLUTION] 12
[INTERACTOR → SOLUTION] 1 0 2 3 0
[SOLUTION → INTERACTOR] 0
[INTERACTOR → SOLUTION] 11
[INTERACTOR → SOLUTION] 1 0 2 3 0
[SOLUTION → INTERACTOR] 0
[INTERACTOR → SOLUTION] 2
[INTERACTOR → SOLUTION] 1 0 2 3 0
[SOLUTION → INTERACTOR] 0
[INTERACTOR → SOLUTION] 8
[INTERACTOR → SOLUTION] 1 0 2 3 0
[SOLUTION → INTERACTOR] 0
[INTERACTOR → SOLUTION] 7
[INTERACTOR → SOLUTION] 1 0 2 3 0
[SOLUTION → INTERACTOR] 0
[INTERACTOR → SOLUTION] 6
[INTERACTOR → SOLUTION] 2 0 3 3 0
[SOLUTION → INTERACTOR] 0
[INTERACTOR → SOLUTION] 4
[INTERACTOR → SOLUTION] 2 0 3 3 2
[SOLUTION → INTERACTOR] 0
[INTERACTOR → SOLUTION] 3
[INTERACTOR → SOLUTION] 2 0 3 3 2
[SOLUTION → INTERACTOR] 0
[INTERACTOR → SOLUTION] 9
[INTERACTOR → SOLUTION] 2 1 3 4 2
[SOLUTION → INTERACTOR] 1
[SOLUTION → INTERACTOR] BUILD_CABLE 29 30
[INTERACTOR → SOLUTION] 10
[INTERACTOR → SOLUTION] 1 0 3 4 2
[SOLUTION → INTERACTOR] 0
[INTERACTOR → SOLUTION] 8
[INTERACTOR → SOLUTION] 1 0 3 4 2
[SOLUTION → INTERACTOR] 0
[INTERACTOR → SOLUTION] 11
[INTERACTOR → SOLUTION] 1 0 3 4 2
[SOLUTION → INTERACTOR] 0
[INTERACTOR → SOLUTION] 8
[INTERACTOR → SOLUTION] 1 0 3 4 2
[SOLUTION → INTERACTOR] 0
[INTERACTOR → SOLUTION] 6
[INTERACTOR → SOLUTION] 2 0 4 4 2
[SOLUTION → INTERACTOR] 0
[INTERACTOR → SOLUTION] 7
[INTERACTOR → SOLUTION] 2 0 4 4 2
[SOLUTION → INTERACTOR] 0
[INTERACTOR → SOLUTION] 5
[INTERACTOR → SOLUTION] 3 0 4 6 2
[SOLUTION → INTERACTOR] 0
[INTERACTOR → SOLUTION] 7
[INTERACTOR → SOLUTION] 3 0 4 6 2
[SOLUTION → INTERACTOR] 0
[INTERACTOR → SOLUTION] 11
[INTERACTOR → SOLUTION] 3 0 4 6 2
[SOLUTION → INTERACTOR] 0
[INTERACTOR → SOLUTION] 6
[INTERACTOR → SOLUTION] 4 0 5 6 2
[SOLUTION → INTERACTOR] 0
[INTERACTOR → SOLUTION] 11
[INTERACTOR → SOLUTION] 4 0 5 6 2
[SOLUTION → INTERACTOR] 0
[INTERACTOR → SOLUTION] 8
[INTERACTOR → SOLUTION] 4 0 5 6 2
[SOLUTION → INTERACTOR] 0
[INTERACTOR → SOLUTION] 5
[INTERACTOR → SOLUTION] 5 0 5 8 2
[SOLUTION → INTERACTOR] 0
[INTERACTOR → SOLUTION] 11
[INTERACTOR → SOLUTION] 5 0 5 8 2
[SOLUTION → INTERACTOR] 0
[INTERACTOR → SOLUTION] 33
[INTERACTOR → SOLUTION] 2 6 25 26 14 17 27 28
[INTERACTOR → SOLUTION] 2 4 38 39 29 26 25 40
[INTERACTOR → SOLUTION] 4 5 47 48 41 39 38 49
[INTERACTOR → SOLUTION] 4 5 14 15 0 5 16 17
[INTERACTOR → SOLUTION] 3 11 29 30 18 15 14 26
[INTERACTOR → SOLUTION] 2 8 41 42 31 30 29 39
[INTERACTOR → SOLUTION] 0 9 50 51 43 42 41 48
[INTERACTOR → SOLUTION] 3 8 0 1 2 3 4 5
[INTERACTOR → SOLUTION] 3 12 18 19 6 1 0 15
[INTERACTOR → SOLUTION] 0 4 31 32 20 19 18 30
[INTERACTOR → SOLUTION] 0 11 43 44 33 32 31 42
[INTERACTOR → SOLUTION] 4 6 52 53 45 44 43 51
[INTERACTOR → SOLUTION] 1 10 6 7 8 9 2 1
[INTERACTOR → SOLUTION] 1 2 20 21 10 7 6 19
[INTERACTOR → SOLUTION] 0 10 33 34 22 21 20 32
[INTERACTOR → SOLUTION] 5 0 45 46 35 34 33 44
[INTERACTOR → SOLUTION] 2 3 10 11 12 13 8 7
[INTERACTOR → SOLUTION] 1 3 22 23 24 11 10 21
[INTERACTOR → SOLUTION] 3 9 35 36 37 23 22 34
[INTERACTOR → SOLUTION] C0 2 50 51
[INTERACTOR → SOLUTION] C1 2 8 9
[INTERACTOR → SOLUTION] C2 2 12 13
[INTERACTOR → SOLUTION] C3 2 52 53
[INTERACTOR → SOLUTION] C4 2 27 28
[INTERACTOR → SOLUTION] C31 8 35 36 3 4 38 40 23 24
[SOLUTION → INTERACTOR] START
[SOLUTION → INTERACTOR] BUILD_DC 1
[SOLUTION → INTERACTOR] BUILD_DC 42
[SOLUTION → INTERACTOR] BUILD_CABLE 1 0
[SOLUTION → INTERACTOR] BUILD_CABLE 42 41
[INTERACTOR → SOLUTION] 4
[INTERACTOR → SOLUTION] 0 0 0 0 0
[SOLUTION → INTERACTOR] 0
[INTERACTOR → SOLUTION] 9
[INTERACTOR → SOLUTION] 1 0 0 0 0
[SOLUTION → INTERACTOR] 0
[INTERACTOR → SOLUTION] 4
[INTERACTOR → SOLUTION] 1 0 0 0 0
[SOLUTION → INTERACTOR] 0
[INTERACTOR → SOLUTION] 8
[INTERACTOR → SOLUTION] 1 0 1 1 0
[SOLUTION → INTERACTOR] 0
[INTERACTOR → SOLUTION] 6
[INTERACTOR → SOLUTION] 1 0 1 1 0
[SOLUTION → INTERACTOR] 0
[INTERACTOR → SOLUTION] 12
[INTERACTOR → SOLUTION] 1 0 1 2 0
[SOLUTION → INTERACTOR] 0
[INTERACTOR → SOLUTION] 8
[INTERACTOR → SOLUTION] 1 0 2 3 0
[SOLUTION → INTERACTOR] 0
[INTERACTOR → SOLUTION] 6
[INTERACTOR → SOLUTION] 1 0 2 3 0
[SOLUTION → INTERACTOR] 0
[INTERACTOR → SOLUTION] 8
[INTERACTOR → SOLUTION] 1 0 3 4 0
[SOLUTION → INTERACTOR] 0
[INTERACTOR → SOLUTION] 5
[INTERACTOR → SOLUTION] 1 0 3 4 0
[SOLUTION → INTERACTOR] 0
[INTERACTOR → SOLUTION] 5
[INTERACTOR → SOLUTION] 1 0 3 4 0
[SOLUTION → INTERACTOR] 0
[INTERACTOR → SOLUTION] 4
[INTERACTOR → SOLUTION] 1 0 3 4 0
[SOLUTION → INTERACTOR] 0
[INTERACTOR → SOLUTION] 7
[INTERACTOR → SOLUTION] 1 0 3 4 0
[SOLUTION → INTERACTOR] 0
[INTERACTOR → SOLUTION] 7
[INTERACTOR → SOLUTION] 1 0 3 4 0
[SOLUTION → INTERACTOR] 0
[INTERACTOR → SOLUTION] 10
[INTERACTOR → SOLUTION] 1 1 3 4 0
[SOLUTION → INTERACTOR] 1
[SOLUTION → INTERACTOR] BUILD_CABLE 41 39
[INTERACTOR → SOLUTION] 7
[INTERACTOR → SOLUTION] 0 0 3 4 0
[SOLUTION → INTERACTOR] 0
[INTERACTOR → SOLUTION] 7
[INTERACTOR → SOLUTION] 0 0 3 4 0
[SOLUTION → INTERACTOR] 0
[INTERACTOR → SOLUTION] 9
[INTERACTOR → SOLUTION] 1 0 3 4 0
[SOLUTION → INTERACTOR] 0
[INTERACTOR → SOLUTION] 7
[INTERACTOR → SOLUTION] 1 0 3 4 0
[SOLUTION → INTERACTOR] 0
[INTERACTOR → SOLUTION] 11
[INTERACTOR → SOLUTION] 2 0 3 4 0
[SOLUTION → INTERACTOR] 0
[INTERACTOR → SOLUTION] 8
[INTERACTOR → SOLUTION] 2 0 4 5 0
[SOLUTION → INTERACTOR] 0
[INTERACTOR → SOLUTION] 10
[INTERACTOR → SOLUTION] 2 1 4 5 0
[SOLUTION → INTERACTOR] 1
[SOLUTION → INTERACTOR] BUILD_DC 39
[INTERACTOR → SOLUTION] 7
[INTERACTOR → SOLUTION] 1 0 3 4 0
[SOLUTION → INTERACTOR] 0
[INTERACTOR → SOLUTION] 6
[INTERACTOR → SOLUTION] 1 0 3 4 0
[SOLUTION → INTERACTOR] 0
[INTERACTOR → SOLUTION] 2
[INTERACTOR → SOLUTION] 1 0 3 4 0
[SOLUTION → INTERACTOR] 0
[INTERACTOR → SOLUTION] 2
[INTERACTOR → SOLUTION] 1 0 3 4 0
[SOLUTION → INTERACTOR] 0
[INTERACTOR → SOLUTION] 9
[INTERACTOR → SOLUTION] 2 0 3 4 0
[SOLUTION → INTERACTOR] 0
[INTERACTOR → SOLUTION] 6
[INTERACTOR → SOLUTION] 2 0 3 4 0
[SOLUTION → INTERACTOR] 0
[INTERACTOR → SOLUTION] 4
[INTERACTOR → SOLUTION] 2 0 4 4 0
[SOLUTION → INTERACTOR] 0
[INTERACTOR → SOLUTION] 6
[INTERACTOR → SOLUTION] 2 0 4 4 0
[SOLUTION → INTERACTOR] 0
[INTERACTOR → SOLUTION] 5
[INTERACTOR → SOLUTION] 2 0 4 4 1
[SOLUTION → INTERACTOR] 0
[INTERACTOR → SOLUTION] 2
[INTERACTOR → SOLUTION] 2 0 4 4 1
[SOLUTION → INTERACTOR] 0
[INTERACTOR → SOLUTION] 6
[INTERACTOR → SOLUTION] 2 0 4 4 1
[SOLUTION → INTERACTOR] 0
[INTERACTOR → SOLUTION] 40
[INTERACTOR → SOLUTION] 0 8 25 26 14 17 27 28
[INTERACTOR → SOLUTION] 2 10 38 39 29 26 25 40
[INTERACTOR → SOLUTION] 3 8 47 48 41 39 38 49
[INTERACTOR → SOLUTION] 5 0 14 15 0 5 16 17
[INTERACTOR → SOLUTION] 3 4 29 30 18 15 14 26
[INTERACTOR → SOLUTION] 2 6 41 42 31 30 29 39
[INTERACTOR → SOLUTION] 4 10 50 51 43 42 41 48
[INTERACTOR → SOLUTION] 2 11 0 1 2 3 4 5
[INTERACTOR → SOLUTION] 1 11 18 19 6 1 0 15
[INTERACTOR → SOLUTION] 0 3 31 32 20 19 18 30
[INTERACTOR → SOLUTION] 0 4 43 44 33 32 31 42
[INTERACTOR → SOLUTION] 0 3 52 53 45 44 43 51
[INTERACTOR → SOLUTION] 2 12 6 7 8 9 2 1
[INTERACTOR → SOLUTION] 3 2 20 21 10 7 6 19
[INTERACTOR → SOLUTION] 3 9 33 34 22 21 20 32
[INTERACTOR → SOLUTION] 1 6 45 46 35 34 33 44
[INTERACTOR → SOLUTION] 4 5 10 11 12 13 8 7
[INTERACTOR → SOLUTION] 4 9 22 23 24 11 10 21
[INTERACTOR → SOLUTION] 1 5 35 36 37 23 22 34
[INTERACTOR → SOLUTION] C0 2 25 28
[INTERACTOR → SOLUTION] C1 2 17 27
[INTERACTOR → SOLUTION] C2 2 38 40
[INTERACTOR → SOLUTION] C3 2 51 52
[INTERACTOR → SOLUTION] C4 2 45 46
[INTERACTOR → SOLUTION] C31 8 4 5 12 13 23 37 2 3
[SOLUTION → INTERACTOR] START
[SOLUTION → INTERACTOR] BUILD_DC 39
[SOLUTION → INTERACTOR] BUILD_DC 44
[SOLUTION → INTERACTOR] BUILD_CABLE 39 41
[SOLUTION → INTERACTOR] BUILD_CABLE 44 33
[INTERACTOR → SOLUTION] 9
[INTERACTOR → SOLUTION] 0 0 0 0 0
[SOLUTION → INTERACTOR] 0
[INTERACTOR → SOLUTION] 8
[INTERACTOR → SOLUTION] 0 0 0 1 0
[SOLUTION → INTERACTOR] 0
[INTERACTOR → SOLUTION] 12
[INTERACTOR → SOLUTION] 0 0 0 1 0
[SOLUTION → INTERACTOR] 0
[INTERACTOR → SOLUTION] 7
[INTERACTOR → SOLUTION] 0 0 0 1 0
[SOLUTION → INTERACTOR] 0
[INTERACTOR → SOLUTION] 2
[INTERACTOR → SOLUTION] 0 0 0 1 0
[SOLUTION → INTERACTOR] 0
[INTERACTOR → SOLUTION] 3
[INTERACTOR → SOLUTION] 1 0 0 1 0
[SOLUTION → INTERACTOR] 0
[INTERACTOR → SOLUTION] 9
[INTERACTOR → SOLUTION] 1 0 0 1 0
[SOLUTION → INTERACTOR] 0
[INTERACTOR → SOLUTION] 7
[INTERACTOR → SOLUTION] 1 0 0 1 0
[SOLUTION → INTERACTOR] 0
[INTERACTOR → SOLUTION] 2
[INTERACTOR → SOLUTION] 1 0 0 1 0
[SOLUTION → INTERACTOR] 0
[INTERACTOR → SOLUTION] 8
[INTERACTOR → SOLUTION] 1 0 0 2 0
[SOLUTION → INTERACTOR] 0
[INTERACTOR → SOLUTION] 6
[INTERACTOR → SOLUTION] 1 1 1 2 0
[SOLUTION → INTERACTOR] 1
[SOLUTION → INTERACTOR] BUILD_CABLE 33 34
[INTERACTOR → SOLUTION] 5
[INTERACTOR → SOLUTION] 0 0 1 2 0
[SOLUTION → INTERACTOR] 0
[INTERACTOR → SOLUTION] 3
[INTERACTOR → SOLUTION] 1 0 1 2 0
[SOLUTION → INTERACTOR] 0
[INTERACTOR → SOLUTION] 7
[INTERACTOR → SOLUTION] 1 0 1 2 0
[SOLUTION → INTERACTOR] 0
[INTERACTOR → SOLUTION] 12
[INTERACTOR → SOLUTION] 1 0 1 2 0
[SOLUTION → INTERACTOR] 0
[INTERACTOR → SOLUTION] 6
[INTERACTOR → SOLUTION] 1 1 2 2 0
[SOLUTION → INTERACTOR] 1
[SOLUTION → INTERACTOR] BUILD_DC 34
[INTERACTOR → SOLUTION] 6
[INTERACTOR → SOLUTION] 0 2 2 1 0
[SOLUTION → INTERACTOR] 0
[INTERACTOR → SOLUTION] 10
[INTERACTOR → SOLUTION] 0 2 3 1 0
[SOLUTION → INTERACTOR] 0
[INTERACTOR → SOLUTION] 6
[INTERACTOR → SOLUTION] 0 4 4 1 0
[SOLUTION → INTERACTOR] 0
[INTERACTOR → SOLUTION] 5
[INTERACTOR → SOLUTION] 0 5 4 1 0
[SOLUTION → INTERACTOR] 0
[INTERACTOR → SOLUTION] 9
[INTERACTOR → SOLUTION] 0 5 4 2 0
[SOLUTION → INTERACTOR] 0
[INTERACTOR → SOLUTION] 7
[INTERACTOR → SOLUTION] 0 5 4 2 0
[SOLUTION → INTERACTOR] 0
[INTERACTOR → SOLUTION] 11
[INTERACTOR → SOLUTION] 0 5 4 2 0
[SOLUTION → INTERACTOR] 0
[INTERACTOR → SOLUTION] 2
[INTERACTOR → SOLUTION] 0 5 4 2 0
[SOLUTION → INTERACTOR] 0
[INTERACTOR → SOLUTION] 6
[INTERACTOR → SOLUTION] 0 7 5 2 0
[SOLUTION → INTERACTOR] 2
[SOLUTION → INTERACTOR] CONVERT 1 0
[SOLUTION → INTERACTOR] BUILD_CABLE 41 42
[INTERACTOR → SOLUTION] 6
[INTERACTOR → SOLUTION] 0 4 6 2 0
[SOLUTION → INTERACTOR] 0
[INTERACTOR → SOLUTION] 4
[INTERACTOR → SOLUTION] 1 4 6 2 0
[SOLUTION → INTERACTOR] 1
[SOLUTION → INTERACTOR] BUILD_DC 42
[INTERACTOR → SOLUTION] 5
[INTERACTOR → SOLUTION] 0 4 5 1 0
[SOLUTION → INTERACTOR] 0
[INTERACTOR → SOLUTION] 6
[INTERACTOR → SOLUTION] 0 6 7 1 0
[SOLUTION → INTERACTOR] 2
[SOLUTION → INTERACTOR] CONVERT 2 0
[SOLUTION → INTERACTOR] BUILD_CABLE 34 22
[INTERACTOR → SOLUTION] 3
[INTERACTOR → SOLUTION] 1 5 3 1 0
[SOLUTION → INTERACTOR] 1
[SOLUTION → INTERACTOR] BUILD_CABLE 22 23
[INTERACTOR → SOLUTION] 2
[INTERACTOR → SOLUTION] 0 4 3 1 0
[SOLUTION → INTERACTOR] 0
[INTERACTOR → SOLUTION] 7
[INTERACTOR → SOLUTION] 0 4 3 1 0
[SOLUTION → INTERACTOR] 0
[INTERACTOR → SOLUTION] 11
[INTERACTOR → SOLUTION] 0 4 3 1 0
[SOLUTION → INTERACTOR] 0
[INTERACTOR → SOLUTION] 5
[INTERACTOR → SOLUTION] 0 5 3 1 0
[SOLUTION → INTERACTOR] 0
[INTERACTOR → SOLUTION] 6
[INTERACTOR → SOLUTION] 0 7 5 1 0
[SOLUTION → INTERACTOR] 2
[SOLUTION → INTERACTOR] CONVERT 1 0
[SOLUTION → INTERACTOR] BUILD_DC 23
[INTERACTOR → SOLUTION] 10
[INTERACTOR → SOLUTION] 0 2 5 0 1
[SOLUTION → INTERACTOR] 0
[INTERACTOR → SOLUTION] 9
[INTERACTOR → SOLUTION] 0 2 5 1 2
[SOLUTION → INTERACTOR] 0
[INTERACTOR → SOLUTION] 9
[INTERACTOR → SOLUTION] 0 2 5 2 3
[SOLUTION → INTERACTOR] 1
[SOLUTION → INTERACTOR] UPGRADE_DC 39
[INTERACTOR → SOLUTION] 4
[INTERACTOR → SOLUTION] 2 2 5 0 0
[SOLUTION → INTERACTOR] 0
[INTERACTOR → SOLUTION] 8
[INTERACTOR → SOLUTION] 2 2 5 2 0
[SOLUTION → INTERACTOR] 0
[INTERACTOR → SOLUTION] 37
[INTERACTOR → SOLUTION] 4 5 25 26 14 17 27 28
[INTERACTOR → SOLUTION] 0 11 38 39 29 26 25 40
[INTERACTOR → SOLUTION] 0 10 47 48 41 39 38 49
[INTERACTOR → SOLUTION] 2 4 14 15 0 5 16 17
[INTERACTOR → SOLUTION] 4 4 29 30 18 15 14 26
[INTERACTOR → SOLUTION] 0 3 41 42 31 30 29 39
[INTERACTOR → SOLUTION] 3 8 50 51 43 42 41 48
[INTERACTOR → SOLUTION] 2 12 0 1 2 3 4 5
[INTERACTOR → SOLUTION] 2 5 18 19 6 1 0 15
[INTERACTOR → SOLUTION] 5 0 31 32 20 19 18 30
[INTERACTOR → SOLUTION] 1 10 43 44 33 32 31 42
[INTERACTOR → SOLUTION] 3 11 52 53 45 44 43 51
[INTERACTOR → SOLUTION] 0 2 6 7 8 9 2 1
[INTERACTOR → SOLUTION] 4 3 20 21 10 7 6 19
[INTERACTOR → SOLUTION] 1 9 33 34 22 21 20 32
[INTERACTOR → SOLUTION] 3 9 45 46 35 34 33 44
[INTERACTOR → SOLUTION] 2 8 10 11 12 13 8 7
[INTERACTOR → SOLUTION] 1 6 22 23 24 11 10 21
[INTERACTOR → SOLUTION] 3 6 35 36 37 23 22 34
[INTERACTOR → SOLUTION] C0 2 36 37
[INTERACTOR → SOLUTION] C1 2 45 46
[INTERACTOR → SOLUTION] C2 2 17 27
[INTERACTOR → SOLUTION] C3 2 47 49
[INTERACTOR → SOLUTION] C4 2 23 24
[INTERACTOR → SOLUTION] C31 8 2 9 48 50 11 12 38 40
[SOLUTION → INTERACTOR] START
[SOLUTION → INTERACTOR] BUILD_DC 10
[SOLUTION → INTERACTOR] BUILD_DC 41
[SOLUTION → INTERACTOR] BUILD_CABLE 10 21
[SOLUTION → INTERACTOR] BUILD_CABLE 41 42
[INTERACTOR → SOLUTION] 11
[INTERACTOR → SOLUTION] 0 0 0 0 0
[SOLUTION → INTERACTOR] 0
[INTERACTOR → SOLUTION] 9
[INTERACTOR → SOLUTION] 0 0 0 0 0
[SOLUTION → INTERACTOR] 0
[INTERACTOR → SOLUTION] 10
[INTERACTOR → SOLUTION] 1 0 0 0 0
[SOLUTION → INTERACTOR] 0
[INTERACTOR → SOLUTION] 4
[INTERACTOR → SOLUTION] 1 0 0 0 0
[SOLUTION → INTERACTOR] 0
[INTERACTOR → SOLUTION] 3
[INTERACTOR → SOLUTION] 2 0 0 0 1
[SOLUTION → INTERACTOR] 0
[INTERACTOR → SOLUTION] 7
[INTERACTOR → SOLUTION] 2 0 0 0 1
[SOLUTION → INTERACTOR] 0
[INTERACTOR → SOLUTION] 7
[INTERACTOR → SOLUTION] 2 0 0 0 1
[SOLUTION → INTERACTOR] 0
[INTERACTOR → SOLUTION] 9
[INTERACTOR → SOLUTION] 2 0 0 0 1
[SOLUTION → INTERACTOR] 0
[INTERACTOR → SOLUTION] 9
[INTERACTOR → SOLUTION] 2 0 0 0 1
[SOLUTION → INTERACTOR] 0
[INTERACTOR → SOLUTION] 6
[INTERACTOR → SOLUTION] 2 1 0 0 1
[SOLUTION → INTERACTOR] 1
[SOLUTION → INTERACTOR] BUILD_CABLE 21 22
[INTERACTOR → SOLUTION] 9
[INTERACTOR → SOLUTION] 1 0 0 0 1
[SOLUTION → INTERACTOR] 0
[INTERACTOR → SOLUTION] 7
[INTERACTOR → SOLUTION] 1 0 0 0 1
[SOLUTION → INTERACTOR] 0
[INTERACTOR → SOLUTION] 10
[INTERACTOR → SOLUTION] 2 0 0 0 1
[SOLUTION → INTERACTOR] 0
[INTERACTOR → SOLUTION] 5
[INTERACTOR → SOLUTION] 2 0 0 0 1
[SOLUTION → INTERACTOR] 0
[INTERACTOR → SOLUTION] 10
[INTERACTOR → SOLUTION] 3 0 0 0 1
[SOLUTION → INTERACTOR] 0
[INTERACTOR → SOLUTION] 7
[INTERACTOR → SOLUTION] 3 0 0 0 1
[SOLUTION → INTERACTOR] 0
[INTERACTOR → SOLUTION] 8
[INTERACTOR → SOLUTION] 3 0 1 1 1
[SOLUTION → INTERACTOR] 0
[INTERACTOR → SOLUTION] 12
[INTERACTOR → SOLUTION] 3 0 1 1 1
[SOLUTION → INTERACTOR] 0
[INTERACTOR → SOLUTION] 3
[INTERACTOR → SOLUTION] 4 0 1 1 2
[SOLUTION → INTERACTOR] 0
[INTERACTOR → SOLUTION] 8
[INTERACTOR → SOLUTION] 4 0 2 2 2
[SOLUTION → INTERACTOR] 0
[INTERACTOR → SOLUTION] 8
[INTERACTOR → SOLUTION] 4 0 3 3 2
[SOLUTION → INTERACTOR] 0
[INTERACTOR → SOLUTION] 11
[INTERACTOR → SOLUTION] 4 0 3 3 2
[SOLUTION → INTERACTOR] 0
[INTERACTOR → SOLUTION] 9
[INTERACTOR → SOLUTION] 4 0 3 3 2
[SOLUTION → INTERACTOR] 0
[INTERACTOR → SOLUTION] 4
[INTERACTOR → SOLUTION] 4 0 3 3 2
[SOLUTION → INTERACTOR] 0
[INTERACTOR → SOLUTION] 10
[INTERACTOR → SOLUTION] 5 0 3 3 2
[SOLUTION → INTERACTOR] 0
[INTERACTOR → SOLUTION] 4
[INTERACTOR → SOLUTION] 5 0 3 3 2
[SOLUTION → INTERACTOR] 0
[INTERACTOR → SOLUTION] 8
[INTERACTOR → SOLUTION] 5 0 4 4 2
[SOLUTION → INTERACTOR] 0
[INTERACTOR → SOLUTION] 7
[INTERACTOR → SOLUTION] 5 0 4 4 2
[SOLUTION → INTERACTOR] 0
[INTERACTOR → SOLUTION] 5
[INTERACTOR → SOLUTION] 5 0 4 4 2
[SOLUTION → INTERACTOR] 0
[INTERACTOR → SOLUTION] 2
[INTERACTOR → SOLUTION] 5 0 4 4 2
[SOLUTION → INTERACTOR] 0
[INTERACTOR → SOLUTION] 4
[INTERACTOR → SOLUTION] 5 0 4 4 2
[SOLUTION → INTERACTOR] 0
[INTERACTOR → SOLUTION] 7
[INTERACTOR → SOLUTION] 5 0 4 4 2
[SOLUTION → INTERACTOR] 0
[INTERACTOR → SOLUTION] 9
[INTERACTOR → SOLUTION] 5 0 4 4 2
[SOLUTION → INTERACTOR] 0
[INTERACTOR → SOLUTION] 10
[INTERACTOR → SOLUTION] 6 0 4 4 2
[SOLUTION → INTERACTOR] 0
[INTERACTOR → SOLUTION] 3
[INTERACTOR → SOLUTION] 7 0 4 4 3
[SOLUTION → INTERACTOR] 3
[SOLUTION → INTERACTOR] CONVERT 0 1
[SOLUTION → INTERACTOR] BUILD_DC 22
[SOLUTION → INTERACTOR] UPGRADE_DC 22
[INTERACTOR → SOLUTION] 5
[INTERACTOR → SOLUTION] 2 0 3 1 0
[SOLUTION → INTERACTOR] 0
[INTERACTOR → SOLUTION] 11
[INTERACTOR → SOLUTION] 2 0 3 1 0
[SOLUTION → INTERACTOR] 0
[INTERACTOR → SOLUTION] 47
[INTERACTOR → SOLUTION] 0 10 25 26 14 17 27 28
[INTERACTOR → SOLUTION] 4 6 38 39 29 26 25 40
[INTERACTOR → SOLUTION] 0 8 47 48 41 39 38 49
[INTERACTOR → SOLUTION] 2 5 14 15 0 5 16 17
[INTERACTOR → SOLUTION] 1 9 29 30 18 15 14 26
[INTERACTOR → SOLUTION] 0 2 41 42 31 30 29 39
[INTERACTOR → SOLUTION] 5 0 50 51 43 42 41 48
[INTERACTOR → SOLUTION] 4 3 0 1 2 3 4 5
[INTERACTOR → SOLUTION] 3 5 18 19 6 1 0 15
[INTERACTOR → SOLUTION] 2 6 31 32 20 19 18 30
[INTERACTOR → SOLUTION] 4 11 43 44 33 32 31 42
[INTERACTOR → SOLUTION] 1 9 52 53 45 44 43 51
[INTERACTOR → SOLUTION] 2 11 6 7 8 9 2 1
[INTERACTOR → SOLUTION] 2 4 20 21 10 7 6 19
[INTERACTOR → SOLUTION] 3 10 33 34 22 21 20 32
[INTERACTOR → SOLUTION] 3 12 45 46 35 34 33 44
[INTERACTOR → SOLUTION] 1 8 10 11 12 13 8 7
[INTERACTOR → SOLUTION] 3 4 22 23 24 11 10 21
[INTERACTOR → SOLUTION] 0 3 35 36 37 23 22 34
[INTERACTOR → SOLUTION] C0 2 5 16
[INTERACTOR → SOLUTION] C1 2 45 53
[INTERACTOR → SOLUTION] C2 2 47 48
[INTERACTOR → SOLUTION] C3 2 27 28
[INTERACTOR → SOLUTION] C4 2 38 49
[INTERACTOR → SOLUTION] C31 8 36 37 25 40 8 13 2 9
[SOLUTION → INTERACTOR] START
[SOLUTION → INTERACTOR] BUILD_DC 14
[SOLUTION → INTERACTOR] BUILD_DC 22
[SOLUTION → INTERACTOR] BUILD_CABLE 14 15
[SOLUTION → INTERACTOR] BUILD_CABLE 22 21
[INTERACTOR → SOLUTION] 7
[INTERACTOR → SOLUTION] 0 0 0 0 0
[SOLUTION → INTERACTOR] 0
[INTERACTOR → SOLUTION] 7
[INTERACTOR → SOLUTION] 0 0 0 0 0
[SOLUTION → INTERACTOR] 0
[INTERACTOR → SOLUTION] 11
[INTERACTOR → SOLUTION] 0 0 0 0 0
[SOLUTION → INTERACTOR] 0
[INTERACTOR → SOLUTION] 5
[INTERACTOR → SOLUTION] 0 0 1 0 0
[SOLUTION → INTERACTOR] 0
[INTERACTOR → SOLUTION] 8
[INTERACTOR → SOLUTION] 0 0 1 0 0
[SOLUTION → INTERACTOR] 0
[INTERACTOR → SOLUTION] 9
[INTERACTOR → SOLUTION] 0 1 1 0 0
[SOLUTION → INTERACTOR] 0
[INTERACTOR → SOLUTION] 8
[INTERACTOR → SOLUTION] 0 1 1 0 0
[SOLUTION → INTERACTOR] 0
[INTERACTOR → SOLUTION] 2
[INTERACTOR → SOLUTION] 0 1 1 0 0
[SOLUTION → INTERACTOR] 0
[INTERACTOR → SOLUTION] 9
[INTERACTOR → SOLUTION] 0 2 1 0 0
[SOLUTION → INTERACTOR] 0
[INTERACTOR → SOLUTION] 6
[INTERACTOR → SOLUTION] 0 2 1 0 0
[SOLUTION → INTERACTOR] 0
[INTERACTOR → SOLUTION] 5
[INTERACTOR → SOLUTION] 0 2 2 0 0
[SOLUTION → INTERACTOR] 0
[INTERACTOR → SOLUTION] 7
[INTERACTOR → SOLUTION] 0 2 2 0 0
[SOLUTION → INTERACTOR] 0
[INTERACTOR → SOLUTION] 7
[INTERACTOR → SOLUTION] 0 2 2 0 0
[SOLUTION → INTERACTOR] 0
[INTERACTOR → SOLUTION] 7
[INTERACTOR → SOLUTION] 0 2 2 0 0
[SOLUTION → INTERACTOR] 0
[INTERACTOR → SOLUTION] 4
[INTERACTOR → SOLUTION] 0 2 2 1 0
[SOLUTION → INTERACTOR] 0
[INTERACTOR → SOLUTION] 10
[INTERACTOR → SOLUTION] 1 2 2 2 0
[SOLUTION → INTERACTOR] 1
[SOLUTION → INTERACTOR] BUILD_CABLE 15 18
[INTERACTOR → SOLUTION] 9
[INTERACTOR → SOLUTION] 0 2 2 2 0
[SOLUTION → INTERACTOR] 0
[INTERACTOR → SOLUTION] 3
[INTERACTOR → SOLUTION] 1 2 2 2 0
[SOLUTION → INTERACTOR] 1
[SOLUTION → INTERACTOR] BUILD_DC 18
[INTERACTOR → SOLUTION] 7
[INTERACTOR → SOLUTION] 0 1 1 1 0
[SOLUTION → INTERACTOR] 0
[INTERACTOR → SOLUTION] 4
[INTERACTOR → SOLUTION] 0 1 1 2 0
[SOLUTION → INTERACTOR] 0
[INTERACTOR → SOLUTION] 7
[INTERACTOR → SOLUTION] 0 1 1 2 0
[SOLUTION → INTERACTOR] 0
[INTERACTOR → SOLUTION] 7
[INTERACTOR → SOLUTION] 0 1 1 2 0
[SOLUTION → INTERACTOR] 0
[INTERACTOR → SOLUTION] 5
[INTERACTOR → SOLUTION] 0 1 2 3 0
[SOLUTION → INTERACTOR] 0
[INTERACTOR → SOLUTION] 6
[INTERACTOR → SOLUTION] 0 1 3 3 0
[SOLUTION → INTERACTOR] 0
[INTERACTOR → SOLUTION] 6
[INTERACTOR → SOLUTION] 0 1 4 3 0
[SOLUTION → INTERACTOR] 0
[INTERACTOR → SOLUTION] 5
[INTERACTOR → SOLUTION] 0 1 5 4 0
[SOLUTION → INTERACTOR] 0
[INTERACTOR → SOLUTION] 6
[INTERACTOR → SOLUTION] 0 1 6 4 0
[SOLUTION → INTERACTOR] 0
[INTERACTOR → SOLUTION] 5
[INTERACTOR → SOLUTION] 0 1 7 5 0
[SOLUTION → INTERACTOR] 2
[SOLUTION → INTERACTOR] CONVERT 2 0
[SOLUTION → INTERACTOR] BUILD_CABLE 21 10
[INTERACTOR → SOLUTION] 7
[INTERACTOR → SOLUTION] 0 0 3 5 0
[SOLUTION → INTERACTOR] 0
[INTERACTOR → SOLUTION] 3
[INTERACTOR → SOLUTION] 1 0 3 5 0
[SOLUTION → INTERACTOR] 0
[INTERACTOR → SOLUTION] 7
[INTERACTOR → SOLUTION] 1 0 3 5 0
[SOLUTION → INTERACTOR] 0
[INTERACTOR → SOLUTION] 8
[INTERACTOR → SOLUTION] 1 0 3 5 0
[SOLUTION → INTERACTOR] 0
[INTERACTOR → SOLUTION] 4
[INTERACTOR → SOLUTION] 1 0 3 6 0
[SOLUTION → INTERACTOR] 0
[INTERACTOR → SOLUTION] 5
[INTERACTOR → SOLUTION] 1 0 4 7 0
[SOLUTION → INTERACTOR] 0
[INTERACTOR → SOLUTION] 7
[INTERACTOR → SOLUTION] 1 0 4 7 0
[SOLUTION → INTERACTOR] 0
[INTERACTOR → SOLUTION] 4
[INTERACTOR → SOLUTION] 1 0 4 8 0
[SOLUTION → INTERACTOR] 0
[INTERACTOR → SOLUTION] 7
[INTERACTOR → SOLUTION] 1 0 4 8 0
[SOLUTION → INTERACTOR] 0
[INTERACTOR → SOLUTION] 4
[INTERACTOR → SOLUTION] 1 0 4 9 0
[SOLUTION → INTERACTOR] 0
[INTERACTOR → SOLUTION] 7
[INTERACTOR → SOLUTION] 1 0 4 9 0
[SOLUTION → INTERACTOR] 0
[INTERACTOR → SOLUTION] 12
[INTERACTOR → SOLUTION] 1 0 4 9 0
[SOLUTION → INTERACTOR] 0
[INTERACTOR → SOLUTION] 4
[INTERACTOR → SOLUTION] 1 0 4 10 0
[SOLUTION → INTERACTOR] 0
[INTERACTOR → SOLUTION] 7
[INTERACTOR → SOLUTION] 1 0 4 10 0
[SOLUTION → INTERACTOR] 0
[INTERACTOR → SOLUTION] 8
[INTERACTOR → SOLUTION] 1 0 4 10 0
[SOLUTION → INTERACTOR] 0
[INTERACTOR → SOLUTION] 5
[INTERACTOR → SOLUTION] 1 0 5 11 0
[SOLUTION → INTERACTOR] 0
[INTERACTOR → SOLUTION] 8
[INTERACTOR → SOLUTION] 1 0 5 11 0
[SOLUTION → INTERACTOR] 0
[INTERACTOR → SOLUTION] 11
[INTERACTOR → SOLUTION] 1 0 5 11 0
[SOLUTION → INTERACTOR] 0
[INTERACTOR → SOLUTION] 7
[INTERACTOR → SOLUTION] 1 0 5 11 0
[SOLUTION → INTERACTOR] 0
[INTERACTOR → SOLUTION] SCORE: 99
