[INTERACTOR → SOLUTION] 8
[INTERACTOR → SOLUTION] 116
[INTERACTOR → SOLUTION] 5 0 25 26 14 17 27 28
[INTERACTOR → SOLUTION] 3 11 38 39 29 26 25 40
[INTERACTOR → SOLUTION] 0 10 47 48 41 39 38 49
[INTERACTOR → SOLUTION] 3 12 14 15 0 5 16 17
[INTERACTOR → SOLUTION] 0 9 29 30 18 15 14 26
[INTERACTOR → SOLUTION] 4 4 41 42 31 30 29 39
[INTERACTOR → SOLUTION] 3 3 50 51 43 42 41 48
[INTERACTOR → SOLUTION] 2 8 0 1 2 3 4 5
[INTERACTOR → SOLUTION] 3 5 18 19 6 1 0 15
[INTERACTOR → SOLUTION] 3 11 31 32 20 19 18 30
[INTERACTOR → SOLUTION] 4 3 43 44 33 32 31 42
[INTERACTOR → SOLUTION] 0 10 52 53 45 44 43 51
[INTERACTOR → SOLUTION] 2 6 6 7 8 9 2 1
[INTERACTOR → SOLUTION] 2 6 20 21 10 7 6 19
[INTERACTOR → SOLUTION] 4 2 33 34 22 21 20 32
[INTERACTOR → SOLUTION] 1 4 45 46 35 34 33 44
[INTERACTOR → SOLUTION] 2 8 10 11 12 13 8 7
[INTERACTOR → SOLUTION] 4 9 22 23 24 11 10 21
[INTERACTOR → SOLUTION] 0 5 35 36 37 23 22 34
[INTERACTOR → SOLUTION] C0 2 4 5
[INTERACTOR → SOLUTION] C1 2 27 28
[INTERACTOR → SOLUTION] C2 2 12 13
[INTERACTOR → SOLUTION] C3 2 51 52
[INTERACTOR → SOLUTION] C4 2 47 49
[INTERACTOR → SOLUTION] C31 8 2 9 45 53 23 24 48 50
[SOLUTION → INTERACTOR] START
[SOLUTION → INTERACTOR] BUILD_DC 1
[SOLUTION → INTERACTOR] BUILD_DC 34
[SOLUTION → INTERACTOR] BUILD_CABLE 1 6
[SOLUTION → INTERACTOR] BUILD_CABLE 34 22
[INTERACTOR → SOLUTION] 12
[INTERACTOR → SOLUTION] 0 0 0 0 0
[SOLUTION → INTERACTOR] 0
[INTERACTOR → SOLUTION] 7
[INTERACTOR → SOLUTION] 0 0 0 0 0
[SOLUTION → INTERACTOR] 0
[INTERACTOR → SOLUTION] 7
[INTERACTOR → SOLUTION] 0 0 0 0 0
[SOLUTION → INTERACTOR] 0
[INTERACTOR → SOLUTION] 7
[INTERACTOR → SOLUTION] 0 0 0 0 0
[SOLUTION → INTERACTOR] 0
[INTERACTOR → SOLUTION] 10
[INTERACTOR → SOLUTION] 0 0 0 0 0
[SOLUTION → INTERACTOR] 0
[INTERACTOR → SOLUTION] 7
[INTERACTOR → SOLUTION] 0 0 0 0 0
[SOLUTION → INTERACTOR] 0
[INTERACTOR → SOLUTION] 11
[INTERACTOR → SOLUTION] 0 0 0 0 0
[SOLUTION → INTERACTOR] 0
[INTERACTOR → SOLUTION] 11
[INTERACTOR → SOLUTION] 0 0 0 0 0
[SOLUTION → INTERACTOR] 0
[INTERACTOR → SOLUTION] 10
[INTERACTOR → SOLUTION] 0 0 0 0 0
[SOLUTION → INTERACTOR] 0
[INTERACTOR → SOLUTION] 6
[INTERACTOR → SOLUTION] 0 0 1 0 0
[SOLUTION → INTERACTOR] 0
[INTERACTOR → SOLUTION] 6
[INTERACTOR → SOLUTION] 0 0 2 0 0
[SOLUTION → INTERACTOR] 0
[INTERACTOR → SOLUTION] 11
[INTERACTOR → SOLUTION] 0 0 2 0 0
[SOLUTION → INTERACTOR] 0
[INTERACTOR → SOLUTION] 5
[INTERACTOR → SOLUTION] 1 0 2 1 0
[SOLUTION → INTERACTOR] 0
[INTERACTOR → SOLUTION] 11
[INTERACTOR → SOLUTION] 1 0 2 1 0
[SOLUTION → INTERACTOR] 0
[INTERACTOR → SOLUTION] 8
[INTERACTOR → SOLUTION] 1 0 3 1 0
[SOLUTION → INTERACTOR] 0
[INTERACTOR → SOLUTION] 7
[INTERACTOR → SOLUTION] 1 0 3 1 0
[SOLUTION → INTERACTOR] 0
[INTERACTOR → SOLUTION] 6
[INTERACTOR → SOLUTION] 1 0 4 1 0
[SOLUTION → INTERACTOR] 0
[INTERACTOR → SOLUTION] 7
[INTERACTOR → SOLUTION] 1 0 4 1 0
[SOLUTION → INTERACTOR] 0
[INTERACTOR → SOLUTION] 8
[INTERACTOR → SOLUTION] 1 0 5 1 0
[SOLUTION → INTERACTOR] 0
[INTERACTOR → SOLUTION] 8
[INTERACTOR → SOLUTION] 1 0 6 1 0
[SOLUTION → INTERACTOR] 0
[INTERACTOR → SOLUTION] 12
[INTERACTOR → SOLUTION] 1 0 6 1 0
[SOLUTION → INTERACTOR] 0
[INTERACTOR → SOLUTION] 4
[INTERACTOR → SOLUTION] 1 1 6 1 0
[SOLUTION → INTERACTOR] 1
[SOLUTION → INTERACTOR] BUILD_CABLE 22 23
[INTERACTOR → SOLUTION] 3
[INTERACTOR → SOLUTION] 0 0 6 1 0
[SOLUTION → INTERACTOR] 0
[INTERACTOR → SOLUTION] 4
[INTERACTOR → SOLUTION] 0 1 6 1 0
[SOLUTION → INTERACTOR] 0
[INTERACTOR → SOLUTION] 5
[INTERACTOR → SOLUTION] 1 1 6 2 0
[SOLUTION → INTERACTOR] 1
[SOLUTION → INTERACTOR] BUILD_DC 23
[INTERACTOR → SOLUTION] 3
[INTERACTOR → SOLUTION] 0 0 5 1 0
[SOLUTION → INTERACTOR] 0
[INTERACTOR → SOLUTION] 9
[INTERACTOR → SOLUTION] 0 0 5 1 1
[SOLUTION → INTERACTOR] 0
[INTERACTOR → SOLUTION] 4
[INTERACTOR → SOLUTION] 0 1 5 1 1
[SOLUTION → INTERACTOR] 0
[INTERACTOR → SOLUTION] 8
[INTERACTOR → SOLUTION] 0 1 6 1 1
[SOLUTION → INTERACTOR] 2
[SOLUTION → INTERACTOR] CONVERT 2 0
[SOLUTION → INTERACTOR] BUILD_CABLE 6 7
[INTERACTOR → SOLUTION] 8
[INTERACTOR → SOLUTION] 0 0 4 1 1
[SOLUTION → INTERACTOR] 0
[INTERACTOR → SOLUTION] 4
[INTERACTOR → SOLUTION] 0 1 4 1 1
[SOLUTION → INTERACTOR] 0
[INTERACTOR → SOLUTION] 7
[INTERACTOR → SOLUTION] 0 1 4 1 1
[SOLUTION → INTERACTOR] 0
[INTERACTOR → SOLUTION] 9
[INTERACTOR → SOLUTION] 0 1 4 1 2
[SOLUTION → INTERACTOR] 0
[INTERACTOR → SOLUTION] 6
[INTERACTOR → SOLUTION] 0 1 5 1 2
[SOLUTION → INTERACTOR] 0
[INTERACTOR → SOLUTION] 8
[INTERACTOR → SOLUTION] 0 1 6 1 2
[SOLUTION → INTERACTOR] 2
[SOLUTION → INTERACTOR] CONVERT 2 0
[SOLUTION → INTERACTOR] BUILD_DC 7
[INTERACTOR → SOLUTION] 7
[INTERACTOR → SOLUTION] 0 0 2 0 2
[SOLUTION → INTERACTOR] 0
[INTERACTOR → SOLUTION] 9
[INTERACTOR → SOLUTION] 0 0 2 0 3
[SOLUTION → INTERACTOR] 0
[INTERACTOR → SOLUTION] 6
[INTERACTOR → SOLUTION] 0 0 5 0 3
[SOLUTION → INTERACTOR] 0
[INTERACTOR → SOLUTION] 3
[INTERACTOR → SOLUTION] 0 0 5 0 3
[SOLUTION → INTERACTOR] 0
[INTERACTOR → SOLUTION] 3
[INTERACTOR → SOLUTION] 0 0 5 0 3
[SOLUTION → INTERACTOR] 0
[INTERACTOR → SOLUTION] 6
[INTERACTOR → SOLUTION] 0 0 8 0 3
[SOLUTION → INTERACTOR] 1
[SOLUTION → INTERACTOR] CONVERT 2 0
[INTERACTOR → SOLUTION] 7
[INTERACTOR → SOLUTION] 1 0 5 0 3
[SOLUTION → INTERACTOR] 0
[INTERACTOR → SOLUTION] 5
[INTERACTOR → SOLUTION] 3 0 5 1 3
[SOLUTION → INTERACTOR] 0
[INTERACTOR → SOLUTION] 3
[INTERACTOR → SOLUTION] 3 0 5 1 3
[SOLUTION → INTERACTOR] 0
[INTERACTOR → SOLUTION] 8
[INTERACTOR → SOLUTION] 3 0 7 1 3
[SOLUTION → INTERACTOR] 2
[SOLUTION → INTERACTOR] CONVERT 2 1
[SOLUTION → INTERACTOR] BUILD_CABLE 6 19
[INTERACTOR → SOLUTION] 8
[INTERACTOR → SOLUTION] 2 0 6 1 3
[SOLUTION → INTERACTOR] 2
[SOLUTION → INTERACTOR] CONVERT 2 1
[SOLUTION → INTERACTOR] BUILD_DC 19
[INTERACTOR → SOLUTION] 7
[INTERACTOR → SOLUTION] 1 0 2 0 3
[SOLUTION → INTERACTOR] 0
[INTERACTOR → SOLUTION] 8
[INTERACTOR → SOLUTION] 1 0 4 0 3
[SOLUTION → INTERACTOR] 0
[INTERACTOR → SOLUTION] 6
[INTERACTOR → SOLUTION] 1 0 8 0 3
[SOLUTION → INTERACTOR] 2
[SOLUTION → INTERACTOR] CONVERT 2 1
[SOLUTION → INTERACTOR] BUILD_CABLE 22 21
[INTERACTOR → SOLUTION] 6
[INTERACTOR → SOLUTION] 0 0 9 0 3
[SOLUTION → INTERACTOR] 3
[SOLUTION → INTERACTOR] CONVERT 2 0
[SOLUTION → INTERACTOR] CONVERT 2 1
[SOLUTION → INTERACTOR] BUILD_CABLE 1 2
[INTERACTOR → SOLUTION] 6
[INTERACTOR → SOLUTION] 0 0 7 0 3
[SOLUTION → INTERACTOR] 1
[SOLUTION → INTERACTOR] CONVERT 2 0
[INTERACTOR → SOLUTION] 9
[INTERACTOR → SOLUTION] 1 0 4 0 4
[SOLUTION → INTERACTOR] 0
[INTERACTOR → SOLUTION] 10
[INTERACTOR → SOLUTION] 1 0 4 0 4
[SOLUTION → INTERACTOR] 0
[INTERACTOR → SOLUTION] 5
[INTERACTOR → SOLUTION] 3 0 4 2 4
[SOLUTION → INTERACTOR] 1
[SOLUTION → INTERACTOR] UPGRADE_DC 7
[INTERACTOR → SOLUTION] 6
[INTERACTOR → SOLUTION] 3 0 10 0 1
[SOLUTION → INTERACTOR] 3
[SOLUTION → INTERACTOR] CONVERT 2 1
[SOLUTION → INTERACTOR] CONVERT 2 3
[SOLUTION → INTERACTOR] BUILD_DC 21
[INTERACTOR → SOLUTION] 2
[INTERACTOR → SOLUTION] 2 0 3 0 3
[SOLUTION → INTERACTOR] 0
[INTERACTOR → SOLUTION] 11
[INTERACTOR → SOLUTION] 2 0 3 1 3
[SOLUTION → INTERACTOR] 0
[INTERACTOR → SOLUTION] 9
[INTERACTOR → SOLUTION] 2 0 3 1 5
[SOLUTION → INTERACTOR] 0
[INTERACTOR → SOLUTION] 10
[INTERACTOR → SOLUTION] 2 0 3 1 5
[SOLUTION → INTERACTOR] 0
[INTERACTOR → SOLUTION] 8
[INTERACTOR → SOLUTION] 2 0 6 1 5
[SOLUTION → INTERACTOR] 2
[SOLUTION → INTERACTOR] CONVERT 2 1
[SOLUTION → INTERACTOR] BUILD_CABLE 2 9
[INTERACTOR → SOLUTION] 8
[INTERACTOR → SOLUTION] 1 0 6 1 5
[SOLUTION → INTERACTOR] 2
[SOLUTION → INTERACTOR] CONVERT 2 1
[SOLUTION → INTERACTOR] BUILD_DC 9
[INTERACTOR → SOLUTION] 8
[INTERACTOR → SOLUTION] 0 0 5 0 5
[SOLUTION → INTERACTOR] 0
[INTERACTOR → SOLUTION] 6
[INTERACTOR → SOLUTION] 0 0 13 0 5
[SOLUTION → INTERACTOR] 4
[SOLUTION → INTERACTOR] CONVERT 2 0
[SOLUTION → INTERACTOR] CONVERT 2 1
[SOLUTION → INTERACTOR] CONVERT 2 3
[SOLUTION → INTERACTOR] BUILD_CABLE 34 33
[INTERACTOR → SOLUTION] 8
[INTERACTOR → SOLUTION] 0 0 7 1 5
[SOLUTION → INTERACTOR] 1
[SOLUTION → INTERACTOR] CONVERT 2 0
[INTERACTOR → SOLUTION] 3
[INTERACTOR → SOLUTION] 1 0 4 1 5
[SOLUTION → INTERACTOR] 0
[INTERACTOR → SOLUTION] 7
[INTERACTOR → SOLUTION] 1 0 4 1 5
[SOLUTION → INTERACTOR] 0
[INTERACTOR → SOLUTION] 6
[INTERACTOR → SOLUTION] 1 0 12 1 5
[SOLUTION → INTERACTOR] 5
[SOLUTION → INTERACTOR] CONVERT 2 1
[SOLUTION → INTERACTOR] BUILD_CABLE 33 44
[SOLUTION → INTERACTOR] CONVERT 2 0
[SOLUTION → INTERACTOR] CONVERT 2 1
[SOLUTION → INTERACTOR] BUILD_DC 44
[INTERACTOR → SOLUTION] 12
[INTERACTOR → SOLUTION] 0 0 2 0 5
[SOLUTION → INTERACTOR] 0
[INTERACTOR → SOLUTION] 6
[INTERACTOR → SOLUTION] 0 0 10 0 5
[SOLUTION → INTERACTOR] 3
[SOLUTION → INTERACTOR] CONVERT 2 0
[SOLUTION → INTERACTOR] CONVERT 2 1
[SOLUTION → INTERACTOR] BUILD_CABLE 44 45
[INTERACTOR → SOLUTION] 6
[INTERACTOR → SOLUTION] 0 0 12 0 5
[SOLUTION → INTERACTOR] 4
[SOLUTION → INTERACTOR] CONVERT 2 0
[SOLUTION → INTERACTOR] CONVERT 2 1
[SOLUTION → INTERACTOR] CONVERT 2 3
[SOLUTION → INTERACTOR] BUILD_CABLE 45 53
[INTERACTOR → SOLUTION] 6
[INTERACTOR → SOLUTION] 0 0 11 1 5
[SOLUTION → INTERACTOR] 3
[SOLUTION → INTERACTOR] CONVERT 2 0
[SOLUTION → INTERACTOR] CONVERT 2 1
[SOLUTION → INTERACTOR] BUILD_DC 53
[INTERACTOR → SOLUTION] 9
[INTERACTOR → SOLUTION] 0 0 4 0 7
[SOLUTION → INTERACTOR] 1
[SOLUTION → INTERACTOR] CONVERT 4 3
[INTERACTOR → SOLUTION] 9
[INTERACTOR → SOLUTION] 0 0 4 1 6
[SOLUTION → INTERACTOR] 0
[INTERACTOR → SOLUTION] 5
[INTERACTOR → SOLUTION] 2 0 4 3 6
[SOLUTION → INTERACTOR] 1
[SOLUTION → INTERACTOR] UPGRADE_DC 1
[INTERACTOR → SOLUTION] 12
[INTERACTOR → SOLUTION] 2 0 4 1 3
[SOLUTION → INTERACTOR] 0
[INTERACTOR → SOLUTION] 12
[INTERACTOR → SOLUTION] 2 0 4 1 3
[SOLUTION → INTERACTOR] 0
[INTERACTOR → SOLUTION] 7
[INTERACTOR → SOLUTION] 2 0 4 1 3
[SOLUTION → INTERACTOR] 0
[INTERACTOR → SOLUTION] 8
[INTERACTOR → SOLUTION] 2 0 8 1 3
[SOLUTION → INTERACTOR] 2
[SOLUTION → INTERACTOR] CONVERT 2 1
[SOLUTION → INTERACTOR] BUILD_CABLE 2 3
[INTERACTOR → SOLUTION] 9
[INTERACTOR → SOLUTION] 1 0 5 1 5
[SOLUTION → INTERACTOR] 0
[INTERACTOR → SOLUTION] 11
[INTERACTOR → SOLUTION] 1 0 5 2 5
[SOLUTION → INTERACTOR] 1
[SOLUTION → INTERACTOR] UPGRADE_DC 19
[INTERACTOR → SOLUTION] 5
[INTERACTOR → SOLUTION] 3 0 5 4 2
[SOLUTION → INTERACTOR] 0
[INTERACTOR → SOLUTION] 4
[INTERACTOR → SOLUTION] 3 2 5 4 2
[SOLUTION → INTERACTOR] 2
[SOLUTION → INTERACTOR] BUILD_DC 3
[SOLUTION → INTERACTOR] BUILD_CABLE 33 32
[INTERACTOR → SOLUTION] 6
[INTERACTOR → SOLUTION] 1 0 14 3 2
[SOLUTION → INTERACTOR] 5
[SOLUTION → INTERACTOR] CONVERT 2 1
[SOLUTION → INTERACTOR] BUILD_DC 32
[SOLUTION → INTERACTOR] CONVERT 2 0
[SOLUTION → INTERACTOR] CONVERT 2 1
[SOLUTION → INTERACTOR] BUILD_CABLE 7 10
[INTERACTOR → SOLUTION] 3
[INTERACTOR → SOLUTION] 0 0 4 2 4
[SOLUTION → INTERACTOR] 1
[SOLUTION → INTERACTOR] UPGRADE_DC 21
[INTERACTOR → SOLUTION] 10
[INTERACTOR → SOLUTION] 2 0 4 0 1
[SOLUTION → INTERACTOR] 0
[INTERACTOR → SOLUTION] 6
[INTERACTOR → SOLUTION] 2 0 15 0 1
[SOLUTION → INTERACTOR] 5
[SOLUTION → INTERACTOR] CONVERT 2 1
[SOLUTION → INTERACTOR] CONVERT 2 3
[SOLUTION → INTERACTOR] BUILD_CABLE 10 11
[SOLUTION → INTERACTOR] CONVERT 2 1
[SOLUTION → INTERACTOR] BUILD_DC 11
[INTERACTOR → SOLUTION] 5
[INTERACTOR → SOLUTION] 2 0 5 4 1
[SOLUTION → INTERACTOR] 0
[INTERACTOR → SOLUTION] 6
[INTERACTOR → SOLUTION] 2 0 16 4 1
[SOLUTION → INTERACTOR] 7
[SOLUTION → INTERACTOR] CONVERT 2 1
[SOLUTION → INTERACTOR] BUILD_CABLE 1 0
[SOLUTION → INTERACTOR] CONVERT 2 1
[SOLUTION → INTERACTOR] BUILD_CABLE 0 15
[SOLUTION → INTERACTOR] CONVERT 2 0
[SOLUTION → INTERACTOR] CONVERT 2 1
[SOLUTION → INTERACTOR] BUILD_DC 15
[INTERACTOR → SOLUTION] 6
[INTERACTOR → SOLUTION] 0 0 14 3 1
[SOLUTION → INTERACTOR] 4
[SOLUTION → INTERACTOR] CONVERT 2 0
[SOLUTION → INTERACTOR] CONVERT 2 1
[SOLUTION → INTERACTOR] BUILD_CABLE 0 5
[SOLUTION → INTERACTOR] CONVERT 2 0
[INTERACTOR → SOLUTION] 8
[INTERACTOR → SOLUTION] 1 0 11 3 1
[SOLUTION → INTERACTOR] 3
[SOLUTION → INTERACTOR] CONVERT 2 1
[SOLUTION → INTERACTOR] BUILD_DC 5
[SOLUTION → INTERACTOR] CONVERT 2 0
[INTERACTOR → SOLUTION] 3
[INTERACTOR → SOLUTION] 1 0 4 2 3
[SOLUTION → INTERACTOR] 1
[SOLUTION → INTERACTOR] UPGRADE_DC 11
[INTERACTOR → SOLUTION] 5
[INTERACTOR → SOLUTION] 3 0 4 5 0
[SOLUTION → INTERACTOR] 0
[INTERACTOR → SOLUTION] 6
[INTERACTOR → SOLUTION] 3 0 15 5 0
[SOLUTION → INTERACTOR] 6
[SOLUTION → INTERACTOR] CONVERT 2 1
[SOLUTION → INTERACTOR] BUILD_CABLE 15 18
[SOLUTION → INTERACTOR] CONVERT 2 1
[SOLUTION → INTERACTOR] BUILD_CABLE 18 30
[SOLUTION → INTERACTOR] CONVERT 2 1
[SOLUTION → INTERACTOR] BUILD_DC 30
[INTERACTOR → SOLUTION] 4
[INTERACTOR → SOLUTION] 0 2 5 4 1
[SOLUTION → INTERACTOR] 0
[INTERACTOR → SOLUTION] 4
[INTERACTOR → SOLUTION] 0 4 5 4 2
[SOLUTION → INTERACTOR] 0
[INTERACTOR → SOLUTION] 8
[INTERACTOR → SOLUTION] 0 4 13 4 2
[SOLUTION → INTERACTOR] 6
[SOLUTION → INTERACTOR] CONVERT 2 0
[SOLUTION → INTERACTOR] BUILD_CABLE 30 29
[SOLUTION → INTERACTOR] CONVERT 2 0
[SOLUTION → INTERACTOR] BUILD_CABLE 29 39
[SOLUTION → INTERACTOR] CONVERT 2 0
[SOLUTION → INTERACTOR] BUILD_DC 39
[INTERACTOR → SOLUTION] 8
[INTERACTOR → SOLUTION] 0 1 11 3 2
[SOLUTION → INTERACTOR] 3
[SOLUTION → INTERACTOR] CONVERT 2 0
[SOLUTION → INTERACTOR] BUILD_CABLE 39 41
[SOLUTION → INTERACTOR] CONVERT 2 0
[INTERACTOR → SOLUTION] 5
[INTERACTOR → SOLUTION] 3 0 5 8 2
[SOLUTION → INTERACTOR] 0
[INTERACTOR → SOLUTION] 6
[INTERACTOR → SOLUTION] 3 0 16 8 2
[SOLUTION → INTERACTOR] 7
[SOLUTION → INTERACTOR] CONVERT 2 1
[SOLUTION → INTERACTOR] BUILD_CABLE 41 48
[SOLUTION → INTERACTOR] CONVERT 2 1
[SOLUTION → INTERACTOR] BUILD_DC 48
[SOLUTION → INTERACTOR] CONVERT 2 1
[SOLUTION → INTERACTOR] BUILD_CABLE 41 42
[SOLUTION → INTERACTOR] CONVERT 2 0
[INTERACTOR → SOLUTION] 3
[INTERACTOR → SOLUTION] 1 0 3 8 4
[SOLUTION → INTERACTOR] 1
[SOLUTION → INTERACTOR] UPGRADE_DC 30
[INTERACTOR → SOLUTION] 2
[INTERACTOR → SOLUTION] 1 0 3 6 5
[SOLUTION → INTERACTOR] 1
[SOLUTION → INTERACTOR] UPGRADE_DC 15
[INTERACTOR → SOLUTION] 5
[INTERACTOR → SOLUTION] 3 0 3 10 2
[SOLUTION → INTERACTOR] 0
[INTERACTOR → SOLUTION] 7
[INTERACTOR → SOLUTION] 3 0 3 10 2
[SOLUTION → INTERACTOR] 0
[INTERACTOR → SOLUTION] 7
[INTERACTOR → SOLUTION] 3 0 3 10 2
[SOLUTION → INTERACTOR] 0
[INTERACTOR → SOLUTION] 7
[INTERACTOR → SOLUTION] 3 0 3 10 2
[SOLUTION → INTERACTOR] 0
[INTERACTOR → SOLUTION] 11
[INTERACTOR → SOLUTION] 3 0 3 16 2
[SOLUTION → INTERACTOR] 0
[INTERACTOR → SOLUTION] 8
[INTERACTOR → SOLUTION] 3 0 11 16 2
[SOLUTION → INTERACTOR] 3
[SOLUTION → INTERACTOR] CONVERT 2 1
[SOLUTION → INTERACTOR] BUILD_DC 42
[SOLUTION → INTERACTOR] CONVERT 2 1
[INTERACTOR → SOLUTION] 6
[INTERACTOR → SOLUTION] 2 1 15 15 2
[SOLUTION → INTERACTOR] 2
[SOLUTION → INTERACTOR] CONVERT 2 4
[SOLUTION → INTERACTOR] UPGRADE_DC 34
[INTERACTOR → SOLUTION] 4
[INTERACTOR → SOLUTION] 2 4 12 13 4
[SOLUTION → INTERACTOR] 1
[SOLUTION → INTERACTOR] UPGRADE_DC 23
[INTERACTOR → SOLUTION] 11
[INTERACTOR → SOLUTION] 2 4 12 17 1
[SOLUTION → INTERACTOR] 0
[INTERACTOR → SOLUTION] 4
[INTERACTOR → SOLUTION] 2 7 12 17 5
[SOLUTION → INTERACTOR] 1
[SOLUTION → INTERACTOR] UPGRADE_DC 39
[INTERACTOR → SOLUTION] 8
[INTERACTOR → SOLUTION] 2 7 20 15 2
[SOLUTION → INTERACTOR] 3
[SOLUTION → INTERACTOR] CONVERT 2 4
[SOLUTION → INTERACTOR] CONVERT 2 4
[SOLUTION → INTERACTOR] UPGRADE_DC 44
[INTERACTOR → SOLUTION] 4
[INTERACTOR → SOLUTION] 2 11 14 13 6
[SOLUTION → INTERACTOR] 2
[SOLUTION → INTERACTOR] UPGRADE_DC 42
[SOLUTION → INTERACTOR] UPGRADE_DC 5
[INTERACTOR → SOLUTION] 8
[INTERACTOR → SOLUTION] 2 11 23 9 0
[SOLUTION → INTERACTOR] 4
[SOLUTION → INTERACTOR] CONVERT 2 4
[SOLUTION → INTERACTOR] CONVERT 2 4
[SOLUTION → INTERACTOR] CONVERT 2 4
[SOLUTION → INTERACTOR] UPGRADE_DC 48
[INTERACTOR → SOLUTION] 7
[INTERACTOR → SOLUTION] 2 11 14 7 0
[SOLUTION → INTERACTOR] 0
[INTERACTOR → SOLUTION] 7
[INTERACTOR → SOLUTION] 2 11 14 7 0
[SOLUTION → INTERACTOR] 0
[INTERACTOR → SOLUTION] 100
[INTERACTOR → SOLUTION] 5 0 25 26 14 17 27 28
[INTERACTOR → SOLUTION] 4 12 38 39 29 26 25 40
[INTERACTOR → SOLUTION] 4 9 47 48 41 39 38 49
[INTERACTOR → SOLUTION] 1 10 14 15 0 5 16 17
[INTERACTOR → SOLUTION] 3 4 29 30 18 15 14 26
[INTERACTOR → SOLUTION] 2 6 41 42 31 30 29 39
[INTERACTOR → SOLUTION] 1 11 50 51 43 42 41 48
[INTERACTOR → SOLUTION] 0 5 0 1 2 3 4 5
[INTERACTOR → SOLUTION] 2 8 18 19 6 1 0 15
[INTERACTOR → SOLUTION] 4 3 31 32 20 19 18 30
[INTERACTOR → SOLUTION] 2 8 43 44 33 32 31 42
[INTERACTOR → SOLUTION] 0 3 52 53 45 44 43 51
[INTERACTOR → SOLUTION] 2 5 6 7 8 9 2 1
[INTERACTOR → SOLUTION] 4 10 20 21 10 7 6 19
[INTERACTOR → SOLUTION] 3 11 33 34 22 21 20 32
[INTERACTOR → SOLUTION] 2 6 45 46 35 34 33 44
[INTERACTOR → SOLUTION] 4 2 10 11 12 13 8 7
[INTERACTOR → SOLUTION] 1 4 22 23 24 11 10 21
[INTERACTOR → SOLUTION] 0 9 35 36 37 23 22 34
[INTERACTOR → SOLUTION] C0 2 8 9
[INTERACTOR → SOLUTION] C1 2 35 36
[INTERACTOR → SOLUTION] C2 2 11 24
[INTERACTOR → SOLUTION] C3 2 45 46
[INTERACTOR → SOLUTION] C4 2 17 27
[INTERACTOR → SOLUTION] C31 8 38 40 51 52 47 49 12 13
[SOLUTION → INTERACTOR] START
[SOLUTION → INTERACTOR] BUILD_DC 15
[SOLUTION → INTERACTOR] BUILD_DC 22
[SOLUTION → INTERACTOR] BUILD_CABLE 15 0
[SOLUTION → INTERACTOR] BUILD_CABLE 22 34
[INTERACTOR → SOLUTION] 3
[INTERACTOR → SOLUTION] 0 0 0 0 0
[SOLUTION → INTERACTOR] 0
[INTERACTOR → SOLUTION] 5
[INTERACTOR → SOLUTION] 0 0 0 0 0
[SOLUTION → INTERACTOR] 0
[INTERACTOR → SOLUTION] 7
[INTERACTOR → SOLUTION] 0 0 0 0 0
[SOLUTION → INTERACTOR] 0
[INTERACTOR → SOLUTION] 10
[INTERACTOR → SOLUTION] 0 1 0 0 0
[SOLUTION → INTERACTOR] 0
[INTERACTOR → SOLUTION] 9
[INTERACTOR → SOLUTION] 1 1 0 0 0
[SOLUTION → INTERACTOR] 1
[SOLUTION → INTERACTOR] BUILD_CABLE 0 1
[INTERACTOR → SOLUTION] 10
[INTERACTOR → SOLUTION] 0 1 0 0 0
[SOLUTION → INTERACTOR] 0
[INTERACTOR → SOLUTION] 2
[INTERACTOR → SOLUTION] 0 1 0 0 0
[SOLUTION → INTERACTOR] 0
[INTERACTOR → SOLUTION] 7
[INTERACTOR → SOLUTION] 0 1 0 0 0
[SOLUTION → INTERACTOR] 0
[INTERACTOR → SOLUTION] 7
[INTERACTOR → SOLUTION] 0 1 0 0 0
[SOLUTION → INTERACTOR] 0
[INTERACTOR → SOLUTION] 8
[INTERACTOR → SOLUTION] 0 1 1 0 0
[SOLUTION → INTERACTOR] 0
[INTERACTOR → SOLUTION] 4
[INTERACTOR → SOLUTION] 0 2 1 1 0
[SOLUTION → INTERACTOR] 0
[INTERACTOR → SOLUTION] 8
[INTERACTOR → SOLUTION] 0 2 2 1 0
[SOLUTION → INTERACTOR] 0
[INTERACTOR → SOLUTION] 5
[INTERACTOR → SOLUTION] 0 2 2 1 0
[SOLUTION → INTERACTOR] 0
[INTERACTOR → SOLUTION] 8
[INTERACTOR → SOLUTION] 0 2 3 1 0
[SOLUTION → INTERACTOR] 0
[INTERACTOR → SOLUTION] 7
[INTERACTOR → SOLUTION] 0 2 3 1 0
[SOLUTION → INTERACTOR] 0
[INTERACTOR → SOLUTION] 10
[INTERACTOR → SOLUTION] 0 3 3 1 0
[SOLUTION → INTERACTOR] 0
[INTERACTOR → SOLUTION] 9
[INTERACTOR → SOLUTION] 1 3 3 1 0
[SOLUTION → INTERACTOR] 1
[SOLUTION → INTERACTOR] BUILD_DC 1
[INTERACTOR → SOLUTION] 6
[INTERACTOR → SOLUTION] 0 2 2 0 0
[SOLUTION → INTERACTOR] 0
[INTERACTOR → SOLUTION] 6
[INTERACTOR → SOLUTION] 0 2 2 0 0
[SOLUTION → INTERACTOR] 0
[INTERACTOR → SOLUTION] 11
[INTERACTOR → SOLUTION] 0 2 2 1 0
[SOLUTION → INTERACTOR] 0
[INTERACTOR → SOLUTION] 8
[INTERACTOR → SOLUTION] 0 2 4 1 0
[SOLUTION → INTERACTOR] 0
[INTERACTOR → SOLUTION] 9
[INTERACTOR → SOLUTION] 1 2 4 1 0
[SOLUTION → INTERACTOR] 1
[SOLUTION → INTERACTOR] BUILD_CABLE 34 33
[INTERACTOR → SOLUTION] 7
[INTERACTOR → SOLUTION] 0 1 4 1 0
[SOLUTION → INTERACTOR] 0
[INTERACTOR → SOLUTION] 6
[INTERACTOR → SOLUTION] 0 1 4 1 0
[SOLUTION → INTERACTOR] 0
[INTERACTOR → SOLUTION] 8
[INTERACTOR → SOLUTION] 0 1 6 1 0
[SOLUTION → INTERACTOR] 0
[INTERACTOR → SOLUTION] 3
[INTERACTOR → SOLUTION] 0 1 6 1 0
[SOLUTION → INTERACTOR] 0
[INTERACTOR → SOLUTION] 6
[INTERACTOR → SOLUTION] 0 1 6 1 0
[SOLUTION → INTERACTOR] 0
[INTERACTOR → SOLUTION] 4
[INTERACTOR → SOLUTION] 0 2 6 2 0
[SOLUTION → INTERACTOR] 0
[INTERACTOR → SOLUTION] 5
[INTERACTOR → SOLUTION] 1 2 7 2 0
[SOLUTION → INTERACTOR] 1
[SOLUTION → INTERACTOR] BUILD_DC 33
[INTERACTOR → SOLUTION] 7
[INTERACTOR → SOLUTION] 0 1 6 1 0
[SOLUTION → INTERACTOR] 0
[INTERACTOR → SOLUTION] 7
[INTERACTOR → SOLUTION] 0 1 6 1 0
[SOLUTION → INTERACTOR] 0
[INTERACTOR → SOLUTION] 10
[INTERACTOR → SOLUTION] 0 2 6 1 0
[SOLUTION → INTERACTOR] 0
[INTERACTOR → SOLUTION] 5
[INTERACTOR → SOLUTION] 1 2 7 1 0
[SOLUTION → INTERACTOR] 3
[SOLUTION → INTERACTOR] BUILD_CABLE 34 35
[SOLUTION → INTERACTOR] CONVERT 2 0
[SOLUTION → INTERACTOR] BUILD_DC 35
[INTERACTOR → SOLUTION] 3
[INTERACTOR → SOLUTION] 0 0 2 0 0
[SOLUTION → INTERACTOR] 0
[INTERACTOR → SOLUTION] 8
[INTERACTOR → SOLUTION] 0 0 5 0 0
[SOLUTION → INTERACTOR] 0
[INTERACTOR → SOLUTION] 9
[INTERACTOR → SOLUTION] 2 0 5 0 0
[SOLUTION → INTERACTOR] 0
[INTERACTOR → SOLUTION] 6
[INTERACTOR → SOLUTION] 2 0 7 0 0
[SOLUTION → INTERACTOR] 2
[SOLUTION → INTERACTOR] CONVERT 2 1
[SOLUTION → INTERACTOR] BUILD_CABLE 0 5
[INTERACTOR → SOLUTION] 7
[INTERACTOR → SOLUTION] 1 0 3 0 0
[SOLUTION → INTERACTOR] 0
[INTERACTOR → SOLUTION] 9
[INTERACTOR → SOLUTION] 3 0 3 0 0
[SOLUTION → INTERACTOR] 0
[INTERACTOR → SOLUTION] 6
[INTERACTOR → SOLUTION] 3 0 5 0 0
[SOLUTION → INTERACTOR] 0
[INTERACTOR → SOLUTION] 2
[INTERACTOR → SOLUTION] 3 0 5 0 0
[SOLUTION → INTERACTOR] 0
[INTERACTOR → SOLUTION] 4
[INTERACTOR → SOLUTION] 3 1 5 1 0
[SOLUTION → INTERACTOR] 1
[SOLUTION → INTERACTOR] BUILD_DC 5
[INTERACTOR → SOLUTION] 3
[INTERACTOR → SOLUTION] 2 0 4 0 0
[SOLUTION → INTERACTOR] 0
[INTERACTOR → SOLUTION] 10
[INTERACTOR → SOLUTION] 2 2 4 0 0
[SOLUTION → INTERACTOR] 2
[SOLUTION → INTERACTOR] BUILD_CABLE 33 32
[SOLUTION → INTERACTOR] BUILD_CABLE 32 31
[INTERACTOR → SOLUTION] 7
[INTERACTOR → SOLUTION] 0 0 4 0 0
[SOLUTION → INTERACTOR] 0
[INTERACTOR → SOLUTION] 8
[INTERACTOR → SOLUTION] 0 0 7 0 0
[SOLUTION → INTERACTOR] 1
[SOLUTION → INTERACTOR] CONVERT 2 0
[INTERACTOR → SOLUTION] 5
[INTERACTOR → SOLUTION] 3 0 4 0 0
[SOLUTION → INTERACTOR] 0
[INTERACTOR → SOLUTION] 8
[INTERACTOR → SOLUTION] 3 0 7 0 0
[SOLUTION → INTERACTOR] 2
[SOLUTION → INTERACTOR] CONVERT 2 1
[SOLUTION → INTERACTOR] BUILD_CABLE 31 42
[INTERACTOR → SOLUTION] 7
[INTERACTOR → SOLUTION] 2 0 3 0 0
[SOLUTION → INTERACTOR] 0
[INTERACTOR → SOLUTION] 6
[INTERACTOR → SOLUTION] 2 0 5 0 0
[SOLUTION → INTERACTOR] 0
[INTERACTOR → SOLUTION] 3
[INTERACTOR → SOLUTION] 2 0 5 0 0
[SOLUTION → INTERACTOR] 0
[INTERACTOR → SOLUTION] 11
[INTERACTOR → SOLUTION] 2 0 5 2 0
[SOLUTION → INTERACTOR] 0
[INTERACTOR → SOLUTION] 6
[INTERACTOR → SOLUTION] 2 0 7 2 0
[SOLUTION → INTERACTOR] 2
[SOLUTION → INTERACTOR] CONVERT 2 1
[SOLUTION → INTERACTOR] BUILD_DC 31
[INTERACTOR → SOLUTION] 3
[INTERACTOR → SOLUTION] 1 0 2 1 1
[SOLUTION → INTERACTOR] 0
[INTERACTOR → SOLUTION] 4
[INTERACTOR → SOLUTION] 1 1 2 2 1
[SOLUTION → INTERACTOR] 1
[SOLUTION → INTERACTOR] BUILD_CABLE 42 41
[INTERACTOR → SOLUTION] 5
[INTERACTOR → SOLUTION] 2 0 3 2 1
[SOLUTION → INTERACTOR] 0
[INTERACTOR → SOLUTION] 6
[INTERACTOR → SOLUTION] 2 0 6 2 1
[SOLUTION → INTERACTOR] 0
[INTERACTOR → SOLUTION] 12
[INTERACTOR → SOLUTION] 2 0 6 2 1
[SOLUTION → INTERACTOR] 0
[INTERACTOR → SOLUTION] 5
[INTERACTOR → SOLUTION] 4 0 7 2 1
[SOLUTION → INTERACTOR] 2
[SOLUTION → INTERACTOR] CONVERT 2 1
[SOLUTION → INTERACTOR] BUILD_DC 41
[INTERACTOR → SOLUTION] 6
[INTERACTOR → SOLUTION] 3 0 6 1 1
[SOLUTION → INTERACTOR] 0
[INTERACTOR → SOLUTION] 7
[INTERACTOR → SOLUTION] 3 0 6 1 1
[SOLUTION → INTERACTOR] 0
[INTERACTOR → SOLUTION] 9
[INTERACTOR → SOLUTION] 5 0 6 1 2
[SOLUTION → INTERACTOR] 0
[INTERACTOR → SOLUTION] 5
[INTERACTOR → SOLUTION] 7 0 7 1 2
[SOLUTION → INTERACTOR] 4
[SOLUTION → INTERACTOR] CONVERT 0 1
[SOLUTION → INTERACTOR] BUILD_CABLE 42 43
[SOLUTION → INTERACTOR] CONVERT 2 1
[SOLUTION → INTERACTOR] BUILD_DC 43
[INTERACTOR → SOLUTION] 10
[INTERACTOR → SOLUTION] 1 2 2 0 2
[SOLUTION → INTERACTOR] 1
[SOLUTION → INTERACTOR] BUILD_CABLE 41 39
[INTERACTOR → SOLUTION] 5
[INTERACTOR → SOLUTION] 2 1 3 0 2
[SOLUTION → INTERACTOR] 1
[SOLUTION → INTERACTOR] BUILD_CABLE 39 38
[INTERACTOR → SOLUTION] 3
[INTERACTOR → SOLUTION] 2 0 3 0 3
[SOLUTION → INTERACTOR] 0
[INTERACTOR → SOLUTION] 8
[INTERACTOR → SOLUTION] 2 0 8 0 3
[SOLUTION → INTERACTOR] 2
[SOLUTION → INTERACTOR] CONVERT 2 1
[SOLUTION → INTERACTOR] BUILD_CABLE 38 49
[INTERACTOR → SOLUTION] 2
[INTERACTOR → SOLUTION] 1 0 4 0 3
[SOLUTION → INTERACTOR] 0
[INTERACTOR → SOLUTION] 5
[INTERACTOR → SOLUTION] 3 0 5 0 3
[SOLUTION → INTERACTOR] 0
[INTERACTOR → SOLUTION] 11
[INTERACTOR → SOLUTION] 3 2 5 2 3
[SOLUTION → INTERACTOR] 2
[SOLUTION → INTERACTOR] BUILD_DC 38
[SOLUTION → INTERACTOR] BUILD_CABLE 49 47
[INTERACTOR → SOLUTION] 6
[INTERACTOR → SOLUTION] 1 0 8 1 3
[SOLUTION → INTERACTOR] 2
[SOLUTION → INTERACTOR] CONVERT 2 1
[SOLUTION → INTERACTOR] BUILD_DC 47
[INTERACTOR → SOLUTION] 10
[INTERACTOR → SOLUTION] 0 2 4 0 3
[SOLUTION → INTERACTOR] 0
[INTERACTOR → SOLUTION] 7
[INTERACTOR → SOLUTION] 0 2 4 0 3
[SOLUTION → INTERACTOR] 0
[INTERACTOR → SOLUTION] 4
[INTERACTOR → SOLUTION] 0 3 4 1 3
[SOLUTION → INTERACTOR] 0
[INTERACTOR → SOLUTION] 12
[INTERACTOR → SOLUTION] 0 3 4 1 4
[SOLUTION → INTERACTOR] 0
[INTERACTOR → SOLUTION] 7
[INTERACTOR → SOLUTION] 0 3 4 1 4
[SOLUTION → INTERACTOR] 0
[INTERACTOR → SOLUTION] 7
[INTERACTOR → SOLUTION] 0 3 4 1 4
[SOLUTION → INTERACTOR] 0
[INTERACTOR → SOLUTION] 11
[INTERACTOR → SOLUTION] 0 5 4 3 4
[SOLUTION → INTERACTOR] 3
[SOLUTION → INTERACTOR] CONVERT 1 0
[SOLUTION → INTERACTOR] UPGRADE_DC 1
[SOLUTION → INTERACTOR] BUILD_CABLE 39 29
[INTERACTOR → SOLUTION] 5
[INTERACTOR → SOLUTION] 3 2 6 1 1
[SOLUTION → INTERACTOR] 2
[SOLUTION → INTERACTOR] BUILD_DC 29
[SOLUTION → INTERACTOR] BUILD_CABLE 32 20
[INTERACTOR → SOLUTION] 5
[INTERACTOR → SOLUTION] 4 0 7 0 1
[SOLUTION → INTERACTOR] 2
[SOLUTION → INTERACTOR] CONVERT 2 1
[SOLUTION → INTERACTOR] BUILD_CABLE 20 19
[INTERACTOR → SOLUTION] 3
[INTERACTOR → SOLUTION] 4 0 4 0 2
[SOLUTION → INTERACTOR] 0
[INTERACTOR → SOLUTION] 9
[INTERACTOR → SOLUTION] 6 0 4 0 5
[SOLUTION → INTERACTOR] 2
[SOLUTION → INTERACTOR] CONVERT 0 1
[SOLUTION → INTERACTOR] BUILD_CABLE 43 51
[INTERACTOR → SOLUTION] 5
[INTERACTOR → SOLUTION] 5 0 6 0 5
[SOLUTION → INTERACTOR] 2
[SOLUTION → INTERACTOR] CONVERT 2 1
[SOLUTION → INTERACTOR] BUILD_CABLE 51 52
[INTERACTOR → SOLUTION] 4
[INTERACTOR → SOLUTION] 4 1 3 2 5
[SOLUTION → INTERACTOR] 1
[SOLUTION → INTERACTOR] BUILD_DC 19
[INTERACTOR → SOLUTION] 6
[INTERACTOR → SOLUTION] 3 0 7 1 5
[SOLUTION → INTERACTOR] 2
[SOLUTION → INTERACTOR] CONVERT 2 1
[SOLUTION → INTERACTOR] BUILD_DC 52
[INTERACTOR → SOLUTION] 4
[INTERACTOR → SOLUTION] 2 1 3 2 5
[SOLUTION → INTERACTOR] 2
[SOLUTION → INTERACTOR] UPGRADE_DC 33
[SOLUTION → INTERACTOR] BUILD_CABLE 1 6
[INTERACTOR → SOLUTION] 3
[INTERACTOR → SOLUTION] 3 0 3 0 4
[SOLUTION → INTERACTOR] 0
[INTERACTOR → SOLUTION] 9
[INTERACTOR → SOLUTION] 5 0 3 0 7
[SOLUTION → INTERACTOR] 1
[SOLUTION → INTERACTOR] CONVERT 4 3
[INTERACTOR → SOLUTION] 8
[INTERACTOR → SOLUTION] 5 0 11 1 4
[SOLUTION → INTERACTOR] 4
[SOLUTION → INTERACTOR] CONVERT 2 1
[SOLUTION → INTERACTOR] BUILD_CABLE 6 7
[SOLUTION → INTERACTOR] CONVERT 2 1
[SOLUTION → INTERACTOR] BUILD_DC 7
[INTERACTOR → SOLUTION] 9
[INTERACTOR → SOLUTION] 5 0 4 0 7
[SOLUTION → INTERACTOR] 1
[SOLUTION → INTERACTOR] CONVERT 4 3
[INTERACTOR → SOLUTION] 6
[INTERACTOR → SOLUTION] 5 0 10 1 4
[SOLUTION → INTERACTOR] 1
[SOLUTION → INTERACTOR] CONVERT 2 1
[INTERACTOR → SOLUTION] 7
[INTERACTOR → SOLUTION] 5 1 7 1 4
[SOLUTION → INTERACTOR] 0
[INTERACTOR → SOLUTION] 7
[INTERACTOR → SOLUTION] 5 1 7 1 4
[SOLUTION → INTERACTOR] 0
[INTERACTOR → SOLUTION] 5
[INTERACTOR → SOLUTION] 8 1 10 1 4
[SOLUTION → INTERACTOR] 0
[INTERACTOR → SOLUTION] 6
[INTERACTOR → SOLUTION] 8 1 16 1 4
[SOLUTION → INTERACTOR] 3
[SOLUTION → INTERACTOR] CONVERT 2 3
[SOLUTION → INTERACTOR] UPGRADE_DC 31
[SOLUTION → INTERACTOR] CONVERT 0 3
[INTERACTOR → SOLUTION] 5
[INTERACTOR → SOLUTION] 8 1 16 1 1
[SOLUTION → INTERACTOR] 1
[SOLUTION → INTERACTOR] CONVERT 2 4
[INTERACTOR → SOLUTION] 3
[INTERACTOR → SOLUTION] 10 1 13 1 5
[SOLUTION → INTERACTOR] 0
[INTERACTOR → SOLUTION] 6
[INTERACTOR → SOLUTION] 10 1 20 1 5
[SOLUTION → INTERACTOR] 3
[SOLUTION → INTERACTOR] CONVERT 2 3
[SOLUTION → INTERACTOR] CONVERT 2 3
[SOLUTION → INTERACTOR] UPGRADE_DC 15
[INTERACTOR → SOLUTION] 9
[INTERACTOR → SOLUTION] 12 1 14 1 5
[SOLUTION → INTERACTOR] 0
[INTERACTOR → SOLUTION] 2
[INTERACTOR → SOLUTION] 12 1 14 1 6
[SOLUTION → INTERACTOR] 0
[INTERACTOR → SOLUTION] 103
[INTERACTOR → SOLUTION] 1 3 25 26 14 17 27 28
[INTERACTOR → SOLUTION] 2 8 38 39 29 26 25 40
[INTERACTOR → SOLUTION] 3 2 47 48 41 39 38 49
[INTERACTOR → SOLUTION] 2 5 14 15 0 5 16 17
[INTERACTOR → SOLUTION] 4 4 29 30 18 15 14 26
[INTERACTOR → SOLUTION] 0 4 41 42 31 30 29 39
[INTERACTOR → SOLUTION] 3 11 50 51 43 42 41 48
[INTERACTOR → SOLUTION] 2 5 0 1 2 3 4 5
[INTERACTOR → SOLUTION] 0 12 18 19 6 1 0 15
[INTERACTOR → SOLUTION] 4 9 31 32 20 19 18 30
[INTERACTOR → SOLUTION] 2 6 43 44 33 32 31 42
[INTERACTOR → SOLUTION] 4 10 52 53 45 44 43 51
[INTERACTOR → SOLUTION] 1 3 6 7 8 9 2 1
[INTERACTOR → SOLUTION] 2 9 20 21 10 7 6 19
[INTERACTOR → SOLUTION] 2 6 33 34 22 21 20 32
[INTERACTOR → SOLUTION] 1 11 45 46 35 34 33 44
[INTERACTOR → SOLUTION] 5 0 10 11 12 13 8 7
[INTERACTOR → SOLUTION] 4 10 22 23 24 11 10 21
[INTERACTOR → SOLUTION] 2 8 35 36 37 23 22 34
[INTERACTOR → SOLUTION] C0 2 25 28
[INTERACTOR → SOLUTION] C1 2 38 40
[INTERACTOR → SOLUTION] C2 2 45 53
[INTERACTOR → SOLUTION] C3 2 35 36
[INTERACTOR → SOLUTION] C4 2 2 9
[INTERACTOR → SOLUTION] C31 8 51 52 48 50 8 13 17 27
[SOLUTION → INTERACTOR] START
[SOLUTION → INTERACTOR] BUILD_DC 33
[SOLUTION → INTERACTOR] BUILD_DC 42
[SOLUTION → INTERACTOR] BUILD_CABLE 33 32
[SOLUTION → INTERACTOR] BUILD_CABLE 42 31
[INTERACTOR → SOLUTION] 7
[INTERACTOR → SOLUTION] 0 0 0 0 0
[SOLUTION → INTERACTOR] 0
[INTERACTOR → SOLUTION] 8
[INTERACTOR → SOLUTION] 0 0 0 0 0
[SOLUTION → INTERACTOR] 0
[INTERACTOR → SOLUTION] 11
[INTERACTOR → SOLUTION] 0 1 0 1 0
[SOLUTION → INTERACTOR] 0
[INTERACTOR → SOLUTION] 4
[INTERACTOR → SOLUTION] 1 1 0 1 0
[SOLUTION → INTERACTOR] 1
[SOLUTION → INTERACTOR] BUILD_CABLE 32 20
[INTERACTOR → SOLUTION] 10
[INTERACTOR → SOLUTION] 0 0 0 1 0
[SOLUTION → INTERACTOR] 0
[INTERACTOR → SOLUTION] 7
[INTERACTOR → SOLUTION] 0 0 0 1 0
[SOLUTION → INTERACTOR] 0
[INTERACTOR → SOLUTION] 11
[INTERACTOR → SOLUTION] 0 1 0 2 0
[SOLUTION → INTERACTOR] 0
[INTERACTOR → SOLUTION] 9
[INTERACTOR → SOLUTION] 0 1 0 2 0
[SOLUTION → INTERACTOR] 0
[INTERACTOR → SOLUTION] 8
[INTERACTOR → SOLUTION] 0 1 0 2 0
[SOLUTION → INTERACTOR] 0
[INTERACTOR → SOLUTION] 4
[INTERACTOR → SOLUTION] 1 1 0 2 0
[SOLUTION → INTERACTOR] 1
[SOLUTION → INTERACTOR] BUILD_CABLE 20 21
[INTERACTOR → SOLUTION] 8
[INTERACTOR → SOLUTION] 0 0 0 2 0
[SOLUTION → INTERACTOR] 0
[INTERACTOR → SOLUTION] 9
[INTERACTOR → SOLUTION] 0 0 0 2 0
[SOLUTION → INTERACTOR] 0
[INTERACTOR → SOLUTION] 6
[INTERACTOR → SOLUTION] 0 0 3 2 0
[SOLUTION → INTERACTOR] 0
[INTERACTOR → SOLUTION] 9
[INTERACTOR → SOLUTION] 0 0 3 2 0
[SOLUTION → INTERACTOR] 0
[INTERACTOR → SOLUTION] 12
[INTERACTOR → SOLUTION] 0 0 3 2 0
[SOLUTION → INTERACTOR] 0
[INTERACTOR → SOLUTION] 6
[INTERACTOR → SOLUTION] 0 0 6 2 0
[SOLUTION → INTERACTOR] 0
[INTERACTOR → SOLUTION] 9
[INTERACTOR → SOLUTION] 0 0 6 2 0
[SOLUTION → INTERACTOR] 0
[INTERACTOR → SOLUTION] 6
[INTERACTOR → SOLUTION] 0 0 9 2 0
[SOLUTION → INTERACTOR] 1
[SOLUTION → INTERACTOR] CONVERT 2 0
[INTERACTOR → SOLUTION] 7
[INTERACTOR → SOLUTION] 1 0 5 2 0
[SOLUTION → INTERACTOR] 0
[INTERACTOR → SOLUTION] 9
[INTERACTOR → SOLUTION] 1 0 5 2 0
[SOLUTION → INTERACTOR] 0
[INTERACTOR → SOLUTION] 7
[INTERACTOR → SOLUTION] 1 0 5 2 0
[SOLUTION → INTERACTOR] 0
[INTERACTOR → SOLUTION] 2
[INTERACTOR → SOLUTION] 1 0 5 2 0
[SOLUTION → INTERACTOR] 0
[INTERACTOR → SOLUTION] 7
[INTERACTOR → SOLUTION] 1 0 5 2 0
[SOLUTION → INTERACTOR] 0
[INTERACTOR → SOLUTION] 10
[INTERACTOR → SOLUTION] 1 0 5 2 0
[SOLUTION → INTERACTOR] 0
[INTERACTOR → SOLUTION] 6
[INTERACTOR → SOLUTION] 1 0 8 2 0
[SOLUTION → INTERACTOR] 2
[SOLUTION → INTERACTOR] CONVERT 2 1
[SOLUTION → INTERACTOR] BUILD_DC 20
[INTERACTOR → SOLUTION] 7
[INTERACTOR → SOLUTION] 0 0 3 1 0
[SOLUTION → INTERACTOR] 0
[INTERACTOR → SOLUTION] 6
[INTERACTOR → SOLUTION] 0 0 7 1 0
[SOLUTION → INTERACTOR] 1
[SOLUTION → INTERACTOR] CONVERT 2 0
[INTERACTOR → SOLUTION] 7
[INTERACTOR → SOLUTION] 1 0 3 1 0
[SOLUTION → INTERACTOR] 0
[INTERACTOR → SOLUTION] 8
[INTERACTOR → SOLUTION] 1 0 3 1 0
[SOLUTION → INTERACTOR] 0
[INTERACTOR → SOLUTION] 6
[INTERACTOR → SOLUTION] 1 0 7 1 0
[SOLUTION → INTERACTOR] 2
[SOLUTION → INTERACTOR] CONVERT 2 1
[SOLUTION → INTERACTOR] BUILD_CABLE 21 22
[INTERACTOR → SOLUTION] 5
[INTERACTOR → SOLUTION] 0 0 3 1 0
[SOLUTION → INTERACTOR] 0
[INTERACTOR → SOLUTION] 7
[INTERACTOR → SOLUTION] 0 0 3 1 0
[SOLUTION → INTERACTOR] 0
[INTERACTOR → SOLUTION] 8
[INTERACTOR → SOLUTION] 0 0 3 1 0
[SOLUTION → INTERACTOR] 0
[INTERACTOR → SOLUTION] 9
[INTERACTOR → SOLUTION] 0 0 4 1 1
[SOLUTION → INTERACTOR] 0
[INTERACTOR → SOLUTION] 6
[INTERACTOR → SOLUTION] 0 0 8 1 1
[SOLUTION → INTERACTOR] 1
[SOLUTION → INTERACTOR] CONVERT 2 0
[INTERACTOR → SOLUTION] 11
[INTERACTOR → SOLUTION] 1 1 4 2 1
[SOLUTION → INTERACTOR] 1
[SOLUTION → INTERACTOR] BUILD_DC 22
[INTERACTOR → SOLUTION] 7
[INTERACTOR → SOLUTION] 0 0 3 1 1
[SOLUTION → INTERACTOR] 0
[INTERACTOR → SOLUTION] 8
[INTERACTOR → SOLUTION] 0 0 4 1 1
[SOLUTION → INTERACTOR] 0
[INTERACTOR → SOLUTION] 4
[INTERACTOR → SOLUTION] 1 0 4 1 1
[SOLUTION → INTERACTOR] 0
[INTERACTOR → SOLUTION] 6
[INTERACTOR → SOLUTION] 1 0 9 1 1
[SOLUTION → INTERACTOR] 2
[SOLUTION → INTERACTOR] CONVERT 2 1
[SOLUTION → INTERACTOR] BUILD_CABLE 31 30
[INTERACTOR → SOLUTION] 5
[INTERACTOR → SOLUTION] 0 0 5 1 1
[SOLUTION → INTERACTOR] 0
[INTERACTOR → SOLUTION] 9
[INTERACTOR → SOLUTION] 0 0 6 1 2
[SOLUTION → INTERACTOR] 0
[INTERACTOR → SOLUTION] 6
[INTERACTOR → SOLUTION] 0 0 11 1 2
[SOLUTION → INTERACTOR] 3
[SOLUTION → INTERACTOR] CONVERT 2 0
[SOLUTION → INTERACTOR] CONVERT 2 1
[SOLUTION → INTERACTOR] BUILD_DC 30
[INTERACTOR → SOLUTION] 10
[INTERACTOR → SOLUTION] 0 0 2 0 3
[SOLUTION → INTERACTOR] 0
[INTERACTOR → SOLUTION] 8
[INTERACTOR → SOLUTION] 0 0 3 0 3
[SOLUTION → INTERACTOR] 0
[INTERACTOR → SOLUTION] 4
[INTERACTOR → SOLUTION] 2 0 3 0 4
[SOLUTION → INTERACTOR] 0
[INTERACTOR → SOLUTION] 9
[INTERACTOR → SOLUTION] 2 0 4 0 6
[SOLUTION → INTERACTOR] 0
[INTERACTOR → SOLUTION] 9
[INTERACTOR → SOLUTION] 2 0 5 0 8
[SOLUTION → INTERACTOR] 1
[SOLUTION → INTERACTOR] CONVERT 4 3
[INTERACTOR → SOLUTION] 10
[INTERACTOR → SOLUTION] 2 0 5 1 5
[SOLUTION → INTERACTOR] 0
[INTERACTOR → SOLUTION] 4
[INTERACTOR → SOLUTION] 4 0 5 1 6
[SOLUTION → INTERACTOR] 0
[INTERACTOR → SOLUTION] 7
[INTERACTOR → SOLUTION] 4 0 5 1 6
[SOLUTION → INTERACTOR] 0
[INTERACTOR → SOLUTION] 6
[INTERACTOR → SOLUTION] 4 0 10 1 6
[SOLUTION → INTERACTOR] 2
[SOLUTION → INTERACTOR] CONVERT 2 1
[SOLUTION → INTERACTOR] BUILD_CABLE 42 43
[INTERACTOR → SOLUTION] 7
[INTERACTOR → SOLUTION] 3 0 6 1 6
[SOLUTION → INTERACTOR] 0
[INTERACTOR → SOLUTION] 7
[INTERACTOR → SOLUTION] 3 0 6 1 6
[SOLUTION → INTERACTOR] 0
[INTERACTOR → SOLUTION] 7
[INTERACTOR → SOLUTION] 3 0 6 1 6
[SOLUTION → INTERACTOR] 0
[INTERACTOR → SOLUTION] 3
[INTERACTOR → SOLUTION] 3 0 6 1 6
[SOLUTION → INTERACTOR] 0
[INTERACTOR → SOLUTION] 12
[INTERACTOR → SOLUTION] 3 0 6 1 6
[SOLUTION → INTERACTOR] 0
[INTERACTOR → SOLUTION] 9
[INTERACTOR → SOLUTION] 3 0 7 1 8
[SOLUTION → INTERACTOR] 2
[SOLUTION → INTERACTOR] CONVERT 2 1
[SOLUTION → INTERACTOR] BUILD_CABLE 43 51
[INTERACTOR → SOLUTION] 8
[INTERACTOR → SOLUTION] 2 0 4 1 8
[SOLUTION → INTERACTOR] 0
[INTERACTOR → SOLUTION] 6
[INTERACTOR → SOLUTION] 2 0 9 1 8
[SOLUTION → INTERACTOR] 3
[SOLUTION → INTERACTOR] CONVERT 2 1
[SOLUTION → INTERACTOR] BUILD_DC 51
[SOLUTION → INTERACTOR] CONVERT 4 3
[INTERACTOR → SOLUTION] 10
[INTERACTOR → SOLUTION] 1 0 4 1 7
[SOLUTION → INTERACTOR] 0
[INTERACTOR → SOLUTION] 11
[INTERACTOR → SOLUTION] 1 1 4 3 7
[SOLUTION → INTERACTOR] 2
[SOLUTION → INTERACTOR] UPGRADE_DC 20
[SOLUTION → INTERACTOR] BUILD_CABLE 21 10
[INTERACTOR → SOLUTION] 12
[INTERACTOR → SOLUTION] 0 0 4 1 4
[SOLUTION → INTERACTOR] 0
[INTERACTOR → SOLUTION] 3
[INTERACTOR → SOLUTION] 0 0 4 1 4
[SOLUTION → INTERACTOR] 0
[INTERACTOR → SOLUTION] 8
[INTERACTOR → SOLUTION] 0 0 5 1 4
[SOLUTION → INTERACTOR] 0
[INTERACTOR → SOLUTION] 6
[INTERACTOR → SOLUTION] 0 0 11 1 4
[SOLUTION → INTERACTOR] 3
[SOLUTION → INTERACTOR] CONVERT 2 0
[SOLUTION → INTERACTOR] CONVERT 2 1
[SOLUTION → INTERACTOR] BUILD_DC 10
[INTERACTOR → SOLUTION] 6
[INTERACTOR → SOLUTION] 0 0 10 0 4
[SOLUTION → INTERACTOR] 3
[SOLUTION → INTERACTOR] CONVERT 2 0
[SOLUTION → INTERACTOR] CONVERT 2 1
[SOLUTION → INTERACTOR] BUILD_CABLE 42 41
[INTERACTOR → SOLUTION] 5
[INTERACTOR → SOLUTION] 0 0 4 0 4
[SOLUTION → INTERACTOR] 0
[INTERACTOR → SOLUTION] 8
[INTERACTOR → SOLUTION] 0 0 5 0 4
[SOLUTION → INTERACTOR] 0
[INTERACTOR → SOLUTION] 6
[INTERACTOR → SOLUTION] 0 0 11 0 4
[SOLUTION → INTERACTOR] 3
[SOLUTION → INTERACTOR] CONVERT 2 0
[SOLUTION → INTERACTOR] CONVERT 2 1
[SOLUTION → INTERACTOR] BUILD_CABLE 41 48
[INTERACTOR → SOLUTION] 7
[INTERACTOR → SOLUTION] 0 0 5 0 4
[SOLUTION → INTERACTOR] 0
[INTERACTOR → SOLUTION] 10
[INTERACTOR → SOLUTION] 0 0 5 0 7
[SOLUTION → INTERACTOR] 1
[SOLUTION → INTERACTOR] CONVERT 4 3
[INTERACTOR → SOLUTION] 7
[INTERACTOR → SOLUTION] 0 0 5 1 4
[SOLUTION → INTERACTOR] 0
[INTERACTOR → SOLUTION] 6
[INTERACTOR → SOLUTION] 0 0 11 1 4
[SOLUTION → INTERACTOR] 3
[SOLUTION → INTERACTOR] CONVERT 2 0
[SOLUTION → INTERACTOR] CONVERT 2 1
[SOLUTION → INTERACTOR] BUILD_DC 48
[INTERACTOR → SOLUTION] 5
[INTERACTOR → SOLUTION] 0 0 4 0 4
[SOLUTION → INTERACTOR] 0
[INTERACTOR → SOLUTION] 10
[INTERACTOR → SOLUTION] 0 0 4 0 7
[SOLUTION → INTERACTOR] 1
[SOLUTION → INTERACTOR] CONVERT 4 3
[INTERACTOR → SOLUTION] 8
[INTERACTOR → SOLUTION] 0 0 5 1 4
[SOLUTION → INTERACTOR] 0
[INTERACTOR → SOLUTION] 10
[INTERACTOR → SOLUTION] 0 0 5 1 7
[SOLUTION → INTERACTOR] 0
[INTERACTOR → SOLUTION] 11
[INTERACTOR → SOLUTION] 0 1 5 4 7
[SOLUTION → INTERACTOR] 2
[SOLUTION → INTERACTOR] UPGRADE_DC 22
[SOLUTION → INTERACTOR] UPGRADE_DC 33
[INTERACTOR → SOLUTION] 7
[INTERACTOR → SOLUTION] 0 1 5 0 1
[SOLUTION → INTERACTOR] 0
[INTERACTOR → SOLUTION] 5
[INTERACTOR → SOLUTION] 0 1 5 0 1
[SOLUTION → INTERACTOR] 0
[INTERACTOR → SOLUTION] 12
[INTERACTOR → SOLUTION] 0 1 5 0 1
[SOLUTION → INTERACTOR] 0
[INTERACTOR → SOLUTION] 4
[INTERACTOR → SOLUTION] 2 1 5 0 2
[SOLUTION → INTERACTOR] 1
[SOLUTION → INTERACTOR] BUILD_CABLE 41 39
[INTERACTOR → SOLUTION] 6
[INTERACTOR → SOLUTION] 1 0 14 0 2
[SOLUTION → INTERACTOR] 4
[SOLUTION → INTERACTOR] CONVERT 2 1
[SOLUTION → INTERACTOR] CONVERT 2 3
[SOLUTION → INTERACTOR] BUILD_DC 39
[SOLUTION → INTERACTOR] CONVERT 2 0
[INTERACTOR → SOLUTION] 7
[INTERACTOR → SOLUTION] 1 0 4 0 2
[SOLUTION → INTERACTOR] 0
[INTERACTOR → SOLUTION] 7
[INTERACTOR → SOLUTION] 1 0 4 0 2
[SOLUTION → INTERACTOR] 0
[INTERACTOR → SOLUTION] 10
[INTERACTOR → SOLUTION] 1 0 4 0 6
[SOLUTION → INTERACTOR] 1
[SOLUTION → INTERACTOR] CONVERT 4 3
[INTERACTOR → SOLUTION] 8
[INTERACTOR → SOLUTION] 1 0 7 1 3
[SOLUTION → INTERACTOR] 2
[SOLUTION → INTERACTOR] CONVERT 2 1
[SOLUTION → INTERACTOR] BUILD_CABLE 10 7
[INTERACTOR → SOLUTION] 5
[INTERACTOR → SOLUTION] 0 0 4 1 3
[SOLUTION → INTERACTOR] 0
[INTERACTOR → SOLUTION] 7
[INTERACTOR → SOLUTION] 0 0 4 1 3
[SOLUTION → INTERACTOR] 0
[INTERACTOR → SOLUTION] 6
[INTERACTOR → SOLUTION] 0 0 13 1 3
[SOLUTION → INTERACTOR] 4
[SOLUTION → INTERACTOR] CONVERT 2 0
[SOLUTION → INTERACTOR] CONVERT 2 1
[SOLUTION → INTERACTOR] BUILD_CABLE 7 8
[SOLUTION → INTERACTOR] CONVERT 2 0
[INTERACTOR → SOLUTION] 3
[INTERACTOR → SOLUTION] 1 0 4 1 3
[SOLUTION → INTERACTOR] 0
[INTERACTOR → SOLUTION] 10
[INTERACTOR → SOLUTION] 1 0 4 1 7
[SOLUTION → INTERACTOR] 0
[INTERACTOR → SOLUTION] 4
[INTERACTOR → SOLUTION] 4 0 4 1 8
[SOLUTION → INTERACTOR] 0
[INTERACTOR → SOLUTION] 3
[INTERACTOR → SOLUTION] 4 0 4 1 8
[SOLUTION → INTERACTOR] 0
[INTERACTOR → SOLUTION] 9
[INTERACTOR → SOLUTION] 4 0 7 1 11
[SOLUTION → INTERACTOR] 3
[SOLUTION → INTERACTOR] CONVERT 2 1
[SOLUTION → INTERACTOR] BUILD_DC 8
[SOLUTION → INTERACTOR] CONVERT 4 3
[INTERACTOR → SOLUTION] 5
[INTERACTOR → SOLUTION] 3 0 3 1 8
[SOLUTION → INTERACTOR] 0
[INTERACTOR → SOLUTION] 6
[INTERACTOR → SOLUTION] 3 0 12 1 8
[SOLUTION → INTERACTOR] 1
[SOLUTION → INTERACTOR] CONVERT 2 1
[INTERACTOR → SOLUTION] 10
[INTERACTOR → SOLUTION] 3 1 9 1 12
[SOLUTION → INTERACTOR] 0
[INTERACTOR → SOLUTION] 8
[INTERACTOR → SOLUTION] 3 1 12 1 12
[SOLUTION → INTERACTOR] 0
[INTERACTOR → SOLUTION] 11
[INTERACTOR → SOLUTION] 3 3 12 4 12
[SOLUTION → INTERACTOR] 3
[SOLUTION → INTERACTOR] UPGRADE_DC 42
[SOLUTION → INTERACTOR] UPGRADE_DC 30
[SOLUTION → INTERACTOR] CONVERT 2 3
[INTERACTOR → SOLUTION] 5
[INTERACTOR → SOLUTION] 3 3 9 1 6
[SOLUTION → INTERACTOR] 0
[INTERACTOR → SOLUTION] 3
[INTERACTOR → SOLUTION] 3 4 9 1 6
[SOLUTION → INTERACTOR] 0
[INTERACTOR → SOLUTION] 108
[INTERACTOR → SOLUTION] 3 10 25 26 14 17 27 28
[INTERACTOR → SOLUTION] 2 5 38 39 29 26 25 40
[INTERACTOR → SOLUTION] 2 9 47 48 41 39 38 49
[INTERACTOR → SOLUTION] 1 4 14 15 0 5 16 17
[INTERACTOR → SOLUTION] 1 3 29 30 18 15 14 26
[INTERACTOR → SOLUTION] 2 5 41 42 31 30 29 39
[INTERACTOR → SOLUTION] 2 8 50 51 43 42 41 48
[INTERACTOR → SOLUTION] 4 11 0 1 2 3 4 5
[INTERACTOR → SOLUTION] 3 11 18 19 6 1 0 15
[INTERACTOR → SOLUTION] 4 2 31 32 20 19 18 30
[INTERACTOR → SOLUTION] 2 8 43 44 33 32 31 42
[INTERACTOR → SOLUTION] 2 4 52 53 45 44 43 51
[INTERACTOR → SOLUTION] 0 3 6 7 8 9 2 1
[INTERACTOR → SOLUTION] 2 6 20 21 10 7 6 19
[INTERACTOR → SOLUTION] 5 0 33 34 22 21 20 32
[INTERACTOR → SOLUTION] 2 6 45 46 35 34 33 44
[INTERACTOR → SOLUTION] 2 9 10 11 12 13 8 7
[INTERACTOR → SOLUTION] 0 12 22 23 24 11 10 21
[INTERACTOR → SOLUTION] 3 10 35 36 37 23 22 34
[INTERACTOR → SOLUTION] C0 2 11 12
[INTERACTOR → SOLUTION] C1 2 51 52
[INTERACTOR → SOLUTION] C2 2 23 24
[INTERACTOR → SOLUTION] C3 2 48 50
[INTERACTOR → SOLUTION] C4 2 3 4
[INTERACTOR → SOLUTION] C31 8 38 40 35 46 8 9 17 27
[SOLUTION → INTERACTOR] START
[SOLUTION → INTERACTOR] BUILD_DC 7
[SOLUTION → INTERACTOR] BUILD_DC 26
[SOLUTION → INTERACTOR] BUILD_CABLE 7 10
[SOLUTION → INTERACTOR] BUILD_CABLE 26 29
[INTERACTOR → SOLUTION] 5
[INTERACTOR → SOLUTION] 0 0 1 0 0
[SOLUTION → INTERACTOR] 0
[INTERACTOR → SOLUTION] 8
[INTERACTOR → SOLUTION] 0 0 1 0 0
[SOLUTION → INTERACTOR] 0
[INTERACTOR → SOLUTION] 11
[INTERACTOR → SOLUTION] 0 0 1 0 0
[SOLUTION → INTERACTOR] 0
[INTERACTOR → SOLUTION] 10
[INTERACTOR → SOLUTION] 0 0 1 1 0
[SOLUTION → INTERACTOR] 0
[INTERACTOR → SOLUTION] 7
[INTERACTOR → SOLUTION] 0 0 1 1 0
[SOLUTION → INTERACTOR] 0
[INTERACTOR → SOLUTION] 9
[INTERACTOR → SOLUTION] 0 0 2 1 0
[SOLUTION → INTERACTOR] 0
[INTERACTOR → SOLUTION] 6
[INTERACTOR → SOLUTION] 0 0 3 1 0
[SOLUTION → INTERACTOR] 0
[INTERACTOR → SOLUTION] 8
[INTERACTOR → SOLUTION] 0 0 3 1 0
[SOLUTION → INTERACTOR] 0
[INTERACTOR → SOLUTION] 9
[INTERACTOR → SOLUTION] 0 0 4 1 0
[SOLUTION → INTERACTOR] 0
[INTERACTOR → SOLUTION] 9
[INTERACTOR → SOLUTION] 0 0 5 1 0
[SOLUTION → INTERACTOR] 0
[INTERACTOR → SOLUTION] 3
[INTERACTOR → SOLUTION] 1 1 5 1 0
[SOLUTION → INTERACTOR] 1
[SOLUTION → INTERACTOR] BUILD_CABLE 29 39
[INTERACTOR → SOLUTION] 6
[INTERACTOR → SOLUTION] 0 0 6 1 0
[SOLUTION → INTERACTOR] 0
[INTERACTOR → SOLUTION] 8
[INTERACTOR → SOLUTION] 0 0 6 1 0
[SOLUTION → INTERACTOR] 0
[INTERACTOR → SOLUTION] 7
[INTERACTOR → SOLUTION] 0 0 6 1 0
[SOLUTION → INTERACTOR] 0
[INTERACTOR → SOLUTION] 11
[INTERACTOR → SOLUTION] 0 0 6 1 0
[SOLUTION → INTERACTOR] 0
[INTERACTOR → SOLUTION] 6
[INTERACTOR → SOLUTION] 0 0 7 1 0
[SOLUTION → INTERACTOR] 1
[SOLUTION → INTERACTOR] CONVERT 2 0
[INTERACTOR → SOLUTION] 11
[INTERACTOR → SOLUTION] 1 0 3 1 0
[SOLUTION → INTERACTOR] 0
[INTERACTOR → SOLUTION] 4
[INTERACTOR → SOLUTION] 1 0 3 1 0
[SOLUTION → INTERACTOR] 0
[INTERACTOR → SOLUTION] 9
[INTERACTOR → SOLUTION] 1 0 4 1 0
[SOLUTION → INTERACTOR] 0
[INTERACTOR → SOLUTION] 7
[INTERACTOR → SOLUTION] 1 0 4 1 0
[SOLUTION → INTERACTOR] 0
[INTERACTOR → SOLUTION] 8
[INTERACTOR → SOLUTION] 1 0 4 1 0
[SOLUTION → INTERACTOR] 0
[INTERACTOR → SOLUTION] 10
[INTERACTOR → SOLUTION] 1 0 4 2 0
[SOLUTION → INTERACTOR] 0
[INTERACTOR → SOLUTION] 7
[INTERACTOR → SOLUTION] 1 0 4 2 0
[SOLUTION → INTERACTOR] 0
[INTERACTOR → SOLUTION] 3
[INTERACTOR → SOLUTION] 2 1 4 2 0
[SOLUTION → INTERACTOR] 1
[SOLUTION → INTERACTOR] BUILD_DC 39
[INTERACTOR → SOLUTION] 7
[INTERACTOR → SOLUTION] 1 0 3 1 0
[SOLUTION → INTERACTOR] 0
[INTERACTOR → SOLUTION] 10
[INTERACTOR → SOLUTION] 1 0 3 2 0
[SOLUTION → INTERACTOR] 0
[INTERACTOR → SOLUTION] 8
[INTERACTOR → SOLUTION] 1 0 3 2 0
[SOLUTION → INTERACTOR] 0
[INTERACTOR → SOLUTION] 4
[INTERACTOR → SOLUTION] 1 0 3 2 0
[SOLUTION → INTERACTOR] 0
[INTERACTOR → SOLUTION] 5
[INTERACTOR → SOLUTION] 1 0 6 2 0
[SOLUTION → INTERACTOR] 0
[INTERACTOR → SOLUTION] 8
[INTERACTOR → SOLUTION] 1 0 6 2 0
[SOLUTION → INTERACTOR] 0
[INTERACTOR → SOLUTION] 11
[INTERACTOR → SOLUTION] 1 0 6 2 0
[SOLUTION → INTERACTOR] 0
[INTERACTOR → SOLUTION] 9
[INTERACTOR → SOLUTION] 1 0 8 2 0
[SOLUTION → INTERACTOR] 2
[SOLUTION → INTERACTOR] CONVERT 2 1
[SOLUTION → INTERACTOR] BUILD_CABLE 26 14
[INTERACTOR → SOLUTION] 2
[INTERACTOR → SOLUTION] 0 0 4 2 0
[SOLUTION → INTERACTOR] 0
[INTERACTOR → SOLUTION] 11
[INTERACTOR → SOLUTION] 0 0 4 2 0
[SOLUTION → INTERACTOR] 0
[INTERACTOR → SOLUTION] 6
[INTERACTOR → SOLUTION] 0 0 5 2 0
[SOLUTION → INTERACTOR] 0
[INTERACTOR → SOLUTION] 3
[INTERACTOR → SOLUTION] 1 1 5 2 0
[SOLUTION → INTERACTOR] 1
[SOLUTION → INTERACTOR] BUILD_CABLE 14 17
[INTERACTOR → SOLUTION] 6
[INTERACTOR → SOLUTION] 0 0 6 2 0
[SOLUTION → INTERACTOR] 0
[INTERACTOR → SOLUTION] 6
[INTERACTOR → SOLUTION] 0 0 7 2 0
[SOLUTION → INTERACTOR] 1
[SOLUTION → INTERACTOR] CONVERT 2 0
[INTERACTOR → SOLUTION] 9
[INTERACTOR → SOLUTION] 1 0 5 2 0
[SOLUTION → INTERACTOR] 0
[INTERACTOR → SOLUTION] 5
[INTERACTOR → SOLUTION] 1 0 8 2 0
[SOLUTION → INTERACTOR] 2
[SOLUTION → INTERACTOR] CONVERT 2 1
[SOLUTION → INTERACTOR] BUILD_DC 17
[INTERACTOR → SOLUTION] 12
[INTERACTOR → SOLUTION] 0 0 3 1 0
[SOLUTION → INTERACTOR] 0
[INTERACTOR → SOLUTION] 3
[INTERACTOR → SOLUTION] 1 1 3 1 0
[SOLUTION → INTERACTOR] 1
[SOLUTION → INTERACTOR] BUILD_CABLE 14 15
[INTERACTOR → SOLUTION] 3
[INTERACTOR → SOLUTION] 1 1 3 1 0
[SOLUTION → INTERACTOR] 1
[SOLUTION → INTERACTOR] BUILD_DC 15
[INTERACTOR → SOLUTION] 8
[INTERACTOR → SOLUTION] 0 0 2 0 0
[SOLUTION → INTERACTOR] 0
[INTERACTOR → SOLUTION] 10
[INTERACTOR → SOLUTION] 0 0 2 2 0
[SOLUTION → INTERACTOR] 0
[INTERACTOR → SOLUTION] 6
[INTERACTOR → SOLUTION] 0 0 3 2 0
[SOLUTION → INTERACTOR] 0
[INTERACTOR → SOLUTION] 9
[INTERACTOR → SOLUTION] 0 0 5 2 0
[SOLUTION → INTERACTOR] 0
[INTERACTOR → SOLUTION] 11
[INTERACTOR → SOLUTION] 0 0 5 3 0
[SOLUTION → INTERACTOR] 0
[INTERACTOR → SOLUTION] 5
[INTERACTOR → SOLUTION] 0 0 8 3 0
[SOLUTION → INTERACTOR] 1
[SOLUTION → INTERACTOR] CONVERT 2 0
[INTERACTOR → SOLUTION] 5
[INTERACTOR → SOLUTION] 1 0 8 3 0
[SOLUTION → INTERACTOR] 2
[SOLUTION → INTERACTOR] CONVERT 2 1
[SOLUTION → INTERACTOR] BUILD_CABLE 29 30
[INTERACTOR → SOLUTION] 10
[INTERACTOR → SOLUTION] 0 0 5 5 0
[SOLUTION → INTERACTOR] 0
[INTERACTOR → SOLUTION] 8
[INTERACTOR → SOLUTION] 0 0 5 5 0
[SOLUTION → INTERACTOR] 0
[INTERACTOR → SOLUTION] 11
[INTERACTOR → SOLUTION] 0 0 5 6 0
[SOLUTION → INTERACTOR] 0
[INTERACTOR → SOLUTION] 2
[INTERACTOR → SOLUTION] 0 0 5 6 0
[SOLUTION → INTERACTOR] 0
[INTERACTOR → SOLUTION] 8
[INTERACTOR → SOLUTION] 0 0 5 6 0
[SOLUTION → INTERACTOR] 0
[INTERACTOR → SOLUTION] 6
[INTERACTOR → SOLUTION] 0 0 6 6 0
[SOLUTION → INTERACTOR] 1
[SOLUTION → INTERACTOR] CONVERT 2 0
[INTERACTOR → SOLUTION] 8
[INTERACTOR → SOLUTION] 1 0 3 6 0
[SOLUTION → INTERACTOR] 0
[INTERACTOR → SOLUTION] 9
[INTERACTOR → SOLUTION] 1 0 5 6 0
[SOLUTION → INTERACTOR] 0
[INTERACTOR → SOLUTION] 6
[INTERACTOR → SOLUTION] 1 0 6 6 0
[SOLUTION → INTERACTOR] 2
[SOLUTION → INTERACTOR] CONVERT 2 1
[SOLUTION → INTERACTOR] BUILD_DC 30
[INTERACTOR → SOLUTION] 5
[INTERACTOR → SOLUTION] 0 0 6 5 0
[SOLUTION → INTERACTOR] 1
[SOLUTION → INTERACTOR] CONVERT 2 0
[INTERACTOR → SOLUTION] 5
[INTERACTOR → SOLUTION] 1 0 7 5 0
[SOLUTION → INTERACTOR] 2
[SOLUTION → INTERACTOR] CONVERT 2 1
[SOLUTION → INTERACTOR] BUILD_CABLE 26 25
[INTERACTOR → SOLUTION] 6
[INTERACTOR → SOLUTION] 0 0 5 5 0
[SOLUTION → INTERACTOR] 0
[INTERACTOR → SOLUTION] 7
[INTERACTOR → SOLUTION] 0 0 5 5 0
[SOLUTION → INTERACTOR] 0
[INTERACTOR → SOLUTION] 9
[INTERACTOR → SOLUTION] 0 0 7 5 0
[SOLUTION → INTERACTOR] 1
[SOLUTION → INTERACTOR] CONVERT 2 0
[INTERACTOR → SOLUTION] 4
[INTERACTOR → SOLUTION] 1 2 4 5 0
[SOLUTION → INTERACTOR] 1
[SOLUTION → INTERACTOR] BUILD_CABLE 25 40
[INTERACTOR → SOLUTION] 11
[INTERACTOR → SOLUTION] 0 1 4 6 0
[SOLUTION → INTERACTOR] 0
[INTERACTOR → SOLUTION] 6
[INTERACTOR → SOLUTION] 0 1 5 6 0
[SOLUTION → INTERACTOR] 0
[INTERACTOR → SOLUTION] 9
[INTERACTOR → SOLUTION] 0 1 7 6 0
[SOLUTION → INTERACTOR] 2
[SOLUTION → INTERACTOR] CONVERT 2 0
[SOLUTION → INTERACTOR] BUILD_DC 40
[INTERACTOR → SOLUTION] 6
[INTERACTOR → SOLUTION] 0 0 4 5 0
[SOLUTION → INTERACTOR] 0
[INTERACTOR → SOLUTION] 4
[INTERACTOR → SOLUTION] 0 2 4 5 0
[SOLUTION → INTERACTOR] 0
[INTERACTOR → SOLUTION] 11
[INTERACTOR → SOLUTION] 0 2 4 6 0
[SOLUTION → INTERACTOR] 0
[INTERACTOR → SOLUTION] 6
[INTERACTOR → SOLUTION] 0 2 5 6 0
[SOLUTION → INTERACTOR] 0
[INTERACTOR → SOLUTION] 10
[INTERACTOR → SOLUTION] 0 2 5 8 0
[SOLUTION → INTERACTOR] 0
[INTERACTOR → SOLUTION] 9
[INTERACTOR → SOLUTION] 0 2 7 8 0
[SOLUTION → INTERACTOR] 2
[SOLUTION → INTERACTOR] CONVERT 2 0
[SOLUTION → INTERACTOR] BUILD_CABLE 30 31
[INTERACTOR → SOLUTION] 5
[INTERACTOR → SOLUTION] 0 1 9 8 0
[SOLUTION → INTERACTOR] 3
[SOLUTION → INTERACTOR] CONVERT 2 0
[SOLUTION → INTERACTOR] BUILD_CABLE 31 42
[SOLUTION → INTERACTOR] CONVERT 2 0
[INTERACTOR → SOLUTION] 4
[INTERACTOR → SOLUTION] 1 2 3 8 0
[SOLUTION → INTERACTOR] 1
[SOLUTION → INTERACTOR] BUILD_DC 42
[INTERACTOR → SOLUTION] 7
[INTERACTOR → SOLUTION] 0 1 2 7 0
[SOLUTION → INTERACTOR] 0
[INTERACTOR → SOLUTION] 2
[INTERACTOR → SOLUTION] 0 1 2 7 1
[SOLUTION → INTERACTOR] 0
[INTERACTOR → SOLUTION] 7
[INTERACTOR → SOLUTION] 0 1 2 7 1
[SOLUTION → INTERACTOR] 0
[INTERACTOR → SOLUTION] 8
[INTERACTOR → SOLUTION] 0 1 4 7 1
[SOLUTION → INTERACTOR] 0
[INTERACTOR → SOLUTION] 9
[INTERACTOR → SOLUTION] 0 1 6 7 1
[SOLUTION → INTERACTOR] 2
[SOLUTION → INTERACTOR] CONVERT 2 0
[SOLUTION → INTERACTOR] BUILD_CABLE 42 43
[INTERACTOR → SOLUTION] 10
[INTERACTOR → SOLUTION] 0 0 3 9 1
[SOLUTION → INTERACTOR] 0
[INTERACTOR → SOLUTION] 9
[INTERACTOR → SOLUTION] 0 0 5 9 1
[SOLUTION → INTERACTOR] 0
[INTERACTOR → SOLUTION] 5
[INTERACTOR → SOLUTION] 0 0 11 9 1
[SOLUTION → INTERACTOR] 3
[SOLUTION → INTERACTOR] CONVERT 2 0
[SOLUTION → INTERACTOR] CONVERT 2 1
[SOLUTION → INTERACTOR] BUILD_CABLE 43 44
[INTERACTOR → SOLUTION] 7
[INTERACTOR → SOLUTION] 0 0 5 9 1
[SOLUTION → INTERACTOR] 0
[INTERACTOR → SOLUTION] 7
[INTERACTOR → SOLUTION] 0 0 5 9 1
[SOLUTION → INTERACTOR] 0
[INTERACTOR → SOLUTION] 6
[INTERACTOR → SOLUTION] 0 0 6 9 1
[SOLUTION → INTERACTOR] 1
[SOLUTION → INTERACTOR] CONVERT 2 0
[INTERACTOR → SOLUTION] 9
[INTERACTOR → SOLUTION] 1 0 5 9 1
[SOLUTION → INTERACTOR] 0
[INTERACTOR → SOLUTION] 8
[INTERACTOR → SOLUTION] 1 0 7 9 1
[SOLUTION → INTERACTOR] 2
[SOLUTION → INTERACTOR] CONVERT 2 1
[SOLUTION → INTERACTOR] BUILD_DC 44
[INTERACTOR → SOLUTION] 6
[INTERACTOR → SOLUTION] 0 0 5 8 1
[SOLUTION → INTERACTOR] 0
[INTERACTOR → SOLUTION] 4
[INTERACTOR → SOLUTION] 0 2 6 8 1
[SOLUTION → INTERACTOR] 2
[SOLUTION → INTERACTOR] CONVERT 2 0
[SOLUTION → INTERACTOR] BUILD_CABLE 43 51
[INTERACTOR → SOLUTION] 5
[INTERACTOR → SOLUTION] 0 1 9 8 1
[SOLUTION → INTERACTOR] 2
[SOLUTION → INTERACTOR] CONVERT 2 0
[SOLUTION → INTERACTOR] BUILD_DC 51
[INTERACTOR → SOLUTION] 3
[INTERACTOR → SOLUTION] 1 3 5 7 1
[SOLUTION → INTERACTOR] 1
[SOLUTION → INTERACTOR] BUILD_CABLE 44 45
[INTERACTOR → SOLUTION] 9
[INTERACTOR → SOLUTION] 0 2 7 7 1
[SOLUTION → INTERACTOR] 2
[SOLUTION → INTERACTOR] CONVERT 2 0
[SOLUTION → INTERACTOR] BUILD_CABLE 45 46
[INTERACTOR → SOLUTION] 8
[INTERACTOR → SOLUTION] 0 1 8 7 1
[SOLUTION → INTERACTOR] 2
[SOLUTION → INTERACTOR] CONVERT 2 0
[SOLUTION → INTERACTOR] BUILD_DC 46
[INTERACTOR → SOLUTION] 8
[INTERACTOR → SOLUTION] 0 0 8 6 1
[SOLUTION → INTERACTOR] 1
[SOLUTION → INTERACTOR] CONVERT 2 0
[INTERACTOR → SOLUTION] 7
[INTERACTOR → SOLUTION] 1 0 5 6 1
[SOLUTION → INTERACTOR] 0
[INTERACTOR → SOLUTION] 7
[INTERACTOR → SOLUTION] 1 0 5 6 1
[SOLUTION → INTERACTOR] 0
[INTERACTOR → SOLUTION] 8
[INTERACTOR → SOLUTION] 1 0 9 6 1
[SOLUTION → INTERACTOR] 1
[SOLUTION → INTERACTOR] CONVERT 2 1
[INTERACTOR → SOLUTION] 5
[INTERACTOR → SOLUTION] 1 1 12 6 1
[SOLUTION → INTERACTOR] 0
[INTERACTOR → SOLUTION] 7
[INTERACTOR → SOLUTION] 1 1 12 6 1
[SOLUTION → INTERACTOR] 0
[INTERACTOR → SOLUTION] 6
[INTERACTOR → SOLUTION] 1 1 15 6 1
[SOLUTION → INTERACTOR] 1
[SOLUTION → INTERACTOR] CONVERT 2 4
[INTERACTOR → SOLUTION] 6
[INTERACTOR → SOLUTION] 1 1 15 6 2
[SOLUTION → INTERACTOR] 2
[SOLUTION → INTERACTOR] CONVERT 2 4
[SOLUTION → INTERACTOR] UPGRADE_DC 42
[INTERACTOR → SOLUTION] 6
[INTERACTOR → SOLUTION] 1 1 15 4 0
[SOLUTION → INTERACTOR] 1
[SOLUTION → INTERACTOR] CONVERT 2 4
[INTERACTOR → SOLUTION] 9
[INTERACTOR → SOLUTION] 1 1 14 4 1
[SOLUTION → INTERACTOR] 0
[INTERACTOR → SOLUTION] 6
[INTERACTOR → SOLUTION] 1 1 17 4 1
[SOLUTION → INTERACTOR] 1
[SOLUTION → INTERACTOR] CONVERT 2 4
[INTERACTOR → SOLUTION] 10
[INTERACTOR → SOLUTION] 1 1 14 6 2
[SOLUTION → INTERACTOR] 0
[INTERACTOR → SOLUTION] 4
[INTERACTOR → SOLUTION] 1 3 16 6 2
[SOLUTION → INTERACTOR] 2
[SOLUTION → INTERACTOR] CONVERT 2 4
[SOLUTION → INTERACTOR] UPGRADE_DC 44
[INTERACTOR → SOLUTION] 105
[INTERACTOR → SOLUTION] 2 5 25 26 14 17 27 28
[INTERACTOR → SOLUTION] 2 8 38 39 29 26 25 40
[INTERACTOR → SOLUTION] 2 8 47 48 41 39 38 49
[INTERACTOR → SOLUTION] 1 12 14 15 0 5 16 17
[INTERACTOR → SOLUTION] 5 0 29 30 18 15 14 26
[INTERACTOR → SOLUTION] 3 4 41 42 31 30 29 39
[INTERACTOR → SOLUTION] 2 5 50 51 43 42 41 48
[INTERACTOR → SOLUTION] 4 3 0 1 2 3 4 5
[INTERACTOR → SOLUTION] 1 4 18 19 6 1 0 15
[INTERACTOR → SOLUTION] 0 11 31 32 20 19 18 30
[INTERACTOR → SOLUTION] 0 2 43 44 33 32 31 42
[INTERACTOR → SOLUTION] 1 10 52 53 45 44 43 51
[INTERACTOR → SOLUTION] 1 3 6 7 8 9 2 1
[INTERACTOR → SOLUTION] 4 9 20 21 10 7 6 19
[INTERACTOR → SOLUTION] 2 6 33 34 22 21 20 32
[INTERACTOR → SOLUTION] 4 11 45 46 35 34 33 44
[INTERACTOR → SOLUTION] 2 9 10 11 12 13 8 7
[INTERACTOR → SOLUTION] 3 10 22 23 24 11 10 21
[INTERACTOR → SOLUTION] 2 6 35 36 37 23 22 34
[INTERACTOR → SOLUTION] C0 2 47 48
[INTERACTOR → SOLUTION] C1 2 17 27
[INTERACTOR → SOLUTION] C2 2 50 51
[INTERACTOR → SOLUTION] C3 2 25 28
[INTERACTOR → SOLUTION] C4 2 2 3
[INTERACTOR → SOLUTION] C31 8 4 5 11 24 35 36 12 13
[SOLUTION → INTERACTOR] START
[SOLUTION → INTERACTOR] BUILD_DC 31
[SOLUTION → INTERACTOR] BUILD_DC 43
[SOLUTION → INTERACTOR] BUILD_CABLE 31 32
[SOLUTION → INTERACTOR] BUILD_CABLE 43 42
[INTERACTOR → SOLUTION] 12
[INTERACTOR → SOLUTION] 0 0 0 0 0
[SOLUTION → INTERACTOR] 0
[INTERACTOR → SOLUTION] 11
[INTERACTOR → SOLUTION] 1 0 0 0 0
[SOLUTION → INTERACTOR] 0
[INTERACTOR → SOLUTION] 7
[INTERACTOR → SOLUTION] 1 0 0 0 0
[SOLUTION → INTERACTOR] 0
[INTERACTOR → SOLUTION] 7
[INTERACTOR → SOLUTION] 1 0 0 0 0
[SOLUTION → INTERACTOR] 0
[INTERACTOR → SOLUTION] 6
[INTERACTOR → SOLUTION] 1 0 0 0 0
[SOLUTION → INTERACTOR] 0
[INTERACTOR → SOLUTION] 11
[INTERACTOR → SOLUTION] 2 0 0 0 0
[SOLUTION → INTERACTOR] 0
[INTERACTOR → SOLUTION] 4
[INTERACTOR → SOLUTION] 2 0 0 1 0
[SOLUTION → INTERACTOR] 0
[INTERACTOR → SOLUTION] 5
[INTERACTOR → SOLUTION] 2 0 1 1 0
[SOLUTION → INTERACTOR] 0
[INTERACTOR → SOLUTION] 5
[INTERACTOR → SOLUTION] 2 0 2 1 0
[SOLUTION → INTERACTOR] 0
[INTERACTOR → SOLUTION] 7
[INTERACTOR → SOLUTION] 2 0 2 1 0
[SOLUTION → INTERACTOR] 0
[INTERACTOR → SOLUTION] 9
[INTERACTOR → SOLUTION] 2 0 2 1 0
[SOLUTION → INTERACTOR] 0
[INTERACTOR → SOLUTION] 8
[INTERACTOR → SOLUTION] 2 0 2 1 0
[SOLUTION → INTERACTOR] 0
[INTERACTOR → SOLUTION] 4
[INTERACTOR → SOLUTION] 2 0 2 2 0
[SOLUTION → INTERACTOR] 0
[INTERACTOR → SOLUTION] 5
[INTERACTOR → SOLUTION] 2 0 3 2 0
[SOLUTION → INTERACTOR] 0
[INTERACTOR → SOLUTION] 7
[INTERACTOR → SOLUTION] 2 0 3 2 0
[SOLUTION → INTERACTOR] 0
[INTERACTOR → SOLUTION] 5
[INTERACTOR → SOLUTION] 2 0 4 2 0
[SOLUTION → INTERACTOR] 0
[INTERACTOR → SOLUTION] 3
[INTERACTOR → SOLUTION] 2 0 4 2 0
[SOLUTION → INTERACTOR] 0
[INTERACTOR → SOLUTION] 5
[INTERACTOR → SOLUTION] 2 0 5 2 0
[SOLUTION → INTERACTOR] 0
[INTERACTOR → SOLUTION] 2
[INTERACTOR → SOLUTION] 4 0 5 2 0
[SOLUTION → INTERACTOR] 0
[INTERACTOR → SOLUTION] 6
[INTERACTOR → SOLUTION] 4 0 5 2 0
[SOLUTION → INTERACTOR] 0
[INTERACTOR → SOLUTION] 10
[INTERACTOR → SOLUTION] 4 1 5 2 0
[SOLUTION → INTERACTOR] 1
[SOLUTION → INTERACTOR] BUILD_CABLE 42 41
[INTERACTOR → SOLUTION] 7
[INTERACTOR → SOLUTION] 3 0 5 2 0
[SOLUTION → INTERACTOR] 0
[INTERACTOR → SOLUTION] 6
[INTERACTOR → SOLUTION] 3 0 5 2 0
[SOLUTION → INTERACTOR] 0
[INTERACTOR → SOLUTION] 6
[INTERACTOR → SOLUTION] 3 0 5 2 0
[SOLUTION → INTERACTOR] 0
[INTERACTOR → SOLUTION] 8
[INTERACTOR → SOLUTION] 3 0 5 2 0
[SOLUTION → INTERACTOR] 0
[INTERACTOR → SOLUTION] 10
[INTERACTOR → SOLUTION] 3 1 5 2 0
[SOLUTION → INTERACTOR] 1
[SOLUTION → INTERACTOR] BUILD_DC 41
[INTERACTOR → SOLUTION] 4
[INTERACTOR → SOLUTION] 2 0 4 3 0
[SOLUTION → INTERACTOR] 0
[INTERACTOR → SOLUTION] 7
[INTERACTOR → SOLUTION] 2 0 4 3 0
[SOLUTION → INTERACTOR] 0
[INTERACTOR → SOLUTION] 7
[INTERACTOR → SOLUTION] 2 0 4 3 0
[SOLUTION → INTERACTOR] 0
[INTERACTOR → SOLUTION] 8
[INTERACTOR → SOLUTION] 2 0 5 3 0
[SOLUTION → INTERACTOR] 0
[INTERACTOR → SOLUTION] 4
[INTERACTOR → SOLUTION] 2 0 5 5 0
[SOLUTION → INTERACTOR] 0
[INTERACTOR → SOLUTION] 9
[INTERACTOR → SOLUTION] 2 0 5 5 0
[SOLUTION → INTERACTOR] 0
[INTERACTOR → SOLUTION] 6
[INTERACTOR → SOLUTION] 2 0 5 5 0
[SOLUTION → INTERACTOR] 0
[INTERACTOR → SOLUTION] 9
[INTERACTOR → SOLUTION] 2 0 5 5 0
[SOLUTION → INTERACTOR] 0
[INTERACTOR → SOLUTION] 8
[INTERACTOR → SOLUTION] 2 0 6 5 0
[SOLUTION → INTERACTOR] 0
[INTERACTOR → SOLUTION] 4
[INTERACTOR → SOLUTION] 2 0 6 7 0
[SOLUTION → INTERACTOR] 0
[INTERACTOR → SOLUTION] 5
[INTERACTOR → SOLUTION] 2 0 8 7 0
[SOLUTION → INTERACTOR] 2
[SOLUTION → INTERACTOR] CONVERT 2 1
[SOLUTION → INTERACTOR] BUILD_CABLE 32 20
[INTERACTOR → SOLUTION] 7
[INTERACTOR → SOLUTION] 1 0 4 7 0
[SOLUTION → INTERACTOR] 0
[INTERACTOR → SOLUTION] 8
[INTERACTOR → SOLUTION] 1 0 5 7 0
[SOLUTION → INTERACTOR] 0
[INTERACTOR → SOLUTION] 5
[INTERACTOR → SOLUTION] 1 0 7 7 0
[SOLUTION → INTERACTOR] 2
[SOLUTION → INTERACTOR] CONVERT 2 1
[SOLUTION → INTERACTOR] BUILD_DC 20
[INTERACTOR → SOLUTION] 9
[INTERACTOR → SOLUTION] 0 0 2 6 1
[SOLUTION → INTERACTOR] 0
[INTERACTOR → SOLUTION] 9
[INTERACTOR → SOLUTION] 0 0 2 6 2
[SOLUTION → INTERACTOR] 0
[INTERACTOR → SOLUTION] 6
[INTERACTOR → SOLUTION] 0 0 3 6 2
[SOLUTION → INTERACTOR] 0
[INTERACTOR → SOLUTION] 6
[INTERACTOR → SOLUTION] 0 0 4 6 2
[SOLUTION → INTERACTOR] 0
[INTERACTOR → SOLUTION] 6
[INTERACTOR → SOLUTION] 0 0 5 6 2
[SOLUTION → INTERACTOR] 0
[INTERACTOR → SOLUTION] 4
[INTERACTOR → SOLUTION] 0 0 5 8 2
[SOLUTION → INTERACTOR] 0
[INTERACTOR → SOLUTION] 4
[INTERACTOR → SOLUTION] 0 0 5 10 2
[SOLUTION → INTERACTOR] 0
[INTERACTOR → SOLUTION] 6
[INTERACTOR → SOLUTION] 0 0 6 10 2
[SOLUTION → INTERACTOR] 0
[INTERACTOR → SOLUTION] 7
[INTERACTOR → SOLUTION] 0 0 6 10 2
[SOLUTION → INTERACTOR] 0
[INTERACTOR → SOLUTION] 4
[INTERACTOR → SOLUTION] 0 0 6 12 2
[SOLUTION → INTERACTOR] 0
[INTERACTOR → SOLUTION] 8
[INTERACTOR → SOLUTION] 0 0 7 12 2
[SOLUTION → INTERACTOR] 1
[SOLUTION → INTERACTOR] CONVERT 2 0
[INTERACTOR → SOLUTION] 5
[INTERACTOR → SOLUTION] 1 0 5 12 2
[SOLUTION → INTERACTOR] 0
[INTERACTOR → SOLUTION] 10
[INTERACTOR → SOLUTION] 1 1 5 12 2
[SOLUTION → INTERACTOR] 1
[SOLUTION → INTERACTOR] BUILD_CABLE 32 33
[INTERACTOR → SOLUTION] 9
[INTERACTOR → SOLUTION] 0 0 5 12 3
[SOLUTION → INTERACTOR] 1
[SOLUTION → INTERACTOR] UPGRADE_DC 41
[INTERACTOR → SOLUTION] 11
[INTERACTOR → SOLUTION] 2 0 5 10 0
[SOLUTION → INTERACTOR] 0
[INTERACTOR → SOLUTION] 8
[INTERACTOR → SOLUTION] 2 0 7 10 0
[SOLUTION → INTERACTOR] 2
[SOLUTION → INTERACTOR] CONVERT 2 1
[SOLUTION → INTERACTOR] BUILD_DC 33
[INTERACTOR → SOLUTION] 7
[INTERACTOR → SOLUTION] 1 0 2 9 0
[SOLUTION → INTERACTOR] 0
[INTERACTOR → SOLUTION] 6
[INTERACTOR → SOLUTION] 1 0 4 9 0
[SOLUTION → INTERACTOR] 0
[INTERACTOR → SOLUTION] 6
[INTERACTOR → SOLUTION] 1 0 6 9 0
[SOLUTION → INTERACTOR] 0
[INTERACTOR → SOLUTION] 5
[INTERACTOR → SOLUTION] 1 0 9 9 0
[SOLUTION → INTERACTOR] 2
[SOLUTION → INTERACTOR] CONVERT 2 1
[SOLUTION → INTERACTOR] BUILD_CABLE 33 34
[INTERACTOR → SOLUTION] 10
[INTERACTOR → SOLUTION] 0 1 5 9 0
[SOLUTION → INTERACTOR] 0
[INTERACTOR → SOLUTION] 7
[INTERACTOR → SOLUTION] 0 1 5 9 0
[SOLUTION → INTERACTOR] 0
[INTERACTOR → SOLUTION] 12
[INTERACTOR → SOLUTION] 0 1 5 9 0
[SOLUTION → INTERACTOR] 0
[INTERACTOR → SOLUTION] 4
[INTERACTOR → SOLUTION] 0 1 5 12 0
[SOLUTION → INTERACTOR] 0
[INTERACTOR → SOLUTION] 10
[INTERACTOR → SOLUTION] 0 2 5 12 0
[SOLUTION → INTERACTOR] 0
[INTERACTOR → SOLUTION] 9
[INTERACTOR → SOLUTION] 0 2 5 12 1
[SOLUTION → INTERACTOR] 0
[INTERACTOR → SOLUTION] 11
[INTERACTOR → SOLUTION] 2 2 5 12 2
[SOLUTION → INTERACTOR] 2
[SOLUTION → INTERACTOR] BUILD_CABLE 34 35
[SOLUTION → INTERACTOR] BUILD_DC 35
[INTERACTOR → SOLUTION] 10
[INTERACTOR → SOLUTION] 0 1 4 11 2
[SOLUTION → INTERACTOR] 0
[INTERACTOR → SOLUTION] 6
[INTERACTOR → SOLUTION] 0 1 7 11 2
[SOLUTION → INTERACTOR] 2
[SOLUTION → INTERACTOR] CONVERT 2 0
[SOLUTION → INTERACTOR] BUILD_CABLE 34 22
[INTERACTOR → SOLUTION] 9
[INTERACTOR → SOLUTION] 0 0 4 11 3
[SOLUTION → INTERACTOR] 1
[SOLUTION → INTERACTOR] UPGRADE_DC 20
[INTERACTOR → SOLUTION] 9
[INTERACTOR → SOLUTION] 0 0 4 9 2
[SOLUTION → INTERACTOR] 0
[INTERACTOR → SOLUTION] 6
[INTERACTOR → SOLUTION] 0 0 8 9 2
[SOLUTION → INTERACTOR] 1
[SOLUTION → INTERACTOR] CONVERT 2 0
[INTERACTOR → SOLUTION] 6
[INTERACTOR → SOLUTION] 1 0 9 9 2
[SOLUTION → INTERACTOR] 2
[SOLUTION → INTERACTOR] CONVERT 2 1
[SOLUTION → INTERACTOR] BUILD_DC 22
[INTERACTOR → SOLUTION] 4
[INTERACTOR → SOLUTION] 0 0 5 11 2
[SOLUTION → INTERACTOR] 0
[INTERACTOR → SOLUTION] 6
[INTERACTOR → SOLUTION] 0 0 11 11 2
[SOLUTION → INTERACTOR] 3
[SOLUTION → INTERACTOR] CONVERT 2 0
[SOLUTION → INTERACTOR] CONVERT 2 1
[SOLUTION → INTERACTOR] BUILD_CABLE 22 23
[INTERACTOR → SOLUTION] 9
[INTERACTOR → SOLUTION] 0 0 5 11 4
[SOLUTION → INTERACTOR] 1
[SOLUTION → INTERACTOR] UPGRADE_DC 22
[INTERACTOR → SOLUTION] 2
[INTERACTOR → SOLUTION] 3 0 5 9 1
[SOLUTION → INTERACTOR] 0
[INTERACTOR → SOLUTION] 11
[INTERACTOR → SOLUTION] 6 0 5 9 3
[SOLUTION → INTERACTOR] 3
[SOLUTION → INTERACTOR] CONVERT 0 1
[SOLUTION → INTERACTOR] UPGRADE_DC 43
[SOLUTION → INTERACTOR] BUILD_CABLE 23 24
[INTERACTOR → SOLUTION] 6
[INTERACTOR → SOLUTION] 2 0 13 7 0
[SOLUTION → INTERACTOR] 5
[SOLUTION → INTERACTOR] CONVERT 2 1
[SOLUTION → INTERACTOR] BUILD_DC 24
[SOLUTION → INTERACTOR] CONVERT 2 1
[SOLUTION → INTERACTOR] BUILD_CABLE 24 11
[SOLUTION → INTERACTOR] CONVERT 2 0
[INTERACTOR → SOLUTION] 5
[INTERACTOR → SOLUTION] 1 0 7 6 0
[SOLUTION → INTERACTOR] 2
[SOLUTION → INTERACTOR] CONVERT 2 1
[SOLUTION → INTERACTOR] BUILD_CABLE 11 12
[INTERACTOR → SOLUTION] 9
[INTERACTOR → SOLUTION] 0 0 4 6 2
[SOLUTION → INTERACTOR] 0
[INTERACTOR → SOLUTION] 4
[INTERACTOR → SOLUTION] 0 0 4 9 2
[SOLUTION → INTERACTOR] 0
[INTERACTOR → SOLUTION] 8
[INTERACTOR → SOLUTION] 0 0 6 9 2
[SOLUTION → INTERACTOR] 1
[SOLUTION → INTERACTOR] CONVERT 2 0
[INTERACTOR → SOLUTION] 9
[INTERACTOR → SOLUTION] 1 0 3 9 4
[SOLUTION → INTERACTOR] 1
[SOLUTION → INTERACTOR] UPGRADE_DC 33
[INTERACTOR → SOLUTION] 10
[INTERACTOR → SOLUTION] 1 2 3 10 1
[SOLUTION → INTERACTOR] 1
[SOLUTION → INTERACTOR] BUILD_DC 12
[INTERACTOR → SOLUTION] 3
[INTERACTOR → SOLUTION] 0 1 2 9 1
[SOLUTION → INTERACTOR] 0
[INTERACTOR → SOLUTION] 7
[INTERACTOR → SOLUTION] 0 1 2 9 1
[SOLUTION → INTERACTOR] 0
[INTERACTOR → SOLUTION] 6
[INTERACTOR → SOLUTION] 0 1 11 9 1
[SOLUTION → INTERACTOR] 3
[SOLUTION → INTERACTOR] CONVERT 2 0
[SOLUTION → INTERACTOR] BUILD_CABLE 11 10
[SOLUTION → INTERACTOR] CONVERT 2 0
[INTERACTOR → SOLUTION] 10
[INTERACTOR → SOLUTION] 1 2 5 12 1
[SOLUTION → INTERACTOR] 1
[SOLUTION → INTERACTOR] BUILD_DC 10
[INTERACTOR → SOLUTION] 8
[INTERACTOR → SOLUTION] 0 1 6 11 1
[SOLUTION → INTERACTOR] 2
[SOLUTION → INTERACTOR] CONVERT 2 0
[SOLUTION → INTERACTOR] BUILD_CABLE 23 37
[INTERACTOR → SOLUTION] 5
[INTERACTOR → SOLUTION] 0 0 7 11 1
[SOLUTION → INTERACTOR] 1
[SOLUTION → INTERACTOR] CONVERT 2 0
[INTERACTOR → SOLUTION] 6
[INTERACTOR → SOLUTION] 1 0 13 11 1
[SOLUTION → INTERACTOR] 5
[SOLUTION → INTERACTOR] CONVERT 2 1
[SOLUTION → INTERACTOR] BUILD_DC 37
[SOLUTION → INTERACTOR] CONVERT 2 0
[SOLUTION → INTERACTOR] CONVERT 2 1
[SOLUTION → INTERACTOR] BUILD_CABLE 41 39
[INTERACTOR → SOLUTION] 9
[INTERACTOR → SOLUTION] 0 0 5 10 4
[SOLUTION → INTERACTOR] 1
[SOLUTION → INTERACTOR] UPGRADE_DC 10
[INTERACTOR → SOLUTION] 8
[INTERACTOR → SOLUTION] 0 0 7 8 1
[SOLUTION → INTERACTOR] 1
[SOLUTION → INTERACTOR] CONVERT 2 0
[INTERACTOR → SOLUTION] 8
[INTERACTOR → SOLUTION] 1 0 6 8 1
[SOLUTION → INTERACTOR] 2
[SOLUTION → INTERACTOR] CONVERT 2 1
[SOLUTION → INTERACTOR] BUILD_CABLE 39 38
[INTERACTOR → SOLUTION] 3
[INTERACTOR → SOLUTION] 0 0 3 8 1
[SOLUTION → INTERACTOR] 0
[INTERACTOR → SOLUTION] 6
[INTERACTOR → SOLUTION] 0 0 13 8 1
[SOLUTION → INTERACTOR] 4
[SOLUTION → INTERACTOR] CONVERT 2 0
[SOLUTION → INTERACTOR] CONVERT 2 1
[SOLUTION → INTERACTOR] BUILD_DC 38
[SOLUTION → INTERACTOR] CONVERT 2 0
[INTERACTOR → SOLUTION] 7
[INTERACTOR → SOLUTION] 1 0 3 7 1
[SOLUTION → INTERACTOR] 0
[INTERACTOR → SOLUTION] 9
[INTERACTOR → SOLUTION] 1 0 6 7 5
[SOLUTION → INTERACTOR] 2
[SOLUTION → INTERACTOR] CONVERT 2 1
[SOLUTION → INTERACTOR] UPGRADE_DC 38
[INTERACTOR → SOLUTION] 11
[INTERACTOR → SOLUTION] 4 1 3 5 5
[SOLUTION → INTERACTOR] 1
[SOLUTION → INTERACTOR] UPGRADE_DC 35
[INTERACTOR → SOLUTION] 4
[INTERACTOR → SOLUTION] 4 1 3 6 2
[SOLUTION → INTERACTOR] 0
[INTERACTOR → SOLUTION] 10
[INTERACTOR → SOLUTION] 4 3 3 11 2
[SOLUTION → INTERACTOR] 0
[INTERACTOR → SOLUTION] 5
[INTERACTOR → SOLUTION] 4 3 7 11 2
[SOLUTION → INTERACTOR] 0
[INTERACTOR → SOLUTION] 9
[INTERACTOR → SOLUTION] 4 3 10 11 6
[SOLUTION → INTERACTOR] 2
[SOLUTION → INTERACTOR] UPGRADE_DC 31
[SOLUTION → INTERACTOR] UPGRADE_DC 37
[INTERACTOR → SOLUTION] 9
[INTERACTOR → SOLUTION] 4 3 13 7 4
[SOLUTION → INTERACTOR] 1
[SOLUTION → INTERACTOR] UPGRADE_DC 12
[INTERACTOR → SOLUTION] 82
[INTERACTOR → SOLUTION] 1 3 25 26 14 17 27 28
[INTERACTOR → SOLUTION] 0 9 38 39 29 26 25 40
[INTERACTOR → SOLUTION] 1 4 47 48 41 39 38 49
[INTERACTOR → SOLUTION] 0 5 14 15 0 5 16 17
[INTERACTOR → SOLUTION] 2 6 29 30 18 15 14 26
[INTERACTOR → SOLUTION] 0 12 41 42 31 30 29 39
[INTERACTOR → SOLUTION] 0 5 50 51 43 42 41 48
[INTERACTOR → SOLUTION] 2 8 0 1 2 3 4 5
[INTERACTOR → SOLUTION] 1 10 18 19 6 1 0 15
[INTERACTOR → SOLUTION] 4 4 31 32 20 19 18 30
[INTERACTOR → SOLUTION] 2 8 43 44 33 32 31 42
[INTERACTOR → SOLUTION] 3 10 52 53 45 44 43 51
[INTERACTOR → SOLUTION] 0 9 6 7 8 9 2 1
[INTERACTOR → SOLUTION] 5 0 20 21 10 7 6 19
[INTERACTOR → SOLUTION] 0 11 33 34 22 21 20 32
[INTERACTOR → SOLUTION] 2 6 45 46 35 34 33 44
[INTERACTOR → SOLUTION] 4 2 10 11 12 13 8 7
[INTERACTOR → SOLUTION] 3 3 22 23 24 11 10 21
[INTERACTOR → SOLUTION] 0 11 35 36 37 23 22 34
[INTERACTOR → SOLUTION] C0 2 25 40
[INTERACTOR → SOLUTION] C1 2 4 5
[INTERACTOR → SOLUTION] C2 2 52 53
[INTERACTOR → SOLUTION] C3 2 35 36
[INTERACTOR → SOLUTION] C4 2 16 17
[INTERACTOR → SOLUTION] C31 8 23 24 2 9 50 51 27 28
[SOLUTION → INTERACTOR] START
[SOLUTION → INTERACTOR] BUILD_DC 0
[SOLUTION → INTERACTOR] BUILD_DC 44
[SOLUTION → INTERACTOR] BUILD_CABLE 0 1
[SOLUTION → INTERACTOR] BUILD_CABLE 44 33
[INTERACTOR → SOLUTION] 6
[INTERACTOR → SOLUTION] 0 0 1 0 0
[SOLUTION → INTERACTOR] 0
[INTERACTOR → SOLUTION] 10
[INTERACTOR → SOLUTION] 0 1 1 1 0
[SOLUTION → INTERACTOR] 0
[INTERACTOR → SOLUTION] 9
[INTERACTOR → SOLUTION] 0 1 1 1 0
[SOLUTION → INTERACTOR] 0
[INTERACTOR → SOLUTION] 6
[INTERACTOR → SOLUTION] 0 1 2 1 0
[SOLUTION → INTERACTOR] 0
[INTERACTOR → SOLUTION] 7
[INTERACTOR → SOLUTION] 0 1 2 1 0
[SOLUTION → INTERACTOR] 0
[INTERACTOR → SOLUTION] 6
[INTERACTOR → SOLUTION] 0 1 3 1 0
[SOLUTION → INTERACTOR] 0
[INTERACTOR → SOLUTION] 6
[INTERACTOR → SOLUTION] 0 1 4 1 0
[SOLUTION → INTERACTOR] 0
[INTERACTOR → SOLUTION] 10
[INTERACTOR → SOLUTION] 0 2 4 2 0
[SOLUTION → INTERACTOR] 0
[INTERACTOR → SOLUTION] 8
[INTERACTOR → SOLUTION] 0 2 6 2 0
[SOLUTION → INTERACTOR] 0
[INTERACTOR → SOLUTION] 7
[INTERACTOR → SOLUTION] 0 2 6 2 0
[SOLUTION → INTERACTOR] 0
[INTERACTOR → SOLUTION] 5
[INTERACTOR → SOLUTION] 1 2 6 2 0
[SOLUTION → INTERACTOR] 1
[SOLUTION → INTERACTOR] BUILD_CABLE 1 2
[INTERACTOR → SOLUTION] 3
[INTERACTOR → SOLUTION] 0 1 6 2 0
[SOLUTION → INTERACTOR] 0
[INTERACTOR → SOLUTION] 9
[INTERACTOR → SOLUTION] 0 1 6 2 0
[SOLUTION → INTERACTOR] 0
[INTERACTOR → SOLUTION] 6
[INTERACTOR → SOLUTION] 0 1 7 2 0
[SOLUTION → INTERACTOR] 2
[SOLUTION → INTERACTOR] CONVERT 2 0
[SOLUTION → INTERACTOR] BUILD_DC 2
[INTERACTOR → SOLUTION] 7
[INTERACTOR → SOLUTION] 0 0 2 1 0
[SOLUTION → INTERACTOR] 0
[INTERACTOR → SOLUTION] 8
[INTERACTOR → SOLUTION] 0 0 5 1 0
[SOLUTION → INTERACTOR] 0
[INTERACTOR → SOLUTION] 10
[INTERACTOR → SOLUTION] 0 1 5 2 0
[SOLUTION → INTERACTOR] 0
[INTERACTOR → SOLUTION] 7
[INTERACTOR → SOLUTION] 0 1 5 2 0
[SOLUTION → INTERACTOR] 0
[INTERACTOR → SOLUTION] 9
[INTERACTOR → SOLUTION] 1 1 5 2 0
[SOLUTION → INTERACTOR] 1
[SOLUTION → INTERACTOR] BUILD_CABLE 33 32
[INTERACTOR → SOLUTION] 7
[INTERACTOR → SOLUTION] 0 0 5 2 0
[SOLUTION → INTERACTOR] 0
[INTERACTOR → SOLUTION] 11
[INTERACTOR → SOLUTION] 0 0 5 2 0
[SOLUTION → INTERACTOR] 0
[INTERACTOR → SOLUTION] 8
[INTERACTOR → SOLUTION] 0 0 8 2 0
[SOLUTION → INTERACTOR] 1
[SOLUTION → INTERACTOR] CONVERT 2 0
[INTERACTOR → SOLUTION] 8
[INTERACTOR → SOLUTION] 1 0 8 2 0
[SOLUTION → INTERACTOR] 2
[SOLUTION → INTERACTOR] CONVERT 2 1
[SOLUTION → INTERACTOR] BUILD_DC 32
[INTERACTOR → SOLUTION] 9
[INTERACTOR → SOLUTION] 1 0 4 1 0
[SOLUTION → INTERACTOR] 0
[INTERACTOR → SOLUTION] 9
[INTERACTOR → SOLUTION] 2 0 4 1 0
[SOLUTION → INTERACTOR] 0
[INTERACTOR → SOLUTION] 7
[INTERACTOR → SOLUTION] 2 0 4 1 0
[SOLUTION → INTERACTOR] 0
[INTERACTOR → SOLUTION] 4
[INTERACTOR → SOLUTION] 2 0 4 1 1
[SOLUTION → INTERACTOR] 0
[INTERACTOR → SOLUTION] 8
[INTERACTOR → SOLUTION] 2 0 8 1 1
[SOLUTION → INTERACTOR] 2
[SOLUTION → INTERACTOR] CONVERT 2 1
[SOLUTION → INTERACTOR] BUILD_CABLE 33 34
[INTERACTOR → SOLUTION] 5
[INTERACTOR → SOLUTION] 2 0 5 1 1
[SOLUTION → INTERACTOR] 0
[INTERACTOR → SOLUTION] 4
[INTERACTOR → SOLUTION] 2 0 5 1 2
[SOLUTION → INTERACTOR] 0
[INTERACTOR → SOLUTION] 10
[INTERACTOR → SOLUTION] 2 1 5 2 2
[SOLUTION → INTERACTOR] 1
[SOLUTION → INTERACTOR] BUILD_DC 34
[INTERACTOR → SOLUTION] 7
[INTERACTOR → SOLUTION] 1 0 4 1 2
[SOLUTION → INTERACTOR] 0
[INTERACTOR → SOLUTION] 7
[INTERACTOR → SOLUTION] 1 0 4 1 2
[SOLUTION → INTERACTOR] 0
[INTERACTOR → SOLUTION] 5
[INTERACTOR → SOLUTION] 2 0 4 1 2
[SOLUTION → INTERACTOR] 0
[INTERACTOR → SOLUTION] 10
[INTERACTOR → SOLUTION] 2 1 4 2 2
[SOLUTION → INTERACTOR] 1
[SOLUTION → INTERACTOR] BUILD_CABLE 44 43
[INTERACTOR → SOLUTION] 10
[INTERACTOR → SOLUTION] 1 1 4 3 2
[SOLUTION → INTERACTOR] 1
[SOLUTION → INTERACTOR] BUILD_CABLE 43 51
[INTERACTOR → SOLUTION] 8
[INTERACTOR → SOLUTION] 0 0 8 3 2
[SOLUTION → INTERACTOR] 1
[SOLUTION → INTERACTOR] CONVERT 2 0
[INTERACTOR → SOLUTION] 9
[INTERACTOR → SOLUTION] 2 0 5 3 2
[SOLUTION → INTERACTOR] 0
[INTERACTOR → SOLUTION] 5
[INTERACTOR → SOLUTION] 3 0 5 3 2
[SOLUTION → INTERACTOR] 0
[INTERACTOR → SOLUTION] 10
[INTERACTOR → SOLUTION] 3 1 5 4 2
[SOLUTION → INTERACTOR] 1
[SOLUTION → INTERACTOR] BUILD_DC 51
[INTERACTOR → SOLUTION] 7
[INTERACTOR → SOLUTION] 2 0 4 3 2
[SOLUTION → INTERACTOR] 0
[INTERACTOR → SOLUTION] 3
[INTERACTOR → SOLUTION] 2 0 4 3 2
[SOLUTION → INTERACTOR] 0
[INTERACTOR → SOLUTION] 11
[INTERACTOR → SOLUTION] 5 0 4 3 2
[SOLUTION → INTERACTOR] 0
[INTERACTOR → SOLUTION] 2
[INTERACTOR → SOLUTION] 5 0 4 3 2
[SOLUTION → INTERACTOR] 0
[INTERACTOR → SOLUTION] 11
[INTERACTOR → SOLUTION] 8 0 4 3 2
[SOLUTION → INTERACTOR] 2
[SOLUTION → INTERACTOR] CONVERT 0 1
[SOLUTION → INTERACTOR] BUILD_CABLE 43 42
[INTERACTOR → SOLUTION] 7
[INTERACTOR → SOLUTION] 4 0 4 3 2
[SOLUTION → INTERACTOR] 0
[INTERACTOR → SOLUTION] 8
[INTERACTOR → SOLUTION] 4 0 8 3 2
[SOLUTION → INTERACTOR] 2
[SOLUTION → INTERACTOR] CONVERT 2 1
[SOLUTION → INTERACTOR] BUILD_DC 42
[INTERACTOR → SOLUTION] 8
[INTERACTOR → SOLUTION] 3 0 9 2 2
[SOLUTION → INTERACTOR] 4
[SOLUTION → INTERACTOR] CONVERT 2 1
[SOLUTION → INTERACTOR] BUILD_CABLE 1 6
[SOLUTION → INTERACTOR] CONVERT 2 1
[SOLUTION → INTERACTOR] BUILD_DC 6
[INTERACTOR → SOLUTION] 11
[INTERACTOR → SOLUTION] 4 0 2 1 2
[SOLUTION → INTERACTOR] 0
[INTERACTOR → SOLUTION] 10
[INTERACTOR → SOLUTION] 4 2 2 3 2
[SOLUTION → INTERACTOR] 2
[SOLUTION → INTERACTOR] BUILD_CABLE 34 22
[SOLUTION → INTERACTOR] BUILD_CABLE 22 23
[INTERACTOR → SOLUTION] 10
[INTERACTOR → SOLUTION] 2 2 2 5 2
[SOLUTION → INTERACTOR] 2
[SOLUTION → INTERACTOR] BUILD_DC 23
[SOLUTION → INTERACTOR] BUILD_CABLE 0 15
[INTERACTOR → SOLUTION] 9
[INTERACTOR → SOLUTION] 2 0 1 4 2
[SOLUTION → INTERACTOR] 0
[INTERACTOR → SOLUTION] 7
[INTERACTOR → SOLUTION] 2 0 1 4 2
[SOLUTION → INTERACTOR] 0
[INTERACTOR → SOLUTION] 7
[INTERACTOR → SOLUTION] 2 0 1 4 2
[SOLUTION → INTERACTOR] 0
[INTERACTOR → SOLUTION] 8
[INTERACTOR → SOLUTION] 2 0 6 4 2
[SOLUTION → INTERACTOR] 2
[SOLUTION → INTERACTOR] CONVERT 2 1
[SOLUTION → INTERACTOR] BUILD_CABLE 15 14
[INTERACTOR → SOLUTION] 6
[INTERACTOR → SOLUTION] 1 0 5 4 2
[SOLUTION → INTERACTOR] 0
[INTERACTOR → SOLUTION] 5
[INTERACTOR → SOLUTION] 4 0 5 4 2
[SOLUTION → INTERACTOR] 0
[INTERACTOR → SOLUTION] 9
[INTERACTOR → SOLUTION] 6 0 5 4 2
[SOLUTION → INTERACTOR] 2
[SOLUTION → INTERACTOR] CONVERT 0 1
[SOLUTION → INTERACTOR] BUILD_DC 14
[INTERACTOR → SOLUTION] 7
[INTERACTOR → SOLUTION] 2 0 4 3 2
[SOLUTION → INTERACTOR] 0
[INTERACTOR → SOLUTION] 6
[INTERACTOR → SOLUTION] 2 0 7 3 2
[SOLUTION → INTERACTOR] 2
[SOLUTION → INTERACTOR] CONVERT 2 1
[SOLUTION → INTERACTOR] BUILD_CABLE 15 18
[INTERACTOR → SOLUTION] 3
[INTERACTOR → SOLUTION] 1 1 4 4 2
[SOLUTION → INTERACTOR] 1
[SOLUTION → INTERACTOR] BUILD_DC 18
[INTERACTOR → SOLUTION] 5
[INTERACTOR → SOLUTION] 4 0 3 3 2
[SOLUTION → INTERACTOR] 0
[INTERACTOR → SOLUTION] 9
[INTERACTOR → SOLUTION] 6 0 3 3 2
[SOLUTION → INTERACTOR] 2
[SOLUTION → INTERACTOR] CONVERT 0 1
[SOLUTION → INTERACTOR] BUILD_CABLE 14 17
[INTERACTOR → SOLUTION] 5
[INTERACTOR → SOLUTION] 6 0 3 3 2
[SOLUTION → INTERACTOR] 2
[SOLUTION → INTERACTOR] CONVERT 0 1
[SOLUTION → INTERACTOR] BUILD_CABLE 17 27
[INTERACTOR → SOLUTION] 7
[INTERACTOR → SOLUTION] 2 0 3 3 2
[SOLUTION → INTERACTOR] 0
[INTERACTOR → SOLUTION] 8
[INTERACTOR → SOLUTION] 2 0 8 3 2
[SOLUTION → INTERACTOR] 2
[SOLUTION → INTERACTOR] CONVERT 2 1
[SOLUTION → INTERACTOR] BUILD_DC 27
[INTERACTOR → SOLUTION] 7
[INTERACTOR → SOLUTION] 1 0 4 2 2
[SOLUTION → INTERACTOR] 0
[INTERACTOR → SOLUTION] 7
[INTERACTOR → SOLUTION] 1 0 4 2 2
[SOLUTION → INTERACTOR] 0
[INTERACTOR → SOLUTION] 2
[INTERACTOR → SOLUTION] 1 0 4 2 2
[SOLUTION → INTERACTOR] 0
[INTERACTOR → SOLUTION] 7
[INTERACTOR → SOLUTION] 1 0 4 2 2
[SOLUTION → INTERACTOR] 0
[INTERACTOR → SOLUTION] 6
[INTERACTOR → SOLUTION] 1 0 8 2 2
[SOLUTION → INTERACTOR] 2
[SOLUTION → INTERACTOR] CONVERT 2 1
[SOLUTION → INTERACTOR] BUILD_CABLE 14 26
[INTERACTOR → SOLUTION] 6
[INTERACTOR → SOLUTION] 0 0 9 2 2
[SOLUTION → INTERACTOR] 3
[SOLUTION → INTERACTOR] CONVERT 2 0
[SOLUTION → INTERACTOR] CONVERT 2 1
[SOLUTION → INTERACTOR] BUILD_CABLE 26 29
[INTERACTOR → SOLUTION] 9
[INTERACTOR → SOLUTION] 2 0 3 2 2
[SOLUTION → INTERACTOR] 0
[INTERACTOR → SOLUTION] 11
[INTERACTOR → SOLUTION] 6 0 3 2 2
[SOLUTION → INTERACTOR] 2
[SOLUTION → INTERACTOR] CONVERT 0 1
[SOLUTION → INTERACTOR] BUILD_DC 29
[INTERACTOR → SOLUTION] 10
[INTERACTOR → SOLUTION] 2 3 2 3 2
[SOLUTION → INTERACTOR] 0
[INTERACTOR → SOLUTION] 7
[INTERACTOR → SOLUTION] 2 3 2 3 2
[SOLUTION → INTERACTOR] 0
[INTERACTOR → SOLUTION] 7
[INTERACTOR → SOLUTION] 2 3 2 3 2
[SOLUTION → INTERACTOR] 0
[INTERACTOR → SOLUTION] 9
[INTERACTOR → SOLUTION] 5 3 2 3 2
[SOLUTION → INTERACTOR] 0
[INTERACTOR → SOLUTION] 3
[INTERACTOR → SOLUTION] 5 5 2 4 2
[SOLUTION → INTERACTOR] 0
[INTERACTOR → SOLUTION] 7
[INTERACTOR → SOLUTION] 5 5 2 4 2
[SOLUTION → INTERACTOR] 0
[INTERACTOR → SOLUTION] 6
[INTERACTOR → SOLUTION] 5 5 7 4 2
[SOLUTION → INTERACTOR] 0
[INTERACTOR → SOLUTION] 5
[INTERACTOR → SOLUTION] 9 5 7 4 2
[SOLUTION → INTERACTOR] 0
[INTERACTOR → SOLUTION] 112
[INTERACTOR → SOLUTION] 1 10 25 26 14 17 27 28
[INTERACTOR → SOLUTION] 4 10 38 39 29 26 25 40
[INTERACTOR → SOLUTION] 1 12 47 48 41 39 38 49
[INTERACTOR → SOLUTION] 4 3 14 15 0 5 16 17
[INTERACTOR → SOLUTION] 1 3 29 30 18 15 14 26
[INTERACTOR → SOLUTION] 3 5 41 42 31 30 29 39
[INTERACTOR → SOLUTION] 2 8 50 51 43 42 41 48
[INTERACTOR → SOLUTION] 0 9 0 1 2 3 4 5
[INTERACTOR → SOLUTION] 4 5 18 19 6 1 0 15
[INTERACTOR → SOLUTION] 2 6 31 32 20 19 18 30
[INTERACTOR → SOLUTION] 2 8 43 44 33 32 31 42
[INTERACTOR → SOLUTION] 1 4 52 53 45 44 43 51
[INTERACTOR → SOLUTION] 1 2 6 7 8 9 2 1
[INTERACTOR → SOLUTION] 3 4 20 21 10 7 6 19
[INTERACTOR → SOLUTION] 2 6 33 34 22 21 20 32
[INTERACTOR → SOLUTION] 5 0 45 46 35 34 33 44
[INTERACTOR → SOLUTION] 3 11 10 11 12 13 8 7
[INTERACTOR → SOLUTION] 3 9 22 23 24 11 10 21
[INTERACTOR → SOLUTION] 0 11 35 36 37 23 22 34
[INTERACTOR → SOLUTION] C0 2 45 53
[INTERACTOR → SOLUTION] C1 2 4 5
[INTERACTOR → SOLUTION] C2 2 11 24
[INTERACTOR → SOLUTION] C3 2 27 28
[INTERACTOR → SOLUTION] C4 2 48 50
[INTERACTOR → SOLUTION] C31 8 8 13 2 3 38 40 36 37
[SOLUTION → INTERACTOR] START
[SOLUTION → INTERACTOR] BUILD_DC 1
[SOLUTION → INTERACTOR] BUILD_DC 30
[SOLUTION → INTERACTOR] BUILD_CABLE 1 0
[SOLUTION → INTERACTOR] BUILD_CABLE 30 31
[INTERACTOR → SOLUTION] 10
[INTERACTOR → SOLUTION] 0 0 0 0 0
[SOLUTION → INTERACTOR] 0
[INTERACTOR → SOLUTION] 12
[INTERACTOR → SOLUTION] 0 0 0 0 0
[SOLUTION → INTERACTOR] 0
[INTERACTOR → SOLUTION] 5
[INTERACTOR → SOLUTION] 0 0 0 1 1
[SOLUTION → INTERACTOR] 0
[INTERACTOR → SOLUTION] 6
[INTERACTOR → SOLUTION] 0 0 1 1 1
[SOLUTION → INTERACTOR] 0
[INTERACTOR → SOLUTION] 8
[INTERACTOR → SOLUTION] 0 0 1 1 1
[SOLUTION → INTERACTOR] 0
[INTERACTOR → SOLUTION] 6
[INTERACTOR → SOLUTION] 0 0 2 1 1
[SOLUTION → INTERACTOR] 0
[INTERACTOR → SOLUTION] 4
[INTERACTOR → SOLUTION] 0 0 2 1 1
[SOLUTION → INTERACTOR] 0
[INTERACTOR → SOLUTION] 5
[INTERACTOR → SOLUTION] 0 0 2 2 2
[SOLUTION → INTERACTOR] 0
[INTERACTOR → SOLUTION] 11
[INTERACTOR → SOLUTION] 0 0 2 2 2
[SOLUTION → INTERACTOR] 0
[INTERACTOR → SOLUTION] 9
[INTERACTOR → SOLUTION] 1 0 2 2 2
[SOLUTION → INTERACTOR] 0
[INTERACTOR → SOLUTION] 9
[INTERACTOR → SOLUTION] 2 0 2 2 2
[SOLUTION → INTERACTOR] 0
[INTERACTOR → SOLUTION] 5
[INTERACTOR → SOLUTION] 2 0 2 3 3
[SOLUTION → INTERACTOR] 1
[SOLUTION → INTERACTOR] UPGRADE_DC 30
[INTERACTOR → SOLUTION] 7
[INTERACTOR → SOLUTION] 2 0 2 1 0
[SOLUTION → INTERACTOR] 0
[INTERACTOR → SOLUTION] 10
[INTERACTOR → SOLUTION] 2 0 2 1 0
[SOLUTION → INTERACTOR] 0
[INTERACTOR → SOLUTION] 9
[INTERACTOR → SOLUTION] 3 0 2 1 0
[SOLUTION → INTERACTOR] 0
[INTERACTOR → SOLUTION] 4
[INTERACTOR → SOLUTION] 3 0 2 1 0
[SOLUTION → INTERACTOR] 0
[INTERACTOR → SOLUTION] 9
[INTERACTOR → SOLUTION] 4 0 2 1 0
[SOLUTION → INTERACTOR] 0
[INTERACTOR → SOLUTION] 10
[INTERACTOR → SOLUTION] 4 0 2 1 0
[SOLUTION → INTERACTOR] 0
[INTERACTOR → SOLUTION] 3
[INTERACTOR → SOLUTION] 4 2 2 1 0
[SOLUTION → INTERACTOR] 2
[SOLUTION → INTERACTOR] BUILD_CABLE 31 32
[SOLUTION → INTERACTOR] BUILD_DC 32
[INTERACTOR → SOLUTION] 11
[INTERACTOR → SOLUTION] 2 0 1 0 0
[SOLUTION → INTERACTOR] 0
[INTERACTOR → SOLUTION] 8
[INTERACTOR → SOLUTION] 2 0 2 0 0
[SOLUTION → INTERACTOR] 0
[INTERACTOR → SOLUTION] 10
[INTERACTOR → SOLUTION] 2 0 2 0 0
[SOLUTION → INTERACTOR] 0
[INTERACTOR → SOLUTION] 4
[INTERACTOR → SOLUTION] 2 0 2 0 0
[SOLUTION → INTERACTOR] 0
[INTERACTOR → SOLUTION] 10
[INTERACTOR → SOLUTION] 2 0 2 0 0
[SOLUTION → INTERACTOR] 0
[INTERACTOR → SOLUTION] 7
[INTERACTOR → SOLUTION] 2 0 2 0 0
[SOLUTION → INTERACTOR] 0
[INTERACTOR → SOLUTION] 7
[INTERACTOR → SOLUTION] 2 0 2 0 0
[SOLUTION → INTERACTOR] 0
[INTERACTOR → SOLUTION] 5
[INTERACTOR → SOLUTION] 2 0 2 2 1
[SOLUTION → INTERACTOR] 0
[INTERACTOR → SOLUTION] 6
[INTERACTOR → SOLUTION] 2 0 6 2 1
[SOLUTION → INTERACTOR] 0
[INTERACTOR → SOLUTION] 6
[INTERACTOR → SOLUTION] 2 0 10 2 1
[SOLUTION → INTERACTOR] 2
[SOLUTION → INTERACTOR] CONVERT 2 1
[SOLUTION → INTERACTOR] BUILD_CABLE 31 42
[INTERACTOR → SOLUTION] 7
[INTERACTOR → SOLUTION] 1 0 6 2 1
[SOLUTION → INTERACTOR] 0
[INTERACTOR → SOLUTION] 10
[INTERACTOR → SOLUTION] 1 0 6 2 1
[SOLUTION → INTERACTOR] 0
[INTERACTOR → SOLUTION] 5
[INTERACTOR → SOLUTION] 1 0 6 4 2
[SOLUTION → INTERACTOR] 0
[INTERACTOR → SOLUTION] 8
[INTERACTOR → SOLUTION] 1 0 7 4 2
[SOLUTION → INTERACTOR] 2
[SOLUTION → INTERACTOR] CONVERT 2 1
[SOLUTION → INTERACTOR] BUILD_DC 42
[INTERACTOR → SOLUTION] 8
[INTERACTOR → SOLUTION] 0 0 5 3 2
[SOLUTION → INTERACTOR] 0
[INTERACTOR → SOLUTION] 11
[INTERACTOR → SOLUTION] 0 0 5 3 2
[SOLUTION → INTERACTOR] 0
[INTERACTOR → SOLUTION] 4
[INTERACTOR → SOLUTION] 0 0 5 3 2
[SOLUTION → INTERACTOR] 0
[INTERACTOR → SOLUTION] 10
[INTERACTOR → SOLUTION] 0 0 5 3 2
[SOLUTION → INTERACTOR] 0
[INTERACTOR → SOLUTION] 5
[INTERACTOR → SOLUTION] 0 0 5 6 3
[SOLUTION → INTERACTOR] 1
[SOLUTION → INTERACTOR] UPGRADE_DC 32
[INTERACTOR → SOLUTION] 6
[INTERACTOR → SOLUTION] 0 0 11 4 0
[SOLUTION → INTERACTOR] 3
[SOLUTION → INTERACTOR] CONVERT 2 0
[SOLUTION → INTERACTOR] CONVERT 2 1
[SOLUTION → INTERACTOR] BUILD_CABLE 0 15
[INTERACTOR → SOLUTION] 6
[INTERACTOR → SOLUTION] 0 0 9 4 0
[SOLUTION → INTERACTOR] 1
[SOLUTION → INTERACTOR] CONVERT 2 0
[INTERACTOR → SOLUTION] 7
[INTERACTOR → SOLUTION] 1 0 5 4 0
[SOLUTION → INTERACTOR] 0
[INTERACTOR → SOLUTION] 8
[INTERACTOR → SOLUTION] 1 0 9 4 0
[SOLUTION → INTERACTOR] 2
[SOLUTION → INTERACTOR] CONVERT 2 1
[SOLUTION → INTERACTOR] BUILD_DC 15
[INTERACTOR → SOLUTION] 5
[INTERACTOR → SOLUTION] 0 0 4 6 2
[SOLUTION → INTERACTOR] 0
[INTERACTOR → SOLUTION] 8
[INTERACTOR → SOLUTION] 0 0 8 6 2
[SOLUTION → INTERACTOR] 1
[SOLUTION → INTERACTOR] CONVERT 2 0
[INTERACTOR → SOLUTION] 12
[INTERACTOR → SOLUTION] 1 0 4 6 2
[SOLUTION → INTERACTOR] 0
[INTERACTOR → SOLUTION] 7
[INTERACTOR → SOLUTION] 1 0 4 6 2
[SOLUTION → INTERACTOR] 0
[INTERACTOR → SOLUTION] 6
[INTERACTOR → SOLUTION] 1 0 10 6 2
[SOLUTION → INTERACTOR] 2
[SOLUTION → INTERACTOR] CONVERT 2 1
[SOLUTION → INTERACTOR] BUILD_CABLE 1 2
[INTERACTOR → SOLUTION] 8
[INTERACTOR → SOLUTION] 0 0 10 6 2
[SOLUTION → INTERACTOR] 1
[SOLUTION → INTERACTOR] CONVERT 2 0
[INTERACTOR → SOLUTION] 3
[INTERACTOR → SOLUTION] 1 3 6 6 3
[SOLUTION → INTERACTOR] 2
[SOLUTION → INTERACTOR] UPGRADE_DC 42
[SOLUTION → INTERACTOR] BUILD_CABLE 2 3
[INTERACTOR → SOLUTION] 9
[INTERACTOR → SOLUTION] 1 2 6 4 0
[SOLUTION → INTERACTOR] 1
[SOLUTION → INTERACTOR] BUILD_DC 3
[INTERACTOR → SOLUTION] 3
[INTERACTOR → SOLUTION] 0 4 5 3 1
[SOLUTION → INTERACTOR] 0
[INTERACTOR → SOLUTION] 9
[INTERACTOR → SOLUTION] 2 4 5 3 1
[SOLUTION → INTERACTOR] 2
[SOLUTION → INTERACTOR] BUILD_CABLE 2 9
[SOLUTION → INTERACTOR] BUILD_DC 9
[INTERACTOR → SOLUTION] 9
[INTERACTOR → SOLUTION] 2 2 4 2 1
[SOLUTION → INTERACTOR] 2
[SOLUTION → INTERACTOR] BUILD_CABLE 0 5
[SOLUTION → INTERACTOR] BUILD_DC 5
[INTERACTOR → SOLUTION] 5
[INTERACTOR → SOLUTION] 0 0 3 5 3
[SOLUTION → INTERACTOR] 1
[SOLUTION → INTERACTOR] UPGRADE_DC 1
[INTERACTOR → SOLUTION] 8
[INTERACTOR → SOLUTION] 0 0 9 3 0
[SOLUTION → INTERACTOR] 3
[SOLUTION → INTERACTOR] CONVERT 2 0
[SOLUTION → INTERACTOR] CONVERT 2 1
[SOLUTION → INTERACTOR] BUILD_CABLE 9 8
[INTERACTOR → SOLUTION] 12
[INTERACTOR → SOLUTION] 0 0 3 3 0
[SOLUTION → INTERACTOR] 0
[INTERACTOR → SOLUTION] 3
[INTERACTOR → SOLUTION] 0 3 3 3 2
[SOLUTION → INTERACTOR] 0
[INTERACTOR → SOLUTION] 7
[INTERACTOR → SOLUTION] 0 3 3 3 2
[SOLUTION → INTERACTOR] 0
[INTERACTOR → SOLUTION] 10
[INTERACTOR → SOLUTION] 0 3 3 3 2
[SOLUTION → INTERACTOR] 0
[INTERACTOR → SOLUTION] 3
[INTERACTOR → SOLUTION] 0 6 3 3 4
[SOLUTION → INTERACTOR] 3
[SOLUTION → INTERACTOR] CONVERT 1 0
[SOLUTION → INTERACTOR] UPGRADE_DC 15
[SOLUTION → INTERACTOR] BUILD_CABLE 8 13
[INTERACTOR → SOLUTION] 3
[INTERACTOR → SOLUTION] 0 7 3 1 4
[SOLUTION → INTERACTOR] 2
[SOLUTION → INTERACTOR] CONVERT 1 0
[SOLUTION → INTERACTOR] BUILD_DC 13
[INTERACTOR → SOLUTION] 7
[INTERACTOR → SOLUTION] 0 4 2 0 4
[SOLUTION → INTERACTOR] 0
[INTERACTOR → SOLUTION] 9
[INTERACTOR → SOLUTION] 4 4 2 0 4
[SOLUTION → INTERACTOR] 4
[SOLUTION → INTERACTOR] BUILD_CABLE 8 7
[SOLUTION → INTERACTOR] BUILD_CABLE 7 10
[SOLUTION → INTERACTOR] BUILD_CABLE 10 21
[SOLUTION → INTERACTOR] BUILD_CABLE 21 22
[INTERACTOR → SOLUTION] 7
[INTERACTOR → SOLUTION] 0 0 2 0 4
[SOLUTION → INTERACTOR] 0
[INTERACTOR → SOLUTION] 7
[INTERACTOR → SOLUTION] 0 0 2 0 4
[SOLUTION → INTERACTOR] 0
[INTERACTOR → SOLUTION] 11
[INTERACTOR → SOLUTION] 0 0 2 1 4
[SOLUTION → INTERACTOR] 0
[INTERACTOR → SOLUTION] 11
[INTERACTOR → SOLUTION] 0 0 2 2 4
[SOLUTION → INTERACTOR] 1
[SOLUTION → INTERACTOR] UPGRADE_DC 5
[INTERACTOR → SOLUTION] 6
[INTERACTOR → SOLUTION] 0 0 8 0 1
[SOLUTION → INTERACTOR] 1
[SOLUTION → INTERACTOR] CONVERT 2 0
[INTERACTOR → SOLUTION] 11
[INTERACTOR → SOLUTION] 1 0 5 1 1
[SOLUTION → INTERACTOR] 0
[INTERACTOR → SOLUTION] 8
[INTERACTOR → SOLUTION] 1 0 11 1 1
[SOLUTION → INTERACTOR] 3
[SOLUTION → INTERACTOR] CONVERT 2 1
[SOLUTION → INTERACTOR] BUILD_DC 21
[SOLUTION → INTERACTOR] CONVERT 2 0
[INTERACTOR → SOLUTION] 7
[INTERACTOR → SOLUTION] 1 0 4 0 1
[SOLUTION → INTERACTOR] 0
[INTERACTOR → SOLUTION] 10
[INTERACTOR → SOLUTION] 1 0 4 0 1
[SOLUTION → INTERACTOR] 0
[INTERACTOR → SOLUTION] 8
[INTERACTOR → SOLUTION] 1 0 10 0 1
[SOLUTION → INTERACTOR] 3
[SOLUTION → INTERACTOR] CONVERT 2 1
[SOLUTION → INTERACTOR] CONVERT 2 3
[SOLUTION → INTERACTOR] BUILD_DC 7
[INTERACTOR → SOLUTION] 4
[INTERACTOR → SOLUTION] 0 0 3 2 1
[SOLUTION → INTERACTOR] 0
[INTERACTOR → SOLUTION] 5
[INTERACTOR → SOLUTION] 0 0 3 6 5
[SOLUTION → INTERACTOR] 1
[SOLUTION → INTERACTOR] UPGRADE_DC 21
[INTERACTOR → SOLUTION] 9
[INTERACTOR → SOLUTION] 5 0 3 6 2
[SOLUTION → INTERACTOR] 0
[INTERACTOR → SOLUTION] 6
[INTERACTOR → SOLUTION] 5 0 11 6 2
[SOLUTION → INTERACTOR] 4
[SOLUTION → INTERACTOR] CONVERT 2 1
[SOLUTION → INTERACTOR] BUILD_CABLE 22 34
[SOLUTION → INTERACTOR] CONVERT 2 1
[SOLUTION → INTERACTOR] BUILD_DC 34
[INTERACTOR → SOLUTION] 5
[INTERACTOR → SOLUTION] 3 0 4 9 6
[SOLUTION → INTERACTOR] 2
[SOLUTION → INTERACTOR] UPGRADE_DC 34
[SOLUTION → INTERACTOR] UPGRADE_DC 7
[INTERACTOR → SOLUTION] 9
[INTERACTOR → SOLUTION] 8 0 4 7 0
[SOLUTION → INTERACTOR] 2
[SOLUTION → INTERACTOR] CONVERT 0 1
[SOLUTION → INTERACTOR] BUILD_CABLE 10 11
[INTERACTOR → SOLUTION] 4
[INTERACTOR → SOLUTION] 4 0 4 11 0
[SOLUTION → INTERACTOR] 0
[INTERACTOR → SOLUTION] 7
[INTERACTOR → SOLUTION] 4 0 4 11 0
[SOLUTION → INTERACTOR] 0
[INTERACTOR → SOLUTION] 8
[INTERACTOR → SOLUTION] 4 0 10 11 0
[SOLUTION → INTERACTOR] 4
[SOLUTION → INTERACTOR] CONVERT 2 1
[SOLUTION → INTERACTOR] BUILD_DC 11
[SOLUTION → INTERACTOR] CONVERT 2 1
[SOLUTION → INTERACTOR] BUILD_CABLE 1 6
[INTERACTOR → SOLUTION] 7
[INTERACTOR → SOLUTION] 2 0 4 10 0
[SOLUTION → INTERACTOR] 0
[INTERACTOR → SOLUTION] 8
[INTERACTOR → SOLUTION] 2 0 10 10 0
[SOLUTION → INTERACTOR] 5
[SOLUTION → INTERACTOR] CONVERT 2 1
[SOLUTION → INTERACTOR] BUILD_CABLE 6 19
[SOLUTION → INTERACTOR] CONVERT 2 1
[SOLUTION → INTERACTOR] BUILD_DC 19
[SOLUTION → INTERACTOR] CONVERT 2 0
[INTERACTOR → SOLUTION] 9
[INTERACTOR → SOLUTION] 6 0 3 12 0
[SOLUTION → INTERACTOR] 2
[SOLUTION → INTERACTOR] CONVERT 0 1
[SOLUTION → INTERACTOR] BUILD_CABLE 22 23
[INTERACTOR → SOLUTION] 6
[INTERACTOR → SOLUTION] 2 0 14 12 0
[SOLUTION → INTERACTOR] 8
[SOLUTION → INTERACTOR] CONVERT 2 1
[SOLUTION → INTERACTOR] BUILD_DC 23
[SOLUTION → INTERACTOR] CONVERT 2 1
[SOLUTION → INTERACTOR] BUILD_CABLE 23 37
[SOLUTION → INTERACTOR] CONVERT 2 0
[SOLUTION → INTERACTOR] CONVERT 2 1
[SOLUTION → INTERACTOR] BUILD_CABLE 37 36
[SOLUTION → INTERACTOR] CONVERT 2 0
[INTERACTOR → SOLUTION] 5
[INTERACTOR → SOLUTION] 1 0 3 15 5
[SOLUTION → INTERACTOR] 1
[SOLUTION → INTERACTOR] UPGRADE_DC 19
[INTERACTOR → SOLUTION] 5
[INTERACTOR → SOLUTION] 1 0 3 17 8
[SOLUTION → INTERACTOR] 2
[SOLUTION → INTERACTOR] UPGRADE_DC 11
[SOLUTION → INTERACTOR] UPGRADE_DC 23
[INTERACTOR → SOLUTION] 7
[INTERACTOR → SOLUTION] 1 0 3 13 2
[SOLUTION → INTERACTOR] 0
[INTERACTOR → SOLUTION] 9
[INTERACTOR → SOLUTION] 6 0 3 19 2
[SOLUTION → INTERACTOR] 2
[SOLUTION → INTERACTOR] CONVERT 0 1
[SOLUTION → INTERACTOR] BUILD_DC 36
[INTERACTOR → SOLUTION] 5
[INTERACTOR → SOLUTION] 2 0 2 22 8
[SOLUTION → INTERACTOR] 2
[SOLUTION → INTERACTOR] UPGRADE_DC 3
[SOLUTION → INTERACTOR] UPGRADE_DC 13
[INTERACTOR → SOLUTION] 7
[INTERACTOR → SOLUTION] 2 0 2 18 2
[SOLUTION → INTERACTOR] 0
[INTERACTOR → SOLUTION] 4
[INTERACTOR → SOLUTION] 2 0 2 24 2
[SOLUTION → INTERACTOR] 0
[INTERACTOR → SOLUTION] 2
[INTERACTOR → SOLUTION] 2 5 2 24 2
[SOLUTION → INTERACTOR] 2
[SOLUTION → INTERACTOR] BUILD_CABLE 30 29
[SOLUTION → INTERACTOR] BUILD_CABLE 29 26
[INTERACTOR → SOLUTION] 4
[INTERACTOR → SOLUTION] 0 3 2 30 2
[SOLUTION → INTERACTOR] 0
[INTERACTOR → SOLUTION] 12
[INTERACTOR → SOLUTION] 0 3 2 30 2
[SOLUTION → INTERACTOR] 0
[INTERACTOR → SOLUTION] 11
[INTERACTOR → SOLUTION] 5 3 2 36 2
[SOLUTION → INTERACTOR] 3
[SOLUTION → INTERACTOR] BUILD_DC 26
[SOLUTION → INTERACTOR] BUILD_CABLE 29 39
[SOLUTION → INTERACTOR] BUILD_DC 39
[INTERACTOR → SOLUTION] 7
[INTERACTOR → SOLUTION] 2 0 0 34 2
[SOLUTION → INTERACTOR] 0
[INTERACTOR → SOLUTION] 3
[INTERACTOR → SOLUTION] 2 5 0 34 6
[SOLUTION → INTERACTOR] 5
[SOLUTION → INTERACTOR] CONVERT 1 2
[SOLUTION → INTERACTOR] UPGRADE_DC 39
[SOLUTION → INTERACTOR] UPGRADE_DC 26
[SOLUTION → INTERACTOR] BUILD_CABLE 26 25
[SOLUTION → INTERACTOR] BUILD_CABLE 25 40
[INTERACTOR → SOLUTION] 11
[INTERACTOR → SOLUTION] 5 1 1 36 0
[SOLUTION → INTERACTOR] 1
[SOLUTION → INTERACTOR] BUILD_DC 40
[INTERACTOR → SOLUTION] 5
[INTERACTOR → SOLUTION] 4 0 0 41 6
[SOLUTION → INTERACTOR] 2
[SOLUTION → INTERACTOR] UPGRADE_DC 40
[SOLUTION → INTERACTOR] UPGRADE_DC 36
[INTERACTOR → SOLUTION] 4
[INTERACTOR → SOLUTION] 4 0 0 43 0
[SOLUTION → INTERACTOR] 0
[INTERACTOR → SOLUTION] 4
[INTERACTOR → SOLUTION] 4 0 0 49 0
[SOLUTION → INTERACTOR] 0
[INTERACTOR → SOLUTION] 11
[INTERACTOR → SOLUTION] 10 0 0 55 0
[SOLUTION → INTERACTOR] 2
[SOLUTION → INTERACTOR] CONVERT 0 1
[SOLUTION → INTERACTOR] CONVERT 0 2
[INTERACTOR → SOLUTION] 8
[INTERACTOR → SOLUTION] 4 1 7 55 0
[SOLUTION → INTERACTOR] 0
[INTERACTOR → SOLUTION] 3
[INTERACTOR → SOLUTION] 4 7 7 55 4
[SOLUTION → INTERACTOR] 1
[SOLUTION → INTERACTOR] UPGRADE_DC 9
[INTERACTOR → SOLUTION] 10
[INTERACTOR → SOLUTION] 4 9 7 53 7
[SOLUTION → INTERACTOR] 1
[SOLUTION → INTERACTOR] UPGRADE_DC 32
[INTERACTOR → SOLUTION] 8
[INTERACTOR → SOLUTION] 4 9 14 50 3
[SOLUTION → INTERACTOR] 0
[INTERACTOR → SOLUTION] 6
[INTERACTOR → SOLUTION] 4 9 28 50 3
[SOLUTION → INTERACTOR] 9
[SOLUTION → INTERACTOR] CONVERT 2 4
[SOLUTION → INTERACTOR] CONVERT 2 4
[SOLUTION → INTERACTOR] UPGRADE_DC 42
[SOLUTION → INTERACTOR] CONVERT 2 4
[SOLUTION → INTERACTOR] CONVERT 2 4
[SOLUTION → INTERACTOR] CONVERT 2 4
[SOLUTION → INTERACTOR] CONVERT 2 4
[SOLUTION → INTERACTOR] UPGRADE_DC 19
[SOLUTION → INTERACTOR] CONVERT 2 4
[INTERACTOR → SOLUTION] 6
[INTERACTOR → SOLUTION] 4 9 29 44 2
[SOLUTION → INTERACTOR] 10
[SOLUTION → INTERACTOR] CONVERT 2 4
[SOLUTION → INTERACTOR] CONVERT 2 4
[SOLUTION → INTERACTOR] CONVERT 2 4
[SOLUTION → INTERACTOR] UPGRADE_DC 21
[SOLUTION → INTERACTOR] CONVERT 2 4
[SOLUTION → INTERACTOR] CONVERT 2 4
[SOLUTION → INTERACTOR] CONVERT 2 4
[SOLUTION → INTERACTOR] CONVERT 2 4
[SOLUTION → INTERACTOR] UPGRADE_DC 30
[SOLUTION → INTERACTOR] CONVERT 2 4
[INTERACTOR → SOLUTION] 5
[INTERACTOR → SOLUTION] 4 9 13 46 9
[SOLUTION → INTERACTOR] 2
[SOLUTION → INTERACTOR] UPGRADE_DC 1
[SOLUTION → INTERACTOR] UPGRADE_DC 15
[INTERACTOR → SOLUTION] 7
[INTERACTOR → SOLUTION] 4 9 13 40 1
[SOLUTION → INTERACTOR] 0
[INTERACTOR → SOLUTION] 118
[INTERACTOR → SOLUTION] 2 5 25 26 14 17 27 28
[INTERACTOR → SOLUTION] 4 11 38 39 29 26 25 40
[INTERACTOR → SOLUTION] 3 4 47 48 41 39 38 49
[INTERACTOR → SOLUTION] 2 6 14 15 0 5 16 17
[INTERACTOR → SOLUTION] 2 6 29 30 18 15 14 26
[INTERACTOR → SOLUTION] 0 12 41 42 31 30 29 39
[INTERACTOR → SOLUTION] 2 8 50 51 43 42 41 48
[INTERACTOR → SOLUTION] 1 3 0 1 2 3 4 5
[INTERACTOR → SOLUTION] 2 5 18 19 6 1 0 15
[INTERACTOR → SOLUTION] 5 0 31 32 20 19 18 30
[INTERACTOR → SOLUTION] 4 10 43 44 33 32 31 42
[INTERACTOR → SOLUTION] 2 9 52 53 45 44 43 51
[INTERACTOR → SOLUTION] 4 4 6 7 8 9 2 1
[INTERACTOR → SOLUTION] 4 3 20 21 10 7 6 19
[INTERACTOR → SOLUTION] 0 2 33 34 22 21 20 32
[INTERACTOR → SOLUTION] 2 9 45 46 35 34 33 44
[INTERACTOR → SOLUTION] 0 10 10 11 12 13 8 7
[INTERACTOR → SOLUTION] 2 8 22 23 24 11 10 21
[INTERACTOR → SOLUTION] 1 11 35 36 37 23 22 34
[INTERACTOR → SOLUTION] C0 2 45 46
[INTERACTOR → SOLUTION] C1 2 47 49
[INTERACTOR → SOLUTION] C2 2 12 13
[INTERACTOR → SOLUTION] C3 2 5 16
[INTERACTOR → SOLUTION] C4 2 50 51
[INTERACTOR → SOLUTION] C31 8 35 36 3 4 17 27 52 53
[SOLUTION → INTERACTOR] START
[SOLUTION → INTERACTOR] BUILD_DC 22
[SOLUTION → INTERACTOR] BUILD_DC 41
[SOLUTION → INTERACTOR] BUILD_CABLE 22 21
[SOLUTION → INTERACTOR] BUILD_CABLE 41 42
[INTERACTOR → SOLUTION] 6
[INTERACTOR → SOLUTION] 0 0 0 0 0
[SOLUTION → INTERACTOR] 0
[INTERACTOR → SOLUTION] 8
[INTERACTOR → SOLUTION] 0 0 2 0 0
[SOLUTION → INTERACTOR] 0
[INTERACTOR → SOLUTION] 5
[INTERACTOR → SOLUTION] 0 0 2 0 0
[SOLUTION → INTERACTOR] 0
[INTERACTOR → SOLUTION] 7
[INTERACTOR → SOLUTION] 0 0 2 0 0
[SOLUTION → INTERACTOR] 0
[INTERACTOR → SOLUTION] 4
[INTERACTOR → SOLUTION] 0 0 2 1 0
[SOLUTION → INTERACTOR] 0
[INTERACTOR → SOLUTION] 6
[INTERACTOR → SOLUTION] 0 0 2 1 0
[SOLUTION → INTERACTOR] 0
[INTERACTOR → SOLUTION] 7
[INTERACTOR → SOLUTION] 0 0 2 1 0
[SOLUTION → INTERACTOR] 0
[INTERACTOR → SOLUTION] 7
[INTERACTOR → SOLUTION] 0 0 2 1 0
[SOLUTION → INTERACTOR] 0
[INTERACTOR → SOLUTION] 4
[INTERACTOR → SOLUTION] 0 0 2 2 0
[SOLUTION → INTERACTOR] 0
[INTERACTOR → SOLUTION] 5
[INTERACTOR → SOLUTION] 0 0 2 2 0
[SOLUTION → INTERACTOR] 0
[INTERACTOR → SOLUTION] 7
[INTERACTOR → SOLUTION] 0 0 2 2 0
[SOLUTION → INTERACTOR] 0
[INTERACTOR → SOLUTION] 2
[INTERACTOR → SOLUTION] 1 0 2 2 0
[SOLUTION → INTERACTOR] 0
[INTERACTOR → SOLUTION] 6
[INTERACTOR → SOLUTION] 1 0 2 2 0
[SOLUTION → INTERACTOR] 0
[INTERACTOR → SOLUTION] 6
[INTERACTOR → SOLUTION] 1 0 2 2 0
[SOLUTION → INTERACTOR] 0
[INTERACTOR → SOLUTION] 7
[INTERACTOR → SOLUTION] 1 0 2 2 0
[SOLUTION → INTERACTOR] 0
[INTERACTOR → SOLUTION] 2
[INTERACTOR → SOLUTION] 2 0 2 2 0
[SOLUTION → INTERACTOR] 0
[INTERACTOR → SOLUTION] 9
[INTERACTOR → SOLUTION] 2 0 2 2 0
[SOLUTION → INTERACTOR] 0
[INTERACTOR → SOLUTION] 5
[INTERACTOR → SOLUTION] 2 0 2 2 0
[SOLUTION → INTERACTOR] 0
[INTERACTOR → SOLUTION] 3
[INTERACTOR → SOLUTION] 2 0 2 2 0
[SOLUTION → INTERACTOR] 0
[INTERACTOR → SOLUTION] 7
[INTERACTOR → SOLUTION] 2 0 2 2 0
[SOLUTION → INTERACTOR] 0
[INTERACTOR → SOLUTION] 10
[INTERACTOR → SOLUTION] 2 0 2 2 0
[SOLUTION → INTERACTOR] 0
[INTERACTOR → SOLUTION] 8
[INTERACTOR → SOLUTION] 2 0 4 2 0
[SOLUTION → INTERACTOR] 0
[INTERACTOR → SOLUTION] 8
[INTERACTOR → SOLUTION] 2 0 6 2 0
[SOLUTION → INTERACTOR] 0
[INTERACTOR → SOLUTION] 12
[INTERACTOR → SOLUTION] 3 0 6 2 0
[SOLUTION → INTERACTOR] 0
[INTERACTOR → SOLUTION] 9
[INTERACTOR → SOLUTION] 3 0 6 2 0
[SOLUTION → INTERACTOR] 0
[INTERACTOR → SOLUTION] 5
[INTERACTOR → SOLUTION] 3 0 6 2 0
[SOLUTION → INTERACTOR] 0
[INTERACTOR → SOLUTION] 7
[INTERACTOR → SOLUTION] 3 0 6 2 0
[SOLUTION → INTERACTOR] 0
[INTERACTOR → SOLUTION] 4
[INTERACTOR → SOLUTION] 3 0 6 3 0
[SOLUTION → INTERACTOR] 0
[INTERACTOR → SOLUTION] 9
[INTERACTOR → SOLUTION] 3 0 6 3 0
[SOLUTION → INTERACTOR] 0
[INTERACTOR → SOLUTION] 5
[INTERACTOR → SOLUTION] 3 0 6 3 0
[SOLUTION → INTERACTOR] 0
[INTERACTOR → SOLUTION] 6
[INTERACTOR → SOLUTION] 3 0 6 3 0
[SOLUTION → INTERACTOR] 0
[INTERACTOR → SOLUTION] 7
[INTERACTOR → SOLUTION] 3 0 6 3 0
[SOLUTION → INTERACTOR] 0
[INTERACTOR → SOLUTION] 4
[INTERACTOR → SOLUTION] 3 0 6 4 0
[SOLUTION → INTERACTOR] 0
[INTERACTOR → SOLUTION] 8
[INTERACTOR → SOLUTION] 3 0 8 4 0
[SOLUTION → INTERACTOR] 2
[SOLUTION → INTERACTOR] CONVERT 2 1
[SOLUTION → INTERACTOR] BUILD_CABLE 42 43
[INTERACTOR → SOLUTION] 6
[INTERACTOR → SOLUTION] 2 0 4 4 0
[SOLUTION → INTERACTOR] 0
[INTERACTOR → SOLUTION] 4
[INTERACTOR → SOLUTION] 2 0 4 5 0
[SOLUTION → INTERACTOR] 0
[INTERACTOR → SOLUTION] 8
[INTERACTOR → SOLUTION] 2 0 6 5 0
[SOLUTION → INTERACTOR] 0
[INTERACTOR → SOLUTION] 6
[INTERACTOR → SOLUTION] 2 0 6 5 0
[SOLUTION → INTERACTOR] 0
[INTERACTOR → SOLUTION] 6
[INTERACTOR → SOLUTION] 2 0 6 5 0
[SOLUTION → INTERACTOR] 0
[INTERACTOR → SOLUTION] 4
[INTERACTOR → SOLUTION] 2 0 6 6 0
[SOLUTION → INTERACTOR] 0
[INTERACTOR → SOLUTION] 8
[INTERACTOR → SOLUTION] 2 0 8 6 0
[SOLUTION → INTERACTOR] 2
[SOLUTION → INTERACTOR] CONVERT 2 1
[SOLUTION → INTERACTOR] BUILD_DC 43
[INTERACTOR → SOLUTION] 2
[INTERACTOR → SOLUTION] 2 0 3 5 0
[SOLUTION → INTERACTOR] 0
[INTERACTOR → SOLUTION] 7
[INTERACTOR → SOLUTION] 2 0 3 5 0
[SOLUTION → INTERACTOR] 0
[INTERACTOR → SOLUTION] 10
[INTERACTOR → SOLUTION] 2 0 3 5 1
[SOLUTION → INTERACTOR] 0
[INTERACTOR → SOLUTION] 9
[INTERACTOR → SOLUTION] 2 0 4 5 1
[SOLUTION → INTERACTOR] 0
[INTERACTOR → SOLUTION] 7
[INTERACTOR → SOLUTION] 2 0 4 5 1
[SOLUTION → INTERACTOR] 0
[INTERACTOR → SOLUTION] 4
[INTERACTOR → SOLUTION] 2 0 4 6 1
[SOLUTION → INTERACTOR] 0
[INTERACTOR → SOLUTION] 5
[INTERACTOR → SOLUTION] 2 0 4 6 1
[SOLUTION → INTERACTOR] 0
[INTERACTOR → SOLUTION] 11
[INTERACTOR → SOLUTION] 2 1 4 6 1
[SOLUTION → INTERACTOR] 1
[SOLUTION → INTERACTOR] BUILD_CABLE 21 10
[INTERACTOR → SOLUTION] 7
[INTERACTOR → SOLUTION] 1 0 4 6 1
[SOLUTION → INTERACTOR] 0
[INTERACTOR → SOLUTION] 8
[INTERACTOR → SOLUTION] 1 0 7 6 1
[SOLUTION → INTERACTOR] 2
[SOLUTION → INTERACTOR] CONVERT 2 1
[SOLUTION → INTERACTOR] BUILD_DC 10
[INTERACTOR → SOLUTION] 6
[INTERACTOR → SOLUTION] 0 0 2 5 1
[SOLUTION → INTERACTOR] 0
[INTERACTOR → SOLUTION] 6
[INTERACTOR → SOLUTION] 0 0 2 5 1
[SOLUTION → INTERACTOR] 0
[INTERACTOR → SOLUTION] 7
[INTERACTOR → SOLUTION] 0 0 2 5 1
[SOLUTION → INTERACTOR] 0
[INTERACTOR → SOLUTION] 2
[INTERACTOR → SOLUTION] 1 0 2 5 1
[SOLUTION → INTERACTOR] 0
[INTERACTOR → SOLUTION] 5
[INTERACTOR → SOLUTION] 1 0 2 5 1
[SOLUTION → INTERACTOR] 0
[INTERACTOR → SOLUTION] 4
[INTERACTOR → SOLUTION] 1 0 2 6 1
[SOLUTION → INTERACTOR] 0
[INTERACTOR → SOLUTION] 7
[INTERACTOR → SOLUTION] 1 0 2 6 1
[SOLUTION → INTERACTOR] 0
[INTERACTOR → SOLUTION] 7
[INTERACTOR → SOLUTION] 1 0 2 6 1
[SOLUTION → INTERACTOR] 0
[INTERACTOR → SOLUTION] 4
[INTERACTOR → SOLUTION] 1 0 2 7 1
[SOLUTION → INTERACTOR] 0
[INTERACTOR → SOLUTION] 6
[INTERACTOR → SOLUTION] 1 0 2 7 1
[SOLUTION → INTERACTOR] 0
[INTERACTOR → SOLUTION] 4
[INTERACTOR → SOLUTION] 1 0 2 8 1
[SOLUTION → INTERACTOR] 0
[INTERACTOR → SOLUTION] 8
[INTERACTOR → SOLUTION] 1 0 6 8 1
[SOLUTION → INTERACTOR] 0
[INTERACTOR → SOLUTION] 7
[INTERACTOR → SOLUTION] 1 0 6 8 1
[SOLUTION → INTERACTOR] 0
[INTERACTOR → SOLUTION] 6
[INTERACTOR → SOLUTION] 1 0 6 8 1
[SOLUTION → INTERACTOR] 0
[INTERACTOR → SOLUTION] 7
[INTERACTOR → SOLUTION] 1 0 6 8 1
[SOLUTION → INTERACTOR] 0
[INTERACTOR → SOLUTION] 9
[INTERACTOR → SOLUTION] 1 0 7 8 1
[SOLUTION → INTERACTOR] 2
[SOLUTION → INTERACTOR] CONVERT 2 1
[SOLUTION → INTERACTOR] BUILD_CABLE 22 34
[INTERACTOR → SOLUTION] 11
[INTERACTOR → SOLUTION] 0 1 3 8 1
[SOLUTION → INTERACTOR] 0
[INTERACTOR → SOLUTION] 3
[INTERACTOR → SOLUTION] 0 1 3 8 2
[SOLUTION → INTERACTOR] 0
[INTERACTOR → SOLUTION] 12
[INTERACTOR → SOLUTION] 1 1 3 8 2
[SOLUTION → INTERACTOR] 1
[SOLUTION → INTERACTOR] BUILD_CABLE 34 35
[INTERACTOR → SOLUTION] 6
[INTERACTOR → SOLUTION] 0 0 3 8 2
[SOLUTION → INTERACTOR] 0
[INTERACTOR → SOLUTION] 8
[INTERACTOR → SOLUTION] 0 0 7 8 2
[SOLUTION → INTERACTOR] 1
[SOLUTION → INTERACTOR] CONVERT 2 0
[INTERACTOR → SOLUTION] 6
[INTERACTOR → SOLUTION] 1 0 3 8 2
[SOLUTION → INTERACTOR] 0
[INTERACTOR → SOLUTION] 7
[INTERACTOR → SOLUTION] 1 0 3 8 2
[SOLUTION → INTERACTOR] 0
[INTERACTOR → SOLUTION] 7
[INTERACTOR → SOLUTION] 1 0 3 8 2
[SOLUTION → INTERACTOR] 0
[INTERACTOR → SOLUTION] 8
[INTERACTOR → SOLUTION] 1 0 7 8 2
[SOLUTION → INTERACTOR] 2
[SOLUTION → INTERACTOR] CONVERT 2 1
[SOLUTION → INTERACTOR] BUILD_DC 35
[INTERACTOR → SOLUTION] 5
[INTERACTOR → SOLUTION] 0 0 2 7 2
[SOLUTION → INTERACTOR] 0
[INTERACTOR → SOLUTION] 10
[INTERACTOR → SOLUTION] 1 0 2 7 3
[SOLUTION → INTERACTOR] 1
[SOLUTION → INTERACTOR] UPGRADE_DC 43
[INTERACTOR → SOLUTION] 11
[INTERACTOR → SOLUTION] 1 2 2 5 0
[SOLUTION → INTERACTOR] 1
[SOLUTION → INTERACTOR] BUILD_CABLE 34 33
[INTERACTOR → SOLUTION] 5
[INTERACTOR → SOLUTION] 0 1 2 5 0
[SOLUTION → INTERACTOR] 0
[INTERACTOR → SOLUTION] 11
[INTERACTOR → SOLUTION] 0 3 2 5 0
[SOLUTION → INTERACTOR] 0
[INTERACTOR → SOLUTION] 4
[INTERACTOR → SOLUTION] 0 3 2 6 0
[SOLUTION → INTERACTOR] 0
[INTERACTOR → SOLUTION] 9
[INTERACTOR → SOLUTION] 0 3 5 6 0
[SOLUTION → INTERACTOR] 0
[INTERACTOR → SOLUTION] 2
[INTERACTOR → SOLUTION] 1 3 5 6 0
[SOLUTION → INTERACTOR] 1
[SOLUTION → INTERACTOR] BUILD_DC 33
[INTERACTOR → SOLUTION] 5
[INTERACTOR → SOLUTION] 0 2 4 5 0
[SOLUTION → INTERACTOR] 0
[INTERACTOR → SOLUTION] 10
[INTERACTOR → SOLUTION] 1 2 4 5 3
[SOLUTION → INTERACTOR] 2
[SOLUTION → INTERACTOR] UPGRADE_DC 10
[SOLUTION → INTERACTOR] BUILD_CABLE 43 51
[INTERACTOR → SOLUTION] 6
[INTERACTOR → SOLUTION] 0 1 4 3 0
[SOLUTION → INTERACTOR] 0
[INTERACTOR → SOLUTION] 5
[INTERACTOR → SOLUTION] 0 1 4 3 0
[SOLUTION → INTERACTOR] 0
[INTERACTOR → SOLUTION] 11
[INTERACTOR → SOLUTION] 0 3 4 3 0
[SOLUTION → INTERACTOR] 0
[INTERACTOR → SOLUTION] 6
[INTERACTOR → SOLUTION] 0 3 4 3 0
[SOLUTION → INTERACTOR] 0
[INTERACTOR → SOLUTION] 7
[INTERACTOR → SOLUTION] 0 3 4 3 0
[SOLUTION → INTERACTOR] 0
[INTERACTOR → SOLUTION] 2
[INTERACTOR → SOLUTION] 2 3 4 3 0
[SOLUTION → INTERACTOR] 2
[SOLUTION → INTERACTOR] BUILD_CABLE 51 52
[SOLUTION → INTERACTOR] BUILD_DC 52
[INTERACTOR → SOLUTION] 5
[INTERACTOR → SOLUTION] 0 1 3 2 0
[SOLUTION → INTERACTOR] 0
[INTERACTOR → SOLUTION] 4
[INTERACTOR → SOLUTION] 0 1 3 3 0
[SOLUTION → INTERACTOR] 0
[INTERACTOR → SOLUTION] 10
[INTERACTOR → SOLUTION] 2 1 3 3 3
[SOLUTION → INTERACTOR] 2
[SOLUTION → INTERACTOR] UPGRADE_DC 41
[SOLUTION → INTERACTOR] BUILD_CABLE 51 50
[INTERACTOR → SOLUTION] 8
[INTERACTOR → SOLUTION] 1 0 10 1 0
[SOLUTION → INTERACTOR] 3
[SOLUTION → INTERACTOR] CONVERT 2 1
[SOLUTION → INTERACTOR] BUILD_DC 50
[SOLUTION → INTERACTOR] CONVERT 2 0
[INTERACTOR → SOLUTION] 8
[INTERACTOR → SOLUTION] 1 0 11 0 0
[SOLUTION → INTERACTOR] 3
[SOLUTION → INTERACTOR] CONVERT 2 1
[SOLUTION → INTERACTOR] CONVERT 2 3
[SOLUTION → INTERACTOR] BUILD_CABLE 10 7
[INTERACTOR → SOLUTION] 6
[INTERACTOR → SOLUTION] 0 0 5 1 0
[SOLUTION → INTERACTOR] 0
[INTERACTOR → SOLUTION] 9
[INTERACTOR → SOLUTION] 0 0 10 1 0
[SOLUTION → INTERACTOR] 3
[SOLUTION → INTERACTOR] CONVERT 2 0
[SOLUTION → INTERACTOR] CONVERT 2 1
[SOLUTION → INTERACTOR] BUILD_CABLE 7 6
[INTERACTOR → SOLUTION] 9
[INTERACTOR → SOLUTION] 0 0 9 1 0
[SOLUTION → INTERACTOR] 3
[SOLUTION → INTERACTOR] CONVERT 2 0
[SOLUTION → INTERACTOR] CONVERT 2 1
[SOLUTION → INTERACTOR] BUILD_DC 6
[INTERACTOR → SOLUTION] 8
[INTERACTOR → SOLUTION] 0 0 10 0 0
[SOLUTION → INTERACTOR] 3
[SOLUTION → INTERACTOR] CONVERT 2 0
[SOLUTION → INTERACTOR] CONVERT 2 1
[SOLUTION → INTERACTOR] BUILD_CABLE 7 8
[INTERACTOR → SOLUTION] 10
[INTERACTOR → SOLUTION] 2 0 4 0 3
[SOLUTION → INTERACTOR] 0
[INTERACTOR → SOLUTION] 8
[INTERACTOR → SOLUTION] 2 0 12 0 3
[SOLUTION → INTERACTOR] 3
[SOLUTION → INTERACTOR] CONVERT 2 1
[SOLUTION → INTERACTOR] CONVERT 2 3
[SOLUTION → INTERACTOR] BUILD_DC 8
[INTERACTOR → SOLUTION] 2
[INTERACTOR → SOLUTION] 3 0 5 0 3
[SOLUTION → INTERACTOR] 0
[INTERACTOR → SOLUTION] 7
[INTERACTOR → SOLUTION] 3 0 5 0 3
[SOLUTION → INTERACTOR] 0
[INTERACTOR → SOLUTION] 9
[INTERACTOR → SOLUTION] 3 0 10 0 3
[SOLUTION → INTERACTOR] 3
[SOLUTION → INTERACTOR] CONVERT 2 1
[SOLUTION → INTERACTOR] CONVERT 2 3
[SOLUTION → INTERACTOR] BUILD_CABLE 6 1
[INTERACTOR → SOLUTION] 6
[INTERACTOR → SOLUTION] 2 0 4 1 3
[SOLUTION → INTERACTOR] 0
[INTERACTOR → SOLUTION] 8
[INTERACTOR → SOLUTION] 2 0 12 1 3
[SOLUTION → INTERACTOR] 4
[SOLUTION → INTERACTOR] CONVERT 2 1
[SOLUTION → INTERACTOR] BUILD_CABLE 1 0
[SOLUTION → INTERACTOR] CONVERT 2 1
[SOLUTION → INTERACTOR] BUILD_DC 0
[INTERACTOR → SOLUTION] 6
[INTERACTOR → SOLUTION] 0 0 6 0 3
[SOLUTION → INTERACTOR] 1
[SOLUTION → INTERACTOR] CONVERT 2 0
[INTERACTOR → SOLUTION] 9
[INTERACTOR → SOLUTION] 1 0 8 0 3
[SOLUTION → INTERACTOR] 1
[SOLUTION → INTERACTOR] CONVERT 2 1
[INTERACTOR → SOLUTION] 3
[INTERACTOR → SOLUTION] 1 2 5 0 6
[SOLUTION → INTERACTOR] 1
[SOLUTION → INTERACTOR] CONVERT 4 3
[INTERACTOR → SOLUTION] 10
[INTERACTOR → SOLUTION] 4 2 5 1 7
[SOLUTION → INTERACTOR] 0
[INTERACTOR → SOLUTION] 5
[INTERACTOR → SOLUTION] 4 2 7 1 7
[SOLUTION → INTERACTOR] 0
[INTERACTOR → SOLUTION] 8
[INTERACTOR → SOLUTION] 4 2 15 1 7
[SOLUTION → INTERACTOR] 3
[SOLUTION → INTERACTOR] CONVERT 2 3
[SOLUTION → INTERACTOR] UPGRADE_DC 0
[SOLUTION → INTERACTOR] CONVERT 2 3
[INTERACTOR → SOLUTION] 5
[INTERACTOR → SOLUTION] 4 2 12 1 4
[SOLUTION → INTERACTOR] 0
[INTERACTOR → SOLUTION] 2
[INTERACTOR → SOLUTION] 6 2 12 1 4
[SOLUTION → INTERACTOR] 0
[INTERACTOR → SOLUTION] 4
[INTERACTOR → SOLUTION] 6 2 12 3 6
[SOLUTION → INTERACTOR] 1
[SOLUTION → INTERACTOR] UPGRADE_DC 6
[INTERACTOR → SOLUTION] 3
[INTERACTOR → SOLUTION] 6 4 12 1 7
[SOLUTION → INTERACTOR] 0
[INTERACTOR → SOLUTION] SCORE: 176
